temperature,humidity,hive_weight,weight_change,honey_yield,rainfall,flowering_index,previous_yield,is_anomaly
25.64,64.4,35.97,-0.46,18.42,41.63,0.204,16.26,0
26.63,58.07,43.09,-0.176,25.69,96.8,0.714,20.87,0
21.69,79.98,33.02,0.365,19.81,39.88,0.431,26.62,0
31.51,67.83,35.2,-0.311,16.36,0.75,0.525,11.7,0
21.05,68.42,31.43,-0.148,18.86,136.6,0.51,14.35,0
25.65,26.66,23.15,-0.003,13.89,135.99,0.75,14.84,0
29.34,50.7,36.31,-0.164,21.78,20.28,0.781,24.8,0
19.99,59.64,31.81,-0.536,9.7,39.44,0.154,7.54,0
26.72,72.8,39.27,0.531,19.85,3.9,0.495,17.22,0
36.55,28.39,44.08,0.54,22.87,1.34,0.413,22.46,0
18.49,61.0,45.82,0.522,25.72,71.6,0.505,20.53,0
21.94,46.45,46.13,1.184,23.33,37.82,0.276,14.44,0
24.53,62.67,35.25,-0.253,14.69,78.08,0.609,17.06,0
16.39,47.31,25.79,0.474,15.47,44.66,0.443,35.74,0
24.46,59.92,36.22,0.203,21.73,57.15,0.627,22.59,0
28.21,46.21,24.68,0.081,11.56,113.77,0.061,15.88,0
18.3,30.83,25.65,0.507,15.39,90.82,0.704,11.2,0
16.91,31.77,31.95,-0.264,17.45,87.94,0.508,17.69,0
35.32,72.79,34.81,-0.164,20.87,102.68,0.751,12.7,0
17.73,58.59,35.16,-0.373,21.1,29.05,0.802,24.84,0
17.13,62.62,20.85,0.112,12.51,70.03,0.854,23.06,0
22.26,50.99,31.85,0.387,19.11,28.88,0.305,23.3,0
27.5,42.8,25.19,0.112,15.11,18.17,0.719,28.63,0
12.22,71.84,55.85,-0.461,25.81,37.46,0.545,18.88,0
25.91,51.15,47.29,0.237,25.67,1.86,0.437,17.0,0
21.69,47.88,46.37,0.012,56.15,49.8,0.32,23.38,1
18.86,38.38,36.11,-0.841,21.67,11.85,0.862,17.57,0
26.26,49.55,35.17,0.31,12.38,3.25,0.213,13.05,0
31.4,44.39,44.22,0.012,23.95,90.47,0.575,19.23,0
24.78,76.31,42.72,0.284,21.21,2.09,0.716,10.68,0
28.36,52.73,25.7,0.953,15.42,46.48,0.332,23.47,0
25.86,41.31,41.11,-0.236,23.04,87.36,0.53,18.17,0
27.12,40.4,28.87,-0.154,14.97,8.27,0.665,3.48,0
29.05,1.0,20.42,0.379,16.98,25.47,0.376,20.3,1
23.04,23.09,37.45,0.438,22.47,53.66,0.798,23.07,0
17.99,45.49,18.78,0.026,11.27,14.15,0.276,17.6,0
24.66,45.14,47.74,0.424,25.69,33.45,0.345,20.02,0
21.09,35.24,54.94,-0.557,27.07,13.72,0.397,26.02,0
30.88,53.34,38.74,-0.05,23.25,84.67,0.584,21.21,0
27.6,47.28,34.96,-0.181,20.42,11.66,0.765,15.41,0
27.04,65.72,38.61,0.97,20.97,20.78,0.777,21.23,0
18.82,66.37,23.76,0.083,14.26,36.62,0.86,23.22,0
36.99,70.88,28.03,0.289,16.1,106.96,0.211,26.51,0
28.09,45.43,47.01,0.309,20.71,30.67,0.928,13.02,0
26.37,46.58,34.69,0.041,17.03,9.09,0.079,30.54,0
27.81,40.54,35.12,0.272,19.92,9.44,0.182,14.71,0
29.09,66.75,42.08,0.249,21.27,1.55,0.401,23.79,0
15.65,61.13,38.16,-0.792,22.89,16.99,0.694,21.93,0
29.91,25.36,26.46,0.12,14.43,3.83,0.156,19.12,0
24.9,47.58,29.71,0.164,14.36,56.55,0.21,11.15,0
25.57,60.69,34.29,-0.53,17.61,7.31,0.306,14.81,0
25.02,39.55,33.58,0.248,20.15,2.17,0.821,17.35,0
32.32,43.24,43.48,-0.0,20.53,57.3,0.5,17.71,0
28.34,34.96,33.14,0.394,19.89,23.85,0.936,33.86,0
21.92,48.8,39.9,-0.427,15.44,12.76,0.449,11.52,0
22.07,57.36,33.16,0.84,30.14,51.36,0.251,17.61,1
27.1,38.11,40.5,0.716,22.39,18.21,0.678,15.42,0
29.79,25.33,36.03,0.189,21.62,61.11,0.393,27.87,0
26.57,52.31,41.48,0.046,21.84,35.58,0.24,23.62,0
31.55,62.4,33.83,0.179,20.3,67.51,0.793,20.85,0
23.82,58.37,38.93,0.865,14.4,22.77,0.139,12.78,0
27.68,57.35,25.08,0.418,15.05,14.47,0.454,21.64,0
19.26,73.27,20.99,0.063,12.6,41.35,0.527,21.75,0
35.79,52.09,41.81,0.043,22.74,11.2,0.589,14.99,0
23.69,48.64,25.14,-0.155,11.72,6.56,0.397,16.5,0
28.64,48.77,30.69,0.41,14.35,15.47,0.496,14.31,0
32.55,45.89,26.47,0.268,15.88,96.09,0.764,29.18,0
41.35,57.88,35.27,0.063,21.16,77.41,0.712,28.1,0
19.91,58.4,50.74,-0.192,27.55,3.07,0.903,16.92,0
29.26,37.07,34.74,-0.058,20.85,9.9,0.682,17.87,0
26.76,60.55,35.35,0.799,21.21,33.19,0.468,26.75,0
20.31,58.88,31.51,0.381,18.91,10.67,0.398,26.68,0
28.32,56.7,28.71,0.03,17.22,52.18,0.714,12.69,0
30.49,40.38,30.96,0.187,15.23,90.51,0.435,16.53,0
23.94,62.0,31.72,0.375,19.03,161.93,0.246,27.91,0
24.14,59.7,41.47,-0.155,21.63,3.3,0.583,14.79,0
16.89,51.99,46.29,-0.043,27.77,16.14,0.786,22.96,0
37.78,40.3,39.91,0.433,21.18,53.96,0.547,7.73,0
21.95,51.14,29.76,-0.479,17.86,22.29,0.532,17.02,0
37.96,58.84,34.99,-0.517,13.6,30.54,0.121,14.09,0
22.71,69.27,41.36,0.586,21.84,8.8,0.241,18.05,0
30.25,51.53,45.09,1.09,22.51,8.61,0.408,12.45,0
19.51,42.83,26.79,0.162,16.07,17.61,0.786,19.4,0
25.21,64.78,42.88,-0.16,25.59,40.26,0.38,22.29,0
25.13,93.24,26.09,-0.414,15.66,41.72,0.236,13.17,0
27.56,40.72,40.77,0.136,14.07,42.68,0.401,18.07,0
28.9,66.1,31.16,0.228,18.7,50.23,0.894,17.89,0
35.18,59.18,24.09,0.168,14.45,18.66,0.494,11.18,0
34.72,58.27,47.23,-0.417,24.24,58.13,0.483,19.92,0
28.28,0.0,26.56,-0.046,17.18,32.38,0.631,10.57,1
29.57,64.12,38.19,0.183,15.17,32.63,0.363,12.48,0
26.46,43.34,36.86,-0.131,14.88,60.42,0.159,19.4,0
32.11,72.87,27.89,0.266,15.58,109.57,0.476,10.96,0
33.42,39.4,41.61,0.593,23.19,19.39,0.231,17.69,0
35.84,56.02,30.15,0.19,18.09,31.29,0.246,19.33,0
35.31,41.83,41.58,0.005,24.95,5.9,0.476,28.2,0
28.78,61.76,44.15,-0.03,24.6,20.32,0.765,13.63,0
31.87,63.05,34.81,-0.3,19.64,19.41,0.213,15.04,0
27.66,26.95,45.17,0.095,20.9,9.79,0.657,26.71,0
32.52,51.68,39.32,0.378,20.0,16.51,0.546,11.17,0
38.54,36.48,32.17,-0.133,19.3,1.0,0.568,21.32,0
21.68,100.0,37.93,0.071,22.76,24.07,0.489,22.25,0
30.28,78.92,45.14,-0.375,21.44,61.69,0.355,11.59,0
35.75,35.0,46.49,-0.099,23.21,36.19,0.568,15.6,0
17.78,44.53,41.83,0.579,12.88,85.58,0.126,16.11,0
35.29,59.22,33.45,0.373,20.07,20.1,0.362,26.14,0
26.54,51.28,40.14,0.536,24.08,21.01,0.618,20.56,0
20.62,62.83,31.6,0.001,18.96,23.43,0.849,18.91,0
24.03,52.14,36.12,0.224,20.19,29.51,0.69,20.71,0
34.47,40.64,38.3,0.044,17.2,30.04,0.706,9.32,0
38.55,47.5,25.73,0.375,32.59,50.1,0.085,18.84,1
22.45,56.18,31.8,0.077,18.7,112.02,0.475,22.86,0
30.79,48.62,37.45,0.194,33.01,285.89,0.83,13.6,1
32.73,54.85,28.52,0.35,17.11,130.06,0.688,25.81,0
29.23,79.43,33.8,-0.444,20.28,54.05,0.66,18.43,0
30.04,59.3,40.14,0.078,24.03,8.03,0.693,16.14,0
28.98,46.78,34.8,-0.382,19.37,3.05,0.472,14.81,0
33.83,37.68,38.83,0.339,23.3,20.86,0.558,23.09,0
19.45,69.37,50.3,-0.173,24.19,43.75,0.769,14.74,0
23.65,49.0,35.72,0.184,21.43,45.99,0.506,21.81,0
27.09,44.23,22.72,0.73,32.45,15.59,0.631,15.28,1
19.61,50.54,34.72,0.279,20.83,27.25,0.562,31.09,0
41.79,43.14,26.97,0.525,16.18,0.7,0.67,17.99,0
26.26,48.2,42.59,0.251,20.5,2.12,0.391,22.52,0
26.75,43.93,42.57,-0.044,24.82,57.33,0.597,18.8,0
20.99,89.16,57.59,0.406,18.62,9.71,0.406,5.51,0
30.53,56.14,30.22,0.224,18.13,7.9,0.775,18.54,0
33.13,20.26,20.66,0.961,12.39,3.44,0.747,13.58,0
21.78,66.02,41.47,-0.465,23.68,12.67,0.592,27.32,0
28.26,36.57,46.64,0.786,16.9,32.55,0.27,18.07,0
18.04,61.24,44.09,-0.051,15.69,14.96,0.229,17.71,0
34.83,34.4,40.86,0.169,19.54,0.97,0.673,8.62,0
24.39,65.78,25.58,-0.228,14.67,27.94,0.24,26.73,0
32.46,30.75,12.81,0.462,7.69,66.03,0.759,19.62,0
25.61,53.71,38.52,0.568,22.96,14.69,0.698,17.98,0
35.77,50.05,43.72,-0.121,26.23,53.68,0.854,24.39,0
20.7,72.39,22.43,0.11,13.46,29.75,0.796,17.35,0
26.45,76.63,25.55,-0.077,15.33,19.78,0.927,1.97,0
23.83,32.51,18.01,-0.03,10.8,0.9,0.767,24.23,0
28.95,63.34,23.46,0.138,14.08,35.41,0.159,18.8,0
38.34,64.13,33.03,-0.321,15.38,37.59,0.036,12.05,0
21.59,48.18,34.53,-0.286,15.28,15.02,0.191,10.58,0
36.05,40.07,27.39,0.394,16.44,120.1,0.712,22.51,0
28.88,60.5,24.22,-0.033,14.53,19.56,0.525,30.26,0
33.93,56.51,39.81,0.237,17.86,26.25,0.248,15.68,0
25.62,60.08,50.14,0.456,18.9,2.97,0.327,9.91,0
35.48,56.15,31.33,0.052,18.5,6.06,0.281,28.67,0
26.96,51.63,30.05,0.827,15.24,46.53,0.562,15.44,0
21.39,44.69,33.02,0.165,19.81,16.51,0.585,22.58,0
34.65,47.75,42.81,0.302,14.53,23.18,0.163,16.61,0
25.23,53.76,39.88,-0.846,18.03,94.57,0.463,14.57,0
-15.0,48.54,42.25,0.309,25.15,12.92,0.574,22.11,1
16.5,72.73,29.78,0.22,17.87,18.41,0.778,17.76,0
21.13,23.43,41.88,0.168,25.13,1.24,0.568,25.56,0
25.89,40.72,37.73,-0.02,22.64,7.69,0.839,5.44,0
22.63,58.16,17.78,0.134,10.67,17.93,0.609,11.29,0
24.66,55.88,23.17,-0.478,13.9,41.85,0.226,21.63,0
10.82,71.87,36.5,-0.559,21.24,29.82,0.694,13.93,0
24.92,46.3,26.06,-0.841,15.63,25.54,0.464,19.19,0
29.74,55.57,47.72,-0.302,24.44,10.22,0.604,16.04,0
30.04,39.92,32.0,0.424,19.2,32.78,0.379,14.54,0
30.86,63.89,25.97,0.221,15.58,29.55,0.929,26.11,0
23.15,70.63,30.19,-0.056,18.11,139.38,0.438,11.54,0
23.53,17.02,17.36,0.013,10.41,21.44,0.218,15.69,0
22.08,79.53,26.49,0.905,15.9,4.61,0.684,15.16,0
33.18,55.68,36.89,0.412,7.92,6.49,0.085,0.0,0
32.02,65.03,34.36,0.441,20.35,5.41,0.436,22.67,0
28.74,50.1,28.4,0.107,17.04,40.06,0.199,23.46,0
23.21,31.27,36.91,0.808,22.14,57.03,0.569,13.1,0
25.6,58.19,33.53,0.093,20.12,28.66,0.397,28.51,0
22.87,75.92,22.59,0.211,26.75,269.32,0.732,22.83,1
32.27,33.24,16.08,0.398,9.65,8.79,0.898,10.91,0
21.09,51.26,41.51,-0.118,18.81,156.48,0.205,15.14,0
26.73,56.67,24.84,-0.231,14.91,8.39,0.698,16.12,0
23.21,51.79,27.91,-0.139,16.75,9.72,0.303,20.68,0
21.84,59.19,45.71,-0.193,27.43,29.39,0.577,28.9,0
16.61,80.56,38.56,0.327,22.14,1.96,0.461,18.06,0
30.03,75.84,35.01,-0.237,21.01,30.37,0.533,22.05,0
26.28,46.54,42.75,-0.012,24.9,46.64,0.251,26.85,0
31.85,50.84,41.21,-0.792,16.01,6.59,0.283,15.76,0
27.28,39.78,22.74,0.21,13.64,23.27,0.301,19.83,0
16.61,55.2,27.57,0.751,16.54,40.21,0.299,31.27,0
24.75,47.76,32.51,0.382,19.51,59.36,0.772,19.81,0
60.0,14.91,32.39,0.641,18.91,13.2,0.2,22.04,1
29.52,68.67,30.22,0.013,8.06,28.86,0.077,8.53,0
24.41,47.35,28.46,0.315,12.21,16.03,0.067,13.88,0
27.28,46.2,23.81,0.202,14.28,8.21,0.273,8.73,0
24.9,98.77,46.98,-0.376,22.04,1.74,0.639,11.47,0
24.34,60.46,45.48,-0.554,27.19,4.43,0.453,23.54,0
23.15,84.18,35.62,-0.108,21.37,13.26,0.839,19.71,0
18.32,64.06,33.97,0.285,20.38,1.96,0.783,23.51,0
23.1,54.04,39.92,0.61,23.95,24.93,0.726,32.43,0
24.82,74.81,26.76,-0.301,16.06,75.01,0.847,19.15,0
44.47,38.62,47.73,0.268,27.44,84.0,0.664,23.49,0
26.72,58.65,33.21,0.451,17.56,60.23,0.315,16.46,0
29.72,56.66,31.16,-0.014,18.7,60.63,0.654,11.32,0
26.59,43.97,41.94,-0.536,22.53,55.34,0.292,15.98,0
24.12,53.98,38.6,0.179,17.59,19.2,0.494,11.76,0
28.95,50.27,32.05,0.431,19.23,26.79,0.644,18.92,0
33.6,35.6,34.01,-0.197,20.41,88.67,0.628,35.2,0
29.8,31.94,38.46,-0.42,23.08,21.69,0.813,21.08,0
33.13,65.28,46.94,0.178,22.61,3.43,0.105,21.12,0
32.81,50.01,34.31,-0.368,17.31,14.41,0.226,11.52,0
29.67,69.29,24.97,0.202,12.43,8.33,0.307,14.8,0
25.69,66.09,26.53,0.204,15.13,12.04,0.317,16.58,0
26.72,66.97,29.31,-0.137,17.59,51.19,0.735,23.21,0
35.97,48.2,32.54,0.395,19.52,28.93,0.817,19.44,0
27.38,50.05,39.33,0.659,22.47,3.17,0.658,18.52,0
19.95,58.12,42.75,0.442,20.68,59.82,0.631,20.07,0
34.9,65.64,35.68,0.092,21.41,50.57,0.24,24.48,0
19.17,44.08,31.4,0.067,18.31,76.02,0.645,12.28,0
32.64,38.95,43.42,0.166,26.05,205.06,0.86,14.48,0
20.48,32.04,32.26,0.598,19.36,2.5,0.792,20.79,0
24.42,23.71,37.27,-0.218,20.33,264.24,0.408,16.52,0
26.17,66.74,34.47,0.394,13.24,101.18,0.184,8.09,0
24.68,68.04,25.14,-0.381,15.08,24.0,0.409,16.22,0
25.92,45.9,43.18,-0.498,14.9,27.32,0.09,15.86,0
27.99,64.98,33.34,0.417,20.01,0.31,0.507,21.43,0
15.18,65.55,29.66,0.428,17.8,1.46,0.404,24.34,0
23.29,34.88,39.34,0.79,23.6,26.28,0.451,18.0,0
29.18,52.59,22.0,-0.341,11.62,4.75,0.326,2.79,0
29.1,25.76,35.63,0.324,21.38,29.83,0.514,25.51,0
29.66,66.16,32.34,0.499,19.4,38.35,0.456,18.85,0
31.48,57.86,23.4,-0.439,32.93,60.74,0.582,37.11,1
28.74,66.39,45.51,0.425,20.7,45.61,0.203,15.11,0
19.79,60.42,27.66,0.542,16.59,8.98,0.381,22.83,0
18.61,91.18,30.27,0.209,9.17,87.83,0.185,7.44,0
21.89,40.1,39.87,-0.349,15.52,124.63,0.327,18.15,0
28.62,72.88,44.58,-0.188,26.75,8.24,0.64,14.66,0
22.82,30.41,21.02,0.354,12.61,30.4,0.169,20.87,0
27.09,32.74,35.27,0.415,21.16,6.72,0.065,23.81,0
27.4,46.35,39.93,0.53,17.87,27.91,0.27,9.31,0
34.79,69.46,54.68,-0.257,27.28,10.15,0.821,12.16,0
16.88,44.06,39.25,0.31,23.55,81.26,0.797,19.55,0
37.26,85.79,42.83,-0.035,21.25,16.79,0.182,19.33,0
24.96,49.1,26.99,0.191,16.19,29.98,0.269,19.9,0
14.78,35.61,42.74,0.117,22.12,3.51,0.337,17.04,0
25.88,54.91,38.69,0.567,19.73,5.62,0.33,22.77,0
24.7,56.54,33.61,0.125,13.31,76.9,0.3,9.57,0
28.83,75.28,43.9,-0.021,24.03,20.01,0.673,21.68,0
21.28,71.26,37.1,0.455,20.31,7.11,0.529,13.53,0
31.34,63.86,36.15,0.684,21.69,26.07,0.436,27.86,0
30.84,69.91,47.34,-0.285,20.24,82.41,0.281,19.11,0
24.74,47.67,34.75,-0.051,20.54,12.07,0.729,18.1,0
33.84,64.03,25.43,0.231,11.85,29.04,0.24,16.06,0
25.47,60.07,40.47,-0.575,16.6,24.49,0.377,8.72,0
21.48,44.82,24.22,-0.15,14.53,11.23,0.423,12.56,0
22.12,34.51,38.33,0.163,18.78,300.0,0.181,20.87,0
22.81,42.58,36.96,-0.182,15.17,0.43,0.612,9.55,0
20.63,44.36,17.27,0.103,10.36,29.88,0.869,16.34,0
28.29,55.9,40.48,0.123,24.29,6.7,0.322,20.02,0
27.93,58.65,38.19,0.424,22.91,19.9,0.541,18.33,0
30.96,49.17,27.16,-0.001,16.3,166.04,0.828,15.63,0
30.4,48.82,33.4,0.063,20.04,63.32,0.688,18.15,0
28.32,40.41,36.87,0.663,21.98,10.06,0.577,18.38,0
22.47,49.0,35.65,0.197,21.39,52.83,0.387,24.99,0
29.87,42.94,40.3,-0.415,15.46,77.94,0.355,13.18,0
24.19,43.76,37.45,-0.086,17.9,141.6,0.385,8.63,0
19.57,34.98,32.44,0.284,19.46,31.32,0.534,26.04,0
22.3,35.89,28.16,-0.133,15.42,69.19,0.217,12.76,0
31.48,53.27,34.34,0.375,19.81,4.64,0.164,26.08,0
24.57,47.68,36.67,0.676,17.93,35.13,0.577,12.39,0
34.72,61.74,38.05,0.513,22.83,62.24,0.69,22.18,0
35.0,37.31,41.59,-0.195,24.96,63.99,0.685,22.63,0
23.33,49.18,32.23,-0.056,16.51,19.36,0.486,13.94,0
16.41,62.49,36.33,0.539,17.89,38.12,0.474,15.38,0
20.44,45.7,20.21,0.842,12.13,138.75,0.717,14.73,0
18.6,64.4,38.06,0.099,12.22,24.33,0.344,6.93,0
21.38,86.27,38.34,0.242,19.85,27.12,0.744,12.86,0
32.72,67.52,42.01,-0.122,25.21,4.38,0.873,17.69,0
25.09,41.88,31.13,0.659,12.37,6.88,0.193,17.31,0
33.04,33.9,38.94,0.324,21.79,14.27,0.314,19.03,0
22.97,31.26,31.76,0.148,19.06,8.59,0.509,19.53,0
18.73,70.4,15.1,0.271,9.06,49.06,0.557,18.35,0
25.16,63.56,48.38,0.757,21.19,20.2,0.399,10.75,0
29.68,53.61,27.72,0.393,16.63,42.78,0.762,18.63,0
20.0,64.84,34.07,0.275,29.92,268.87,0.443,15.01,1
19.14,56.3,39.46,-0.49,21.58,46.32,0.666,17.5,0
29.9,58.86,28.17,-0.023,16.9,37.81,0.76,13.91,0
32.95,35.69,32.32,-0.317,19.39,85.23,0.777,19.27,0
24.78,71.08,29.1,0.23,17.46,31.77,0.248,21.18,0
34.64,28.1,27.61,-0.389,16.56,17.78,0.716,14.66,0
12.19,41.44,36.06,0.793,18.53,50.3,0.18,20.51,0
27.0,68.08,35.66,0.218,21.03,149.58,0.498,15.3,0
22.57,52.75,25.96,-0.101,15.58,38.08,0.354,20.57,0
25.36,46.98,37.45,-0.246,16.08,16.93,0.48,9.1,0
22.39,21.43,33.84,0.22,19.08,20.05,0.62,19.17,0
36.06,35.16,30.39,0.708,34.54,91.07,0.033,26.14,1
31.83,65.82,36.68,0.681,22.01,28.25,0.778,25.25,0
25.7,29.69,36.01,0.165,21.6,42.09,0.889,13.43,0
19.22,68.48,28.08,-0.046,16.85,14.99,0.643,16.53,0
28.05,13.91,36.56,-0.396,15.6,30.83,0.17,9.28,0
26.82,65.48,44.53,0.882,26.72,0.39,0.815,21.21,0
27.06,72.6,43.6,-0.327,23.65,12.47,0.563,15.58,0
37.75,10.0,38.16,0.307,22.9,60.32,0.88,18.89,0
24.32,21.98,51.62,-0.085,29.87,17.54,0.793,29.57,0
28.76,60.55,23.74,0.065,14.25,37.49,0.418,19.64,0
27.14,57.01,27.24,0.551,16.02,10.0,0.441,25.19,0
18.53,35.04,47.93,-1.029,19.0,25.31,0.474,18.38,0
26.03,64.58,25.93,-0.225,15.56,23.0,0.305,24.76,0
30.31,68.15,35.28,0.481,13.56,18.09,0.542,11.46,0
13.08,54.53,28.96,0.329,17.38,1.06,0.632,18.7,0
35.39,54.04,28.31,0.626,14.0,30.49,0.305,14.51,0
29.08,44.71,32.94,-0.237,16.5,26.9,0.452,12.23,0
35.38,66.63,34.67,-0.275,20.8,24.45,0.66,21.05,0
28.83,53.79,34.94,0.168,17.96,85.76,0.144,18.71,0
35.64,57.79,30.11,-0.56,18.07,105.32,0.669,21.3,0
24.37,68.14,54.62,0.675,29.17,79.57,0.715,20.74,0
26.4,58.93,41.99,0.328,23.51,56.68,0.151,17.32,0
19.96,39.97,32.46,0.335,19.47,44.59,0.783,13.87,0
26.45,38.44,39.02,0.542,23.41,23.68,0.866,22.58,0
38.08,46.15,23.32,0.959,13.99,7.35,0.233,19.54,0
37.09,72.71,57.24,0.816,21.99,58.91,0.192,17.11,0
26.09,54.74,17.25,0.573,10.35,15.08,0.514,15.36,0
25.11,57.97,40.81,0.777,24.49,62.81,0.851,28.56,0
32.84,51.43,29.86,-0.619,14.96,17.76,0.188,14.65,0
34.65,53.87,42.43,0.662,20.76,42.5,0.67,16.33,0
-15.0,27.06,26.06,-0.247,13.26,64.5,0.196,11.96,1
24.73,42.16,15.97,-0.398,9.58,19.5,0.372,6.56,0
37.24,67.69,38.8,-0.114,15.28,1.9,0.33,9.24,0
25.41,51.1,29.13,-0.4,17.48,4.64,0.56,19.82,0
33.63,39.23,35.58,0.158,19.62,27.19,0.074,18.33,0
30.02,43.9,24.28,0.935,14.57,47.97,0.675,18.96,0
23.05,69.52,36.33,0.043,19.46,26.97,0.394,23.53,0
32.84,53.96,50.55,-0.125,30.33,133.62,0.684,16.91,0
28.54,46.33,21.1,-0.283,12.43,45.52,0.497,12.86,0
31.11,57.15,52.85,-0.134,28.49,11.57,0.28,27.37,0
26.13,32.92,42.7,-0.441,25.62,8.98,0.669,16.89,0
34.73,56.87,31.06,0.105,18.63,17.39,0.936,10.34,0
36.43,46.39,44.67,-0.362,24.94,31.87,0.929,14.89,0
32.9,65.39,25.34,0.098,13.18,64.22,0.158,13.48,0
25.62,63.52,33.62,0.264,20.17,12.59,0.868,17.29,0
27.68,69.37,28.42,0.222,17.05,2.34,0.602,11.54,0
40.42,59.67,19.28,0.105,11.57,16.7,0.473,11.58,0
38.53,87.76,16.2,0.227,9.72,9.32,0.402,19.7,0
20.98,43.82,44.43,-0.171,23.68,37.69,0.608,10.84,0
24.24,58.28,31.68,-0.19,19.01,35.17,0.659,18.47,0
29.48,46.93,39.78,0.537,22.0,35.59,0.609,19.45,0
31.03,47.45,29.14,0.221,17.48,31.13,0.538,19.4,0
35.01,76.37,33.81,-0.264,19.79,27.75,0.596,17.69,0
19.21,46.64,40.88,0.775,24.53,4.93,0.728,19.37,0
22.96,45.74,32.15,-0.28,18.77,47.16,0.296,12.75,0
19.76,45.83,33.99,0.672,16.39,1.29,0.264,17.46,0
25.74,42.24,41.44,-0.38,22.48,6.19,0.786,10.19,0
23.4,56.89,24.24,0.329,14.54,0.82,0.669,23.72,0
29.89,70.54,37.88,0.741,22.73,2.46,0.626,21.08,0
32.14,64.58,33.65,0.422,20.19,192.08,0.763,25.54,0
32.23,65.43,25.47,-0.022,15.28,3.2,0.768,20.92,0
21.18,49.23,40.19,0.107,20.23,90.32,0.26,17.39,0
19.25,55.69,24.88,0.094,14.93,2.84,0.589,19.37,0
21.97,50.17,15.92,0.76,9.55,36.29,0.366,24.32,0
17.71,58.15,28.73,0.519,17.24,9.03,0.328,30.11,0
27.55,72.03,56.62,0.177,28.68,68.4,0.235,23.74,0
27.1,39.78,23.55,0.323,14.13,4.95,0.634,9.89,0
26.87,56.13,51.42,-0.942,27.33,8.35,0.655,23.91,0
27.94,53.55,33.82,0.168,20.29,112.77,0.552,22.08,0
22.45,59.1,30.6,0.588,18.36,21.69,0.303,29.88,0
25.7,63.0,37.24,0.102,22.34,10.3,0.385,19.62,0
16.17,76.15,44.94,-0.19,25.33,297.82,0.206,10.64,1
15.19,38.65,38.19,0.298,19.48,33.35,0.145,9.33,0
36.22,55.3,26.56,-0.523,15.93,13.27,0.208,21.79,0
22.79,59.36,44.32,0.136,20.18,90.94,0.303,16.98,0
18.59,39.31,34.77,0.276,20.86,42.51,0.474,28.93,0
30.33,77.46,51.46,0.129,28.9,14.19,0.408,23.67,0
21.33,39.01,31.27,0.027,18.76,2.4,0.408,21.62,0
16.03,61.87,45.57,0.158,26.25,55.82,0.538,18.8,0
31.38,47.93,31.28,-0.347,18.77,95.61,0.926,14.72,0
17.09,47.56,30.56,-0.161,14.09,3.03,0.218,8.51,0
19.45,65.84,44.41,0.492,16.68,0.38,0.262,13.54,0
31.56,74.39,44.33,-0.606,26.6,132.62,0.536,24.03,0
24.38,22.71,49.95,0.111,24.98,60.71,0.456,14.81,0
33.21,46.75,30.2,0.156,15.3,17.55,0.426,9.07,0
27.14,61.33,44.9,0.585,21.32,50.85,0.527,14.49,0
22.33,44.99,17.04,0.205,10.22,23.14,0.805,8.96,0
28.17,44.22,50.11,-0.166,20.53,11.88,0.207,21.31,0
27.92,24.74,37.01,-0.061,22.2,105.12,0.79,24.55,0
39.26,50.42,26.4,0.297,15.84,77.2,0.9,22.69,0
21.7,59.15,24.67,0.504,14.8,34.01,0.414,27.72,0
20.96,48.76,39.56,-0.419,23.74,15.96,0.598,22.78,0
34.25,47.54,30.88,-0.192,18.53,72.55,0.684,29.06,0
32.76,45.59,26.7,-0.04,16.02,4.68,0.518,17.12,0
16.35,39.52,30.26,-0.024,15.4,56.18,0.455,12.7,0
26.88,57.68,30.14,-0.071,18.08,15.56,0.377,13.2,0
32.48,59.0,54.99,0.075,22.99,3.33,0.156,23.72,0
24.79,59.7,28.3,-0.576,16.23,44.81,0.636,2.9,0
36.04,42.73,25.74,-0.118,15.44,11.72,0.089,26.22,0
24.99,57.94,57.34,-0.407,26.65,116.28,0.055,27.67,0
30.48,85.63,36.5,0.171,16.38,69.94,0.422,16.54,0
31.22,53.09,42.67,0.548,20.29,65.91,0.07,14.3,0
20.07,78.98,32.59,-0.035,11.24,26.93,0.363,13.67,0
34.41,51.83,28.32,0.668,13.98,22.87,0.089,13.43,0
27.43,57.37,47.02,0.041,19.24,69.18,0.571,10.26,0
39.75,33.92,49.77,0.421,23.4,112.0,0.027,19.01,0
34.87,65.2,44.24,-0.426,16.7,33.92,0.028,17.13,0
25.55,70.6,44.55,0.241,18.98,28.12,0.597,12.71,0
32.99,42.34,34.46,-0.939,20.68,5.47,0.886,20.57,0
27.96,61.39,34.26,0.423,17.95,6.03,0.4,13.1,0
28.03,61.54,31.91,-0.246,19.15,81.26,0.815,21.68,0
19.58,50.12,49.39,-0.334,23.89,13.44,0.621,9.82,0
18.46,62.54,35.48,7.0,23.63,5.68,0.641,20.87,1
25.8,45.67,36.27,0.498,21.76,20.33,0.88,28.58,0
55.0,34.83,32.59,-0.226,13.59,24.52,0.063,12.03,1
22.83,21.72,28.33,-0.299,12.59,56.67,0.565,7.63,0
29.31,36.41,48.01,0.407,28.81,234.6,0.723,23.91,0
30.19,54.7,33.05,0.523,19.83,39.84,0.517,18.68,0
21.04,60.23,42.73,-0.119,25.64,66.4,0.659,20.54,0
30.75,26.32,35.27,0.598,21.16,58.43,0.86,15.77,0
29.32,52.87,30.26,0.821,18.16,40.46,0.588,17.09,0
20.63,88.19,46.4,0.274,19.14,47.03,0.123,10.82,0
17.46,87.78,44.37,0.753,19.99,35.41,0.479,18.57,0
23.44,56.61,37.84,-0.262,21.42,31.25,0.725,14.43,0
30.88,44.58,43.75,-0.513,26.25,8.27,0.731,24.75,0
11.45,39.12,38.09,-0.119,18.4,102.14,0.597,15.75,0
22.09,38.24,16.49,-0.316,9.89,89.97,0.692,15.95,0
20.82,23.07,36.03,0.104,17.09,34.7,0.114,16.77,0
22.32,90.24,22.43,0.094,13.46,2.84,0.774,25.3,0
27.8,37.31,18.16,0.2,10.9,16.73,0.145,16.55,0
25.84,45.87,46.54,-0.41,25.33,72.08,0.932,12.66,0
21.59,56.54,34.34,0.216,20.6,5.18,0.883,19.01,0
30.27,51.43,43.33,0.334,26.0,3.14,0.822,22.32,0
23.09,58.38,40.17,0.171,24.1,31.14,0.337,21.33,0
30.44,45.16,35.94,0.421,19.57,41.02,0.69,16.09,0
25.95,47.84,45.83,-0.004,20.74,24.54,0.232,21.92,0
23.91,65.07,44.62,0.952,24.37,12.44,0.384,12.38,0
30.2,48.77,35.99,0.563,21.6,123.71,0.499,24.65,0
27.31,54.83,42.7,0.134,25.62,22.31,0.398,25.05,0
23.13,23.7,38.93,0.449,23.36,71.59,0.351,32.64,0
25.67,50.68,42.65,-0.028,19.76,30.64,0.438,8.83,0
11.17,84.59,30.16,0.637,16.91,26.74,0.417,14.78,0
17.47,34.87,29.01,0.308,17.41,36.94,0.817,19.42,0
30.33,54.86,43.97,0.789,14.94,97.07,0.525,16.49,0
37.26,36.18,22.62,1.046,13.57,21.48,0.194,16.91,0
60.0,52.27,35.05,0.393,16.14,29.17,0.191,13.68,1
22.39,30.76,25.04,-0.434,14.17,14.56,0.237,16.04,0
22.66,64.5,28.74,-0.033,14.12,0.01,0.34,9.57,0
18.54,66.25,18.12,-0.418,10.87,13.43,0.509,10.77,0
24.1,58.11,44.31,-0.034,24.86,12.41,0.326,18.18,0
26.59,52.45,20.37,-0.16,12.22,50.17,0.739,18.34,0
27.5,47.06,40.72,-0.005,18.59,37.98,0.644,15.18,0
22.67,52.75,22.45,0.384,13.47,47.11,0.577,20.95,0
35.3,40.6,31.64,0.281,18.98,27.15,0.614,16.43,0
17.56,31.83,33.2,-0.16,16.26,8.29,0.583,9.72,0
18.45,85.63,41.48,0.45,18.94,0.84,0.657,13.43,0
33.25,31.27,34.17,0.234,18.97,81.65,0.261,18.29,0
31.32,39.55,34.67,-0.08,20.8,29.1,0.566,17.08,0
27.34,30.15,28.31,0.855,16.99,72.2,0.865,13.97,0
7.88,45.88,48.1,-0.295,19.22,9.68,0.146,12.01,0
22.47,58.98,49.04,-0.424,32.1,280.14,0.186,27.1,1
24.25,52.19,34.58,0.322,15.8,10.51,0.296,21.48,0
31.81,60.63,44.89,-0.519,23.16,0.3,0.216,22.58,0
37.86,53.4,47.17,0.619,38.44,53.95,0.072,8.37,1
16.54,65.66,39.15,0.135,23.49,42.67,0.802,18.6,0
25.89,0.0,21.34,0.007,18.86,102.39,0.6,18.81,1
32.44,47.14,28.27,0.431,15.11,5.6,0.693,11.98,0
16.85,24.05,32.73,0.397,19.64,108.49,0.601,34.01,0
28.89,40.27,23.0,-0.602,13.8,32.21,0.294,28.58,0
24.54,58.64,38.09,-0.162,14.33,300.0,0.254,14.4,0
20.92,40.56,16.87,0.741,10.12,4.6,0.237,21.83,0
38.36,51.76,34.08,-0.006,15.23,50.28,0.602,5.52,0
20.66,73.0,29.92,0.026,17.95,25.83,0.665,14.4,0
32.24,61.3,51.48,0.056,26.81,168.92,0.428,23.28,0
37.79,37.27,36.15,0.287,18.74,5.92,0.459,21.3,0
24.19,58.23,23.27,0.204,13.96,17.9,0.509,16.57,0
27.97,51.56,50.54,-0.304,26.37,113.49,0.914,14.54,0
25.58,47.74,30.55,0.022,18.33,6.08,0.908,18.0,0
25.37,45.8,49.12,-0.249,20.02,1.87,0.581,11.71,0
29.64,54.52,45.7,-0.04,24.95,32.1,0.539,19.91,0
33.67,48.28,38.37,0.242,23.02,11.6,0.33,21.9,0
35.52,29.03,50.93,-0.045,21.25,24.55,0.246,15.04,0
29.0,43.62,38.49,0.128,20.67,18.18,0.49,18.39,0
29.7,38.84,29.68,-0.293,17.81,13.67,0.764,17.92,0
34.71,34.0,44.02,0.139,18.5,54.58,0.334,12.33,0
11.37,70.94,55.79,0.299,17.54,6.96,0.308,10.0,0
21.75,63.59,39.82,0.138,23.89,36.02,0.841,20.27,0
19.46,61.46,19.08,0.012,11.45,21.11,0.88,19.52,0
31.09,66.33,42.06,0.624,24.7,53.77,0.9,18.61,0
18.25,32.56,23.43,-0.088,14.06,7.31,0.08,18.33,0
22.47,65.34,29.63,0.526,34.24,4.78,0.524,9.2,1
21.96,57.84,26.29,0.523,14.28,14.19,0.099,11.99,0
23.25,63.74,31.86,0.025,19.11,5.59,0.83,13.08,0
21.71,63.3,22.84,0.452,12.6,11.99,0.036,18.51,0
27.78,52.67,30.48,-0.322,18.29,47.37,0.654,21.08,0
19.68,70.32,28.82,0.113,17.29,78.65,0.699,25.0,0
15.34,39.61,36.46,-0.067,21.88,69.63,0.3,22.59,0
17.02,66.26,34.17,0.425,19.31,3.83,0.229,19.8,0
34.29,61.85,29.13,0.462,17.48,103.5,0.568,26.83,0
26.25,53.15,36.24,0.53,19.73,7.95,0.463,14.91,0
28.04,46.78,37.71,-0.26,16.0,6.83,0.241,14.23,0
20.48,30.18,36.47,0.499,21.88,60.14,0.59,16.59,0
32.7,60.02,43.78,6.0,21.33,21.31,0.254,19.61,1
20.49,49.1,38.68,-0.277,20.95,72.85,0.657,8.22,0
37.41,51.27,48.81,0.206,24.22,7.98,0.508,11.34,0
21.67,0.0,31.13,0.344,21.19,42.83,0.432,22.73,1
55.0,61.73,35.15,-0.758,22.95,19.34,0.425,24.77,1
29.37,41.98,42.95,0.014,19.99,29.9,0.616,18.69,0
22.32,70.19,34.83,-0.34,20.9,10.33,0.516,24.22,0
27.56,62.59,41.63,-0.276,24.98,166.37,0.389,20.9,0
24.52,59.34,38.74,0.953,22.65,34.4,0.643,21.67,0
18.9,42.07,37.42,0.027,22.45,19.91,0.837,33.52,0
29.35,60.74,24.51,0.884,14.7,64.0,0.491,27.25,0
20.44,54.88,20.75,0.191,12.45,3.49,0.391,9.66,0
29.93,80.44,33.52,-0.067,20.11,35.94,0.221,24.54,0
27.46,39.76,36.61,0.816,20.48,51.6,0.438,15.99,0
22.19,41.16,39.68,-0.086,22.92,37.58,0.548,12.83,0
14.8,80.54,36.29,0.777,21.77,28.21,0.53,21.73,0
22.74,58.74,26.36,-0.134,15.82,120.61,0.842,17.38,0
35.23,43.31,19.54,-0.356,11.73,43.37,0.378,17.11,0
18.65,22.06,41.49,0.313,24.9,0.26,0.406,23.71,0
21.29,35.86,37.66,0.49,16.42,66.05,0.073,9.96,0
17.31,39.36,31.85,-0.414,19.11,6.57,0.653,20.52,0
29.21,55.09,46.42,-0.6,21.66,35.45,0.031,17.44,0
28.05,72.31,27.71,0.278,16.63,46.15,0.465,20.26,0
23.55,52.79,36.12,0.514,18.42,27.38,0.218,17.88,0
25.67,66.35,45.98,-0.235,27.59,3.91,0.761,24.61,0
34.68,60.6,28.91,0.138,15.17,92.25,0.131,17.49,0
16.79,49.69,37.96,0.166,18.94,10.89,0.423,12.33,0
29.42,64.82,34.11,-0.011,20.47,28.88,0.709,22.31,0
26.29,40.53,38.15,-0.312,17.25,7.52,0.413,21.58,0
38.99,50.62,27.41,0.056,16.45,88.59,0.671,32.63,0
16.62,82.74,28.95,0.082,17.37,156.09,0.459,17.03,0
32.98,62.37,40.49,0.256,13.39,29.08,0.364,12.14,0
22.65,27.53,37.99,0.259,21.0,55.12,0.239,19.03,0
36.26,38.8,40.05,-0.15,22.29,29.11,0.861,17.18,0
40.73,59.99,28.46,-0.04,10.97,110.75,0.062,7.04,0
18.49,36.74,29.0,0.22,14.69,63.9,0.163,19.82,0
26.68,59.85,40.08,0.858,23.47,60.3,0.482,14.11,0
32.25,66.31,28.8,0.034,28.62,281.5,0.776,23.22,1
28.53,69.6,45.76,0.739,25.45,92.97,0.74,13.99,0
29.83,65.08,28.54,-0.125,17.12,24.59,0.291,29.32,0
26.35,46.88,52.52,0.688,28.56,18.73,0.691,23.74,0
20.16,75.61,36.95,1.271,22.17,31.67,0.148,25.14,0
31.99,62.73,27.41,0.599,16.45,4.69,0.56,15.94,0
25.96,60.72,42.57,-0.069,21.52,99.47,0.649,17.22,0
17.35,100.0,15.89,0.189,14.64,86.85,0.175,22.28,1
24.53,48.23,29.77,0.359,17.86,18.55,0.301,27.06,0
23.84,48.57,34.34,-0.159,20.6,23.63,0.731,15.67,0
28.37,71.92,34.09,0.333,16.47,4.92,0.292,10.39,0
25.8,52.47,39.83,0.513,23.9,7.97,0.216,18.28,0
33.2,62.39,27.98,0.071,16.79,15.08,0.194,26.87,0
31.78,49.17,34.46,0.485,19.44,4.19,0.479,10.28,0
18.73,69.34,33.48,0.782,20.09,14.13,0.612,23.37,0
31.7,48.11,22.89,-0.085,13.73,15.71,0.409,22.48,0
26.08,47.13,43.78,-0.053,23.74,52.35,0.85,10.54,0
19.49,44.75,37.57,0.039,15.88,28.2,0.28,17.61,0
28.01,89.62,33.45,0.304,20.07,26.83,0.475,21.41,0
24.95,56.29,40.72,0.425,24.43,11.54,0.541,23.66,0
34.85,61.38,43.16,0.236,25.9,22.81,0.454,18.06,0
25.5,69.58,35.34,0.517,20.3,10.31,0.817,16.15,0
22.33,72.43,28.59,0.15,17.15,13.21,0.502,16.6,0
30.56,62.21,30.6,0.089,15.06,13.91,0.168,20.65,0
20.8,74.09,27.15,0.749,16.29,40.53,0.713,26.0,0
25.06,81.77,42.58,0.8,18.42,49.0,0.392,8.96,0
20.75,65.18,32.61,0.073,19.57,186.14,0.292,17.36,0
26.41,34.08,23.99,0.754,14.4,16.49,0.628,20.82,0
29.43,59.76,39.05,0.539,14.82,8.56,0.343,9.29,0
32.44,58.35,30.65,0.372,18.39,153.08,0.446,17.28,0
20.47,36.17,23.47,0.243,14.08,4.22,0.384,28.71,0
19.53,63.3,36.33,0.607,21.8,2.16,0.684,18.02,0
23.59,81.73,32.82,0.323,19.69,20.39,0.312,17.92,0
23.51,75.19,36.49,0.955,18.57,47.09,0.34,11.33,0
23.97,33.34,26.38,0.116,33.36,269.12,0.518,17.8,1
38.14,74.32,30.34,-0.767,18.21,81.32,0.567,27.32,0
29.81,57.2,32.6,-0.042,19.56,37.87,0.628,20.49,0
29.8,55.59,46.22,0.692,27.73,0.14,0.843,18.83,0
25.15,44.32,28.11,0.007,16.87,25.24,0.857,15.85,0
14.12,55.23,28.58,0.36,17.15,84.59,0.549,13.49,0
25.53,72.44,19.43,0.109,11.66,19.81,0.362,19.47,0
31.61,27.52,42.25,-0.557,21.06,23.87,0.528,18.73,0
27.02,79.44,36.56,0.097,16.97,4.02,0.087,21.03,0
30.98,43.92,41.55,0.24,15.71,29.6,0.253,11.95,0
32.96,76.77,34.97,0.124,20.35,50.12,0.257,13.64,0
30.6,51.54,37.39,1.009,20.83,54.86,0.742,7.74,0
21.23,47.67,31.83,-0.487,26.67,275.04,0.523,26.97,1
26.29,39.7,32.06,-0.033,11.96,10.56,0.076,17.08,0
31.36,38.96,45.88,0.473,27.53,10.58,0.673,23.54,0
21.51,84.12,26.75,-0.468,16.05,22.0,0.838,16.43,0
33.48,62.54,32.93,0.265,18.39,28.04,0.248,19.46,0
24.88,49.6,47.41,0.72,19.8,15.77,0.32,15.55,0
24.82,43.41,40.5,0.054,19.35,8.72,0.763,17.54,0
19.14,72.96,43.73,0.026,20.52,4.67,0.518,10.9,0
18.57,77.42,38.14,0.527,22.89,159.69,0.622,14.21,0
27.3,57.11,28.63,0.532,10.92,5.77,0.193,13.44,0
33.39,83.5,28.87,1.004,17.32,47.45,0.443,22.19,0
27.38,44.83,30.57,0.175,25.21,254.34,0.611,27.39,1
27.78,56.28,59.79,-0.731,20.19,26.31,0.205,9.04,0
23.8,50.91,43.38,-0.583,19.37,33.94,0.424,22.7,0
24.59,37.31,41.34,0.538,21.97,1.26,0.6,24.82,0
26.74,37.64,43.17,-0.289,25.9,13.21,0.802,21.43,0
19.34,52.03,37.86,-0.047,22.72,23.3,0.584,23.82,0
25.19,45.87,22.74,0.151,13.64,16.93,0.623,23.07,0
22.1,67.97,34.74,0.287,19.74,7.8,0.574,21.39,0
22.07,100.0,38.28,0.769,21.69,32.32,0.428,19.6,1
24.78,72.76,26.81,-0.323,16.09,32.33,0.576,14.06,0
22.06,54.14,23.74,0.67,14.25,7.96,0.644,22.45,0
24.96,19.12,44.65,-0.262,25.29,10.49,0.534,21.0,0
25.03,40.77,44.42,0.462,15.92,35.76,0.175,8.2,0
25.11,73.45,29.9,-0.326,17.94,8.07,0.555,12.5,0
28.26,48.8,30.31,0.317,18.19,5.08,0.396,14.91,0
25.18,49.82,27.72,0.156,14.16,27.81,0.759,6.58,0
28.92,40.51,35.26,0.706,15.23,68.83,0.229,21.79,0
24.44,62.44,33.85,0.397,18.4,40.9,0.371,14.25,0
22.86,47.03,37.64,-0.173,22.58,0.42,0.63,22.05,0
26.39,66.63,40.38,0.013,20.45,21.01,0.602,13.04,0
21.93,54.14,36.14,0.403,21.68,96.13,0.381,19.33,0
33.9,48.22,43.58,0.023,20.36,19.77,0.292,18.89,0
27.76,73.83,42.24,0.43,22.15,17.48,0.725,21.19,0
21.64,42.49,43.3,-0.169,18.26,44.22,0.205,14.78,0
24.66,58.14,35.32,0.288,18.77,15.78,0.192,14.29,0
33.48,57.69,32.41,0.147,19.45,35.09,0.369,22.01,0
14.8,60.02,37.51,0.306,22.51,27.19,0.245,31.23,0
25.81,66.41,27.1,0.195,16.26,5.16,0.385,19.97,0
25.33,49.58,47.64,0.064,18.85,24.07,0.11,6.35,0
35.12,63.0,30.55,-0.431,18.33,121.57,0.697,19.35,0
26.31,19.15,30.14,0.175,16.88,43.17,0.118,19.61,0
29.65,52.94,34.59,0.308,20.1,72.54,0.593,23.91,0
29.4,0.0,29.14,-0.152,18.96,58.44,0.619,13.72,1
27.2,28.28,28.8,0.28,17.28,2.19,0.459,17.18,0
22.02,61.73,32.14,-0.048,16.73,45.86,0.494,14.1,0
31.72,53.6,45.06,-0.325,27.04,5.65,0.345,31.06,0
27.45,38.47,41.85,0.521,24.4,58.11,0.571,17.57,0
26.66,50.18,36.45,-6.0,25.37,11.54,0.713,22.83,1
24.51,68.22,28.91,-0.114,17.34,24.1,0.611,21.31,0
27.7,51.72,38.51,-0.452,23.11,76.27,0.474,29.74,0
21.85,61.38,32.17,0.576,19.3,36.58,0.717,21.86,0
28.39,49.23,33.63,-0.54,19.65,64.46,0.225,17.36,0
19.4,38.08,42.82,0.388,15.44,62.72,0.642,2.23,0
26.44,64.97,31.44,0.307,18.86,1.45,0.662,11.25,0
27.15,43.97,47.48,0.359,19.24,32.1,0.746,11.73,0
26.15,60.93,30.2,-0.184,18.12,28.27,0.769,17.82,0
21.01,40.3,29.72,0.611,17.83,20.34,0.432,20.9,0
20.13,42.93,25.93,-0.042,15.56,25.39,0.776,21.23,0
29.0,45.63,26.54,0.131,15.92,4.36,0.631,15.71,0
36.2,19.24,43.25,-0.036,21.69,31.39,0.374,25.92,0
22.22,60.41,27.95,-0.17,14.44,15.88,0.226,16.09,0
22.09,86.24,24.36,-0.096,14.61,15.7,0.715,20.04,0
26.6,61.01,32.88,0.747,17.19,33.08,0.422,7.42,0
20.44,75.39,30.56,0.162,18.11,54.83,0.308,18.52,0
24.69,61.27,26.34,0.156,8.27,44.43,0.297,10.65,0
26.02,25.64,34.74,0.46,20.84,71.47,0.464,19.23,0
14.01,61.42,47.58,0.138,26.6,20.32,0.185,22.64,0
25.82,25.76,51.36,0.185,25.08,50.27,0.433,23.91,0
33.43,40.23,45.93,0.348,18.45,87.7,0.364,12.26,0
28.57,46.7,45.0,-0.271,22.78,3.9,0.147,15.77,0
22.36,34.75,50.79,-0.128,14.15,24.48,0.175,13.75,0
25.46,36.03,29.24,0.233,17.54,23.06,0.565,23.33,0
24.08,57.1,48.96,1.013,23.78,18.13,0.27,21.45,0
19.6,48.93,38.66,0.223,38.99,33.91,0.084,13.33,1
27.94,68.51,56.14,0.376,28.0,10.47,0.466,23.77,0
27.54,44.56,24.24,0.321,14.54,80.35,0.267,24.36,0
26.49,44.81,32.3,0.23,17.88,45.83,0.131,22.05,0
27.94,31.73,26.6,0.351,15.62,46.86,0.562,14.36,0
30.65,26.95,51.43,0.457,17.98,22.3,0.094,20.58,0
21.52,28.31,47.3,0.426,22.33,61.0,0.153,19.13,0
20.91,49.32,55.67,0.038,23.41,6.38,0.376,15.09,0
26.26,43.69,33.11,0.621,19.86,33.6,0.826,9.56,0
25.71,51.15,41.22,0.191,24.73,14.1,0.999,22.97,0
19.86,52.06,49.27,0.015,24.15,51.56,0.11,24.42,0
30.87,30.59,43.85,0.29,23.85,0.31,0.331,13.99,0
17.42,37.24,40.62,-0.012,24.37,27.8,0.782,15.89,0
19.13,43.93,30.35,-5.0,22.43,32.53,0.624,21.5,1
32.39,60.08,37.71,0.298,21.34,19.24,0.417,20.36,0
29.75,71.32,34.48,0.262,20.69,33.44,0.217,25.83,0
30.01,82.02,33.9,-0.63,20.34,2.93,0.833,17.19,0
25.36,62.98,33.73,0.069,20.24,26.57,0.629,18.88,0
21.8,86.29,24.99,-0.858,14.99,2.02,0.819,17.45,0
13.08,27.3,42.63,0.016,20.65,4.51,0.059,21.96,0
30.54,36.51,30.29,0.215,17.89,0.17,0.26,24.01,0
22.4,24.61,37.56,0.221,15.76,1.75,0.037,16.91,0
26.04,62.44,39.86,-0.067,23.92,9.02,0.619,20.39,0
31.72,77.07,35.7,-0.219,21.42,22.46,0.855,24.55,0
29.21,52.24,32.5,0.548,15.82,139.26,0.306,12.06,0
30.18,58.41,37.25,0.061,12.15,37.51,0.192,14.93,0
24.14,60.46,32.94,0.343,19.76,246.34,0.325,23.58,0
23.38,45.92,22.06,0.4,13.24,53.02,0.494,14.33,0
28.96,43.3,25.54,0.482,13.96,204.62,0.388,9.63,0
27.97,32.54,36.92,0.019,21.85,5.88,0.302,19.36,0
28.24,68.29,29.65,-0.256,17.79,55.62,0.595,27.0,0
38.06,53.4,45.31,0.05,23.84,100.14,0.246,20.6,0
27.59,35.92,46.74,0.223,22.75,27.02,0.364,18.28,0
33.97,69.96,27.17,-0.278,16.3,12.97,0.485,20.31,0
19.82,56.61,35.84,0.12,16.02,40.14,0.435,14.83,0
24.49,65.93,32.18,-0.124,19.31,89.98,0.214,22.29,0
28.61,70.47,42.75,5.0,23.95,61.5,0.523,20.09,1
25.62,66.75,31.36,0.16,16.96,163.37,0.277,20.53,0
29.18,53.89,45.66,-0.313,24.6,14.51,0.408,17.65,0
18.86,59.9,33.72,-0.19,15.81,1.77,0.176,23.28,0
18.74,58.65,20.97,-0.375,10.44,22.36,0.257,11.67,0
39.03,72.19,32.42,0.639,6.68,16.54,0.19,6.4,0
20.94,50.36,28.12,0.516,16.86,1.88,0.5,14.47,0
13.08,55.06,34.54,-0.339,16.94,91.2,0.098,16.87,0
33.02,93.82,25.56,0.077,15.33,135.77,0.407,31.21,0
29.64,21.26,52.49,-0.273,29.64,63.78,0.808,23.64,0
33.14,18.6,22.82,0.063,13.69,32.91,0.617,17.57,0
32.53,64.69,26.03,0.026,15.62,19.12,0.448,23.16,0
32.23,30.27,37.99,5.0,21.83,50.16,0.481,18.79,1
28.82,39.17,48.04,-0.375,26.83,22.31,0.366,15.22,0
27.14,67.42,19.52,0.821,11.71,1.17,0.247,23.44,0
32.28,74.36,44.12,0.301,23.42,45.86,0.451,24.34,0
35.13,66.46,39.87,0.185,22.85,36.82,0.611,17.21,0
14.98,54.16,23.78,0.56,14.27,18.55,0.471,24.77,0
26.44,77.55,25.82,0.817,15.49,28.78,0.625,19.09,0
30.85,82.31,25.63,0.307,15.38,4.28,0.514,22.56,0
27.12,73.28,22.36,0.03,13.41,4.02,0.924,21.19,0
20.82,49.95,29.35,-0.125,17.61,1.18,0.412,15.06,0
25.55,38.41,33.15,0.201,19.89,32.45,0.465,26.46,0
19.48,65.34,35.64,-0.296,19.35,29.3,0.421,19.17,0
21.08,34.04,20.65,0.019,12.39,38.17,0.267,10.71,0
27.69,62.1,38.48,0.718,23.09,25.55,0.682,6.91,0
38.73,79.74,29.27,0.349,16.99,2.56,0.641,3.42,0
33.34,49.82,11.45,0.615,6.87,126.63,0.67,15.33,0
29.33,59.61,42.15,0.216,25.29,94.86,0.388,34.11,0
19.38,68.37,34.82,-0.25,16.45,10.27,0.51,16.41,0
29.11,73.89,41.27,0.931,17.41,70.86,0.673,9.0,0
21.79,76.93,25.69,0.459,13.79,7.8,0.231,16.02,0
18.04,65.86,35.08,0.34,21.05,17.59,0.556,24.23,0
21.93,68.38,48.42,0.871,29.05,95.28,0.903,12.19,0
23.86,60.51,41.28,0.247,24.77,2.57,0.615,20.51,0
27.25,45.79,38.79,0.281,20.8,28.42,0.758,11.87,0
24.72,52.72,26.81,0.473,16.09,89.21,0.319,19.52,0
20.92,60.41,27.05,-0.446,16.23,45.33,0.516,30.37,0
27.86,44.43,29.95,0.264,17.97,22.66,0.217,23.34,0
32.97,22.43,41.31,0.08,20.0,93.33,0.432,13.74,0
21.67,40.51,15.83,-0.127,9.5,31.01,0.929,28.25,0
26.21,61.74,41.97,-0.369,19.22,254.36,0.501,14.07,0
28.85,56.26,46.55,0.972,18.56,66.64,0.419,13.93,0
27.7,58.05,39.13,-0.007,16.63,60.32,0.318,14.3,0
28.84,31.79,30.86,0.314,18.51,58.51,0.636,23.59,0
39.39,65.03,10.0,-0.246,6.0,26.35,0.187,25.41,0
28.45,55.93,27.07,-0.129,16.15,54.65,0.079,15.13,0
36.51,86.02,35.52,-0.101,20.19,30.13,0.829,12.59,0
22.35,53.43,31.52,0.135,17.69,7.45,0.508,13.4,0
24.15,55.39,29.88,0.155,17.93,2.39,0.735,19.97,0
22.03,25.73,44.96,0.422,20.57,17.51,0.298,22.58,0
27.43,1.0,44.15,0.486,24.22,8.54,0.821,12.45,1
25.78,73.45,31.37,0.3,18.82,34.28,0.243,23.67,0
35.97,56.0,49.07,6.0,25.55,68.36,0.509,20.48,1
17.51,73.09,37.36,-0.285,18.51,60.44,0.338,17.21,0
26.13,28.72,28.11,0.659,13.92,52.46,0.322,19.06,0
38.85,32.85,15.06,-0.948,9.03,19.07,0.254,28.74,0
27.45,61.14,40.32,-0.171,22.88,34.98,0.25,15.83,0
36.62,50.74,31.14,-0.249,18.68,29.11,0.413,23.58,0
31.7,19.2,41.38,0.095,22.39,11.94,0.232,25.59,0
25.64,50.75,51.84,0.282,28.43,22.75,0.727,23.58,0
36.21,34.52,40.93,0.028,24.56,1.28,0.754,19.85,0
24.54,46.54,45.13,0.069,21.17,91.22,0.409,18.0,0
28.31,24.25,43.05,-0.128,24.79,82.39,0.821,18.91,0
18.08,73.92,48.84,-0.376,24.57,50.82,0.501,20.68,0
16.9,28.8,24.1,0.315,14.46,65.23,0.295,16.43,0
16.3,72.9,37.35,0.276,20.14,65.3,0.592,15.44,0
42.32,55.52,37.57,0.057,22.54,30.68,0.27,19.65,0
-15.0,50.49,45.85,0.233,24.63,18.76,0.503,20.36,1
21.07,48.85,42.63,0.029,25.58,20.0,0.638,16.95,0
28.08,35.81,44.85,0.236,22.78,32.02,0.355,15.24,0
23.26,47.01,29.85,-0.242,17.91,54.78,0.419,19.27,0
22.33,60.04,16.98,0.202,10.19,99.73,0.166,19.39,0
23.29,58.31,40.86,-0.07,13.78,122.67,0.213,3.28,0
25.8,80.68,30.9,0.635,18.54,49.53,0.82,10.98,0
25.23,68.71,42.71,0.145,23.6,19.44,0.476,22.41,0
18.57,57.89,32.79,0.635,17.36,22.0,0.139,17.59,0
21.21,80.55,24.43,0.262,14.66,57.96,0.596,19.77,0
41.61,65.55,40.28,0.194,17.34,7.58,0.364,9.09,0
55.0,23.77,31.91,0.854,22.65,0.03,0.508,23.99,1
22.38,48.93,43.05,-0.05,25.45,100.46,0.877,20.29,0
26.36,100.0,33.62,-0.589,18.8,10.93,0.181,24.68,0
23.89,54.56,29.98,-0.034,13.28,17.38,0.188,17.09,0
22.25,89.55,23.93,-0.477,13.47,6.39,0.314,17.85,0
27.63,42.72,33.72,0.082,20.23,79.39,0.589,20.96,0
31.65,61.43,24.18,0.369,14.51,29.98,0.119,24.96,0
20.03,49.26,41.69,0.326,25.02,34.02,0.375,23.42,0
26.51,70.51,48.11,-0.182,16.24,41.78,0.263,8.6,0
26.86,65.83,34.61,0.821,20.77,7.58,0.226,27.34,0
28.58,47.55,35.86,-0.224,19.7,18.81,0.57,21.63,0
40.48,77.93,39.79,0.462,23.31,9.69,0.648,22.05,0
22.83,39.17,39.72,-0.649,13.58,1.6,0.28,7.84,0
22.08,63.75,44.33,0.509,24.15,5.36,0.521,22.34,0
24.31,53.74,28.58,0.213,17.15,0.5,0.562,19.82,0
35.8,60.34,40.99,0.4,20.0,45.7,0.534,10.19,0
37.72,54.96,37.3,0.898,22.38,4.13,0.729,19.06,0
20.06,69.67,30.87,0.653,18.41,58.0,0.489,21.6,0
17.56,26.75,47.26,0.272,28.36,29.28,0.65,21.05,0
26.42,56.09,36.92,0.357,19.88,0.7,0.901,9.25,0
30.56,67.57,32.5,0.09,19.5,34.72,0.488,22.76,0
15.65,61.54,27.57,0.724,14.47,65.1,0.369,11.69,0
26.36,34.41,33.12,-0.532,19.87,68.44,0.212,24.63,0
31.37,59.78,44.31,0.28,25.42,49.18,0.564,23.57,0
31.91,74.13,30.87,0.561,17.94,2.08,0.138,16.66,0
28.46,52.45,35.53,0.414,21.32,52.45,0.713,21.39,0
21.2,60.13,29.93,-0.065,13.41,38.22,0.043,17.26,0
32.36,50.04,26.36,-0.221,15.81,51.25,0.426,16.73,0
20.15,64.83,44.44,0.137,26.66,39.55,0.955,24.82,0
18.15,58.49,35.1,0.315,18.13,17.28,0.41,19.38,0
23.29,37.36,35.24,-0.326,20.37,7.43,0.167,19.82,0
30.02,38.87,33.24,0.191,13.53,22.68,0.167,7.78,0
30.35,56.98,30.77,-0.25,18.46,2.38,0.119,16.52,0
21.29,43.56,46.0,0.456,22.97,30.87,0.689,13.92,0
23.42,71.44,50.35,0.356,24.06,102.81,0.482,14.94,0
12.68,50.45,18.62,0.331,11.17,45.4,0.514,12.69,0
22.1,73.52,20.65,-0.086,12.39,19.99,0.291,21.69,0
21.67,0.0,50.29,0.074,23.31,2.97,0.784,7.25,1
37.23,63.02,19.96,-0.236,11.97,4.45,0.249,14.53,0
24.78,77.34,40.14,-0.342,19.96,117.9,0.276,19.9,0
18.5,50.42,37.68,0.524,17.04,61.04,0.319,19.08,0
21.99,63.16,36.96,0.293,15.54,64.11,0.089,14.85,0
19.85,36.86,24.0,0.424,14.4,32.02,0.504,19.89,0
20.17,87.94,34.49,-0.096,17.98,27.95,0.357,15.84,0
17.8,66.56,31.09,0.369,18.65,44.62,0.659,19.04,0
20.65,52.63,38.75,0.408,19.59,42.7,0.587,9.87,0
25.04,74.18,41.84,0.214,24.31,57.12,0.343,21.05,0
23.04,49.95,41.58,-0.122,23.12,95.32,0.648,14.46,0
29.09,36.97,48.37,0.215,27.53,65.84,0.664,21.04,0
19.25,70.35,39.86,0.577,23.42,32.75,0.842,18.42,0
27.96,63.81,35.91,0.259,19.31,4.47,0.366,18.96,0
30.91,61.52,20.33,-0.461,12.2,68.12,0.658,19.93,0
32.14,40.89,49.2,0.333,18.07,89.18,0.262,15.45,0
31.78,23.77,25.59,0.547,15.21,22.86,0.59,19.78,0
-15.0,46.01,41.47,0.043,20.02,13.82,0.543,10.56,1
25.16,35.64,33.18,0.522,19.91,54.95,0.478,20.0,0
24.14,38.05,32.35,0.851,19.41,36.47,0.283,23.77,0
21.4,72.9,36.12,0.546,21.51,10.82,0.653,12.8,0
23.36,44.08,42.06,0.716,23.14,61.6,0.518,17.86,0
22.03,71.07,30.61,0.121,18.36,20.11,0.409,15.59,0
38.45,48.95,41.19,0.366,15.64,34.95,0.302,8.65,0
26.46,30.42,28.27,0.509,30.3,17.1,0.301,13.42,1
30.08,51.27,38.23,0.081,22.14,14.69,0.549,19.86,0
18.07,50.88,37.75,0.476,17.69,3.9,0.362,10.4,0
24.44,50.51,34.92,-0.006,18.52,3.14,0.053,20.47,0
26.04,55.22,38.19,-0.293,22.92,41.24,0.935,28.64,0
27.85,48.65,40.49,-0.121,19.29,20.86,0.411,16.31,0
21.18,74.67,42.03,-0.469,23.96,17.96,0.381,16.91,0
28.86,58.36,35.27,-0.054,19.9,65.34,0.349,18.24,0
22.77,64.19,32.51,0.066,19.5,94.21,0.859,24.97,0
17.21,52.57,37.66,0.382,19.4,183.11,0.434,17.52,0
32.65,34.78,37.15,0.108,18.85,26.74,0.414,17.14,0
27.56,40.86,37.93,-0.002,22.76,42.45,0.591,27.21,0
36.53,56.85,37.45,-0.288,22.47,3.05,0.537,17.76,0
29.87,41.26,47.24,0.477,14.3,1.33,0.406,11.66,0
22.13,74.44,22.01,0.784,13.21,76.09,0.58,25.01,0
31.53,56.02,35.07,0.639,21.04,40.68,0.987,24.74,0
24.23,55.35,41.31,0.137,24.78,52.97,0.756,17.21,0
25.05,52.48,40.17,0.038,21.89,1.21,0.377,16.12,0
18.2,48.81,34.69,-0.711,20.82,37.8,0.745,25.03,0
29.72,47.7,47.34,-0.148,25.7,278.01,0.271,22.09,1
28.33,45.74,46.0,0.308,19.25,33.0,0.399,7.2,0
29.73,56.24,27.6,0.578,16.56,52.52,0.615,18.85,0
18.32,63.79,26.21,0.234,15.72,109.36,0.594,20.62,0
21.26,53.63,44.87,-0.289,15.38,80.45,0.268,9.31,0
20.89,78.83,24.34,0.313,14.6,23.87,0.511,13.64,0
25.88,65.51,29.24,0.103,17.54,68.6,0.427,16.7,0
25.19,49.37,21.21,0.045,12.72,19.32,0.447,28.18,0
28.4,27.34,36.18,-0.463,18.7,2.35,0.337,7.55,0
23.28,65.74,36.25,0.323,20.18,30.37,0.173,21.38,0
16.31,60.26,26.56,0.339,14.02,18.02,0.653,5.07,0
28.63,37.03,33.45,-0.183,20.07,34.0,0.376,20.07,0
21.07,39.04,38.09,0.284,14.87,4.59,0.515,3.81,0
27.11,31.85,21.27,-0.563,12.76,10.11,0.254,11.68,0
23.69,48.83,38.89,-0.348,17.39,20.78,0.501,18.72,0
29.53,70.09,34.07,0.167,20.44,59.13,0.438,20.75,0
25.98,29.91,28.25,-0.288,16.95,15.41,0.063,29.47,0
33.16,60.89,34.42,-0.074,20.65,29.98,0.405,25.24,0
39.31,35.98,37.66,0.392,22.59,38.02,0.9,11.29,0
34.89,49.38,28.05,0.463,16.83,25.25,0.925,21.25,0
27.53,53.52,37.41,0.701,19.58,25.53,0.457,20.2,0
25.79,64.05,29.51,-0.139,17.71,56.64,0.584,22.84,0
27.18,42.15,41.91,0.542,19.66,25.23,0.563,7.68,0
24.38,53.33,27.57,0.051,16.54,44.34,0.329,13.08,0
21.01,50.31,30.65,0.323,17.61,24.15,0.201,17.62,0
26.58,61.67,38.51,-0.253,14.7,47.65,0.199,14.64,0
26.61,51.68,40.63,-0.505,18.09,34.81,0.51,13.3,0
21.4,44.98,45.44,0.803,64.83,34.55,0.703,17.55,1
26.74,40.03,30.92,0.645,18.55,19.22,0.687,17.46,0
28.3,76.28,31.13,0.79,18.68,28.66,0.431,20.62,0
26.29,61.87,34.49,-0.443,20.7,10.84,0.832,29.56,0
26.52,53.26,38.62,0.014,21.58,51.13,0.674,17.88,0
36.32,51.18,37.38,0.379,18.08,46.26,0.323,18.58,0
30.18,49.65,29.23,-0.033,17.54,1.18,0.593,22.49,0
22.02,76.76,34.3,-0.489,20.58,11.93,0.772,24.21,0
15.44,62.55,51.97,0.025,31.18,0.21,0.702,13.36,0
24.12,52.92,41.18,0.313,24.71,60.94,0.715,20.63,0
35.25,45.19,40.98,-0.181,12.2,7.82,0.076,18.61,0
41.44,47.47,18.38,-0.298,11.03,12.55,0.93,19.46,0
28.89,65.41,27.58,-0.031,16.55,22.72,0.241,17.67,0
18.98,57.19,27.54,0.458,16.52,4.68,0.557,20.15,0
20.96,38.8,34.64,0.392,19.31,6.23,0.26,19.8,0
27.95,34.71,36.01,0.236,21.61,25.92,0.735,18.04,0
15.85,50.47,45.55,0.112,19.96,9.77,0.25,20.81,0
18.45,57.43,34.92,0.282,16.39,15.26,0.563,7.27,0
31.73,50.14,46.92,-0.523,20.31,20.0,0.205,21.46,0
29.81,0.0,31.01,-0.248,18.37,47.25,0.371,17.27,1
16.36,78.85,21.17,0.346,12.7,22.6,0.65,17.8,0
24.28,73.04,38.94,0.611,13.11,42.22,0.043,10.9,0
28.97,66.53,18.14,0.241,10.89,74.05,0.359,21.57,0
27.53,68.14,34.31,-0.003,20.59,98.22,0.703,20.97,0
24.45,49.76,26.21,-0.094,15.73,84.26,0.5,25.96,0
15.78,45.58,35.35,0.76,21.21,101.55,0.942,19.71,0
27.14,36.56,27.71,0.1,10.64,58.81,0.158,10.61,0
30.14,41.23,31.28,-0.019,15.32,12.44,0.54,10.47,0
21.01,47.13,34.13,-0.329,13.73,48.95,0.13,17.66,0
31.17,64.3,47.34,0.476,25.04,7.42,0.366,16.1,0
30.93,32.21,29.74,0.408,17.21,9.86,0.682,10.67,0
31.85,73.86,41.83,-0.158,23.3,13.41,0.598,18.51,0
25.67,83.46,44.7,0.109,20.46,27.03,0.428,25.11,0
29.83,87.48,37.33,0.107,14.57,80.8,0.35,17.42,0
18.22,39.88,27.12,-0.14,16.27,77.62,0.688,21.56,0
15.42,59.31,27.19,0.288,16.31,26.77,0.739,16.9,0
22.45,62.1,45.91,0.131,23.78,11.74,0.85,20.59,0
27.19,43.16,46.43,-0.171,21.57,66.38,0.113,20.27,0
22.69,61.36,40.48,-0.006,24.29,12.73,0.797,26.36,0
23.1,79.8,34.35,0.357,20.61,46.64,0.409,21.03,0
28.06,50.69,34.86,-0.277,16.7,2.47,0.395,12.59,0
25.66,68.56,33.17,-0.024,18.13,8.53,0.48,17.0,0
14.92,53.47,26.6,-0.297,15.96,29.44,0.529,29.91,0
29.06,57.48,38.43,-0.116,23.06,33.14,0.215,22.55,0
20.61,68.34,43.97,-0.612,26.38,34.52,0.729,31.13,0
24.05,64.5,42.19,-0.28,19.83,13.61,0.526,19.7,0
25.05,49.58,31.45,0.064,17.59,44.42,0.444,9.59,0
23.67,48.75,16.71,0.252,10.03,62.92,0.381,11.75,0
32.69,56.74,33.23,0.221,19.01,29.85,0.435,19.06,0
22.19,80.57,29.23,-0.339,17.54,63.28,0.439,28.47,0
24.51,48.14,29.78,0.001,17.87,88.29,0.779,19.47,0
26.67,41.35,25.28,0.312,15.17,39.84,0.678,7.45,0
21.63,1.0,28.49,-0.275,12.93,54.94,0.198,9.56,1
26.49,65.39,26.21,0.462,15.72,34.1,0.05,13.92,0
28.36,29.05,29.93,-0.366,17.35,2.56,0.822,5.93,0
27.19,26.36,48.23,-0.283,26.79,33.82,0.516,17.01,0
24.09,62.32,27.91,-0.208,16.75,13.7,0.717,24.27,0
30.33,65.22,37.52,0.479,21.22,44.05,0.34,23.6,0
35.83,51.64,38.84,0.232,23.31,53.61,0.697,9.68,0
31.42,65.2,27.17,-0.18,16.3,3.18,0.83,17.64,0
29.44,33.5,28.41,-0.671,17.05,51.3,0.648,16.59,0
26.99,23.51,34.5,-0.054,20.7,26.41,0.846,27.61,0
35.2,37.33,40.78,-0.178,20.44,61.79,0.342,22.19,0
28.29,65.98,28.8,-0.163,17.28,12.8,0.788,24.62,0
30.25,52.88,33.72,-0.974,16.6,15.92,0.205,17.46,0
23.8,71.11,35.47,0.071,21.28,23.17,0.768,20.76,0
31.34,70.61,32.39,0.496,18.83,29.52,0.508,13.49,0
29.48,40.62,27.68,0.267,16.61,9.21,0.435,12.56,0
28.17,64.98,26.39,0.096,11.16,36.11,0.392,11.61,0
26.9,45.88,23.61,-0.087,14.17,54.96,0.365,22.22,0
33.59,62.65,35.09,-0.038,21.06,8.28,0.714,19.93,0
24.17,51.3,28.17,0.197,16.9,12.94,0.505,19.22,0
23.12,71.48,34.0,0.221,20.4,92.96,0.724,25.69,0
27.84,44.32,25.26,0.199,15.16,125.15,0.819,19.86,0
29.35,27.45,40.86,-0.279,22.47,84.93,0.348,17.84,0
30.25,41.72,24.5,0.628,14.7,46.39,0.989,25.72,0
21.24,27.73,24.43,-0.696,14.66,98.85,0.754,21.12,0
31.16,72.39,39.74,0.36,19.48,12.2,0.587,7.12,0
29.8,62.83,42.36,0.248,25.05,1.18,0.935,17.32,0
17.62,24.71,34.9,5.0,17.6,1.23,0.271,15.39,1
22.43,51.06,43.67,0.159,26.2,45.92,0.809,22.48,0
26.89,47.82,47.84,0.368,22.75,2.68,0.668,24.27,0
37.03,67.47,22.54,0.626,13.53,22.35,0.742,21.27,0
23.65,62.45,31.85,-0.675,16.77,14.39,0.481,19.7,0
27.87,57.78,46.02,0.103,18.32,48.37,0.704,3.02,0
24.22,28.86,28.19,-0.342,10.84,3.82,0.382,4.62,0
18.87,63.58,37.06,-1.419,20.28,9.48,0.441,16.8,0
24.72,61.56,28.11,0.399,16.87,22.32,0.755,21.94,0
19.85,44.91,26.08,0.236,15.65,25.57,0.189,24.42,0
22.61,66.0,31.8,0.224,19.08,23.54,0.554,17.96,0
16.98,46.97,33.68,0.289,16.74,25.27,0.362,6.89,0
24.2,32.59,40.68,0.086,22.43,20.53,0.187,22.02,0
37.08,55.12,27.17,-0.22,16.29,79.94,0.301,23.83,0
24.75,62.42,39.38,-0.376,14.53,10.85,0.327,9.18,0
25.86,54.08,22.64,-0.587,13.58,159.84,0.851,16.86,0
38.07,52.41,40.0,-0.194,24.0,21.05,0.465,19.02,0
25.98,0.0,41.08,0.088,24.33,146.16,0.582,20.62,1
36.07,67.89,46.57,0.227,20.11,20.55,0.67,12.08,0
26.23,51.69,40.78,-0.149,19.43,3.47,0.453,10.87,0
25.67,54.28,45.18,0.716,27.11,167.63,0.662,16.88,0
19.12,57.87,30.22,0.744,17.09,32.18,0.38,16.69,0
24.86,44.03,38.53,0.129,22.51,4.85,0.55,19.61,0
20.55,65.55,22.94,0.513,13.77,177.75,0.535,24.39,0
27.85,51.02,18.45,-0.253,11.07,29.48,0.284,18.01,0
32.04,67.92,28.95,0.098,17.37,3.5,0.455,22.62,0
34.86,61.44,30.95,0.378,18.57,96.88,0.273,23.76,0
14.2,0.0,31.77,-0.203,18.26,21.87,0.233,19.97,1
34.69,38.9,36.23,-0.285,21.74,13.4,0.653,11.44,0
26.0,48.64,41.27,-0.211,24.76,7.71,0.693,21.83,0
26.04,41.23,34.33,0.676,20.6,9.13,0.633,19.12,0
28.99,55.13,23.67,-0.422,14.2,117.59,0.392,21.63,0
22.9,63.26,25.32,0.342,12.53,54.21,0.061,17.19,0
31.0,49.91,33.18,0.707,15.32,0.02,0.251,11.6,0
28.0,49.52,28.3,0.669,16.98,57.37,0.762,10.55,0
21.83,42.67,40.68,0.038,23.26,32.34,0.294,15.26,0
25.58,53.14,38.22,0.163,14.09,17.99,0.428,7.99,0
34.24,63.08,34.54,-0.065,17.78,92.44,0.264,16.28,0
30.1,52.09,28.97,-0.383,17.38,41.27,0.495,24.22,0
20.36,34.74,37.67,0.089,17.72,5.23,0.416,10.37,0
25.77,69.38,37.92,-0.223,22.75,9.04,0.42,19.59,0
23.23,42.62,24.04,0.217,12.26,88.54,0.129,8.95,0
29.96,56.96,29.19,0.109,17.51,20.11,0.545,15.75,0
21.17,81.5,17.7,-0.279,10.62,37.27,0.784,9.57,0
17.59,84.81,44.58,0.627,23.49,39.89,0.64,13.0,0
16.51,58.69,28.6,0.006,17.16,67.08,0.403,18.57,0
30.7,62.19,36.77,-0.126,22.06,77.51,0.759,15.99,0
21.03,100.0,35.56,1.009,14.58,37.27,0.18,13.28,0
28.89,48.18,42.66,0.259,15.31,8.25,0.545,6.62,0
19.59,41.78,53.7,-0.315,28.32,46.14,0.432,20.58,0
39.51,45.55,32.66,0.547,19.52,22.43,0.312,17.88,0
23.19,69.24,48.2,0.561,25.48,4.3,0.184,27.8,0
28.72,38.15,35.87,-0.16,21.52,48.51,0.79,13.15,0
19.38,1.0,31.45,0.05,20.54,8.55,0.483,19.64,1
24.86,78.86,31.19,0.126,18.71,16.87,0.694,27.55,0
8.91,58.28,33.44,0.404,20.06,44.43,0.458,25.66,0
18.71,43.71,35.93,0.017,20.86,141.25,0.255,18.48,0
27.47,89.22,52.62,-0.224,20.03,28.35,0.353,12.05,0
23.78,72.4,35.63,-0.184,21.38,94.69,0.87,27.93,0
15.33,80.1,43.24,0.188,20.12,66.04,0.175,14.94,0
28.28,51.46,27.91,-0.08,16.75,8.06,0.172,21.05,0
15.76,47.39,42.41,-0.061,12.52,0.69,0.116,6.0,0
29.78,41.55,25.64,0.418,13.02,34.7,0.183,17.95,0
18.65,28.81,34.54,0.491,20.73,31.61,0.813,19.99,0
29.01,41.07,28.64,0.046,11.56,1.4,0.201,13.65,0
29.66,49.38,30.62,-0.651,18.37,30.9,0.541,12.58,0
22.68,56.2,31.32,0.821,18.79,2.94,0.831,20.99,0
17.31,37.14,43.46,0.172,19.13,3.53,0.765,12.38,0
27.01,65.36,37.45,0.756,19.27,24.05,0.331,19.76,0
21.72,61.52,46.12,-0.097,19.43,111.46,0.174,13.94,0
29.52,39.4,45.26,0.824,24.32,236.89,0.646,22.53,0
39.89,35.96,45.02,-0.0,21.22,98.23,0.48,9.85,0
23.32,48.08,44.43,0.119,23.83,20.3,0.534,20.58,0
29.3,54.67,29.93,0.519,17.96,8.81,0.799,27.87,0
15.44,31.03,18.43,-0.158,11.06,84.02,0.452,19.09,0
19.64,72.06,37.06,0.47,14.77,16.48,0.317,10.96,0
21.25,62.97,29.74,-0.369,17.85,135.58,0.667,9.63,0
21.59,59.4,33.5,-0.358,20.1,71.22,0.284,20.87,0
21.15,68.14,33.9,-0.295,20.34,59.02,0.466,14.65,0
31.23,48.81,49.37,0.132,28.58,33.31,0.883,15.66,0
33.97,61.3,29.96,-0.258,15.64,16.67,0.403,9.57,0
30.05,67.59,13.6,0.756,8.16,32.24,0.443,13.73,0
20.36,54.86,37.48,0.908,22.49,4.82,0.938,24.23,0
23.52,64.0,37.87,-0.268,20.58,12.51,0.501,21.89,0
29.39,45.38,32.82,-0.787,19.69,1.66,0.079,23.12,0
16.32,72.68,44.44,0.569,26.66,24.53,0.922,32.95,0
24.75,67.7,39.3,-0.133,23.58,72.27,0.737,24.95,0
32.76,72.76,25.2,0.237,15.12,56.34,0.448,17.6,0
24.64,53.12,40.75,-0.193,24.32,35.13,0.371,17.15,0
28.48,11.06,19.42,0.032,11.65,36.19,0.807,16.79,0
28.86,42.21,31.77,-0.045,19.06,26.22,0.822,12.34,0
29.65,40.37,43.72,0.723,20.74,39.0,0.354,15.99,0
27.18,56.24,36.2,0.456,21.72,3.49,0.705,21.51,0
26.3,58.21,23.77,-0.188,14.26,29.98,0.602,30.08,0
16.68,49.21,36.15,0.005,12.71,43.94,0.088,19.57,0
30.96,75.45,39.83,0.079,23.9,7.11,0.683,23.69,0
34.46,68.08,34.4,0.13,17.57,3.17,0.332,20.92,0
24.74,63.1,34.09,0.673,20.45,143.34,0.579,20.12,0
34.4,47.13,44.53,0.294,24.77,51.25,0.573,13.84,0
32.66,40.51,33.53,-0.157,13.5,96.11,0.761,0.0,0
20.55,63.02,39.45,0.328,23.67,2.04,0.575,12.18,0
25.78,44.01,36.56,0.349,21.94,61.82,0.576,10.81,0
17.58,69.43,28.12,0.099,16.87,30.24,0.494,20.52,0
19.92,47.1,30.85,-0.191,18.51,3.54,0.474,20.9,0
27.52,65.96,26.22,0.053,15.73,44.34,0.174,24.03,0
30.26,76.78,34.84,0.091,20.9,10.26,0.542,18.67,0
19.38,40.5,40.0,-0.21,24.0,56.38,0.933,28.42,0
29.51,44.41,37.3,-0.049,22.38,67.37,0.231,31.17,0
24.08,59.1,32.7,0.09,19.62,16.38,0.5,24.51,0
28.35,12.18,34.78,1.079,20.13,108.66,0.348,19.22,0
31.25,37.7,53.54,0.106,20.75,23.96,0.363,10.23,0
29.12,72.75,35.39,-0.202,21.24,64.01,0.824,20.28,0
28.09,34.29,47.78,-0.246,20.34,45.82,0.505,18.91,0
22.7,48.1,36.55,0.274,21.93,226.45,0.823,18.87,0
30.42,58.01,33.82,0.038,17.39,33.48,0.688,12.53,0
23.17,31.97,35.88,-0.299,20.26,39.79,0.456,14.59,0
35.02,73.56,30.87,-0.169,18.08,2.25,0.387,19.8,0
29.35,72.19,43.93,-0.075,26.36,25.51,0.834,20.68,0
31.08,58.29,38.2,0.087,20.25,2.31,0.208,23.54,0
29.08,46.05,31.57,0.003,16.27,213.42,0.299,9.67,0
23.78,53.07,31.99,-0.615,19.19,58.81,0.663,7.53,0
-15.0,66.98,44.61,0.429,20.18,17.63,0.329,14.36,1
25.79,38.01,29.37,0.099,17.62,0.99,0.222,19.41,0
22.99,77.09,39.73,-0.317,22.54,21.21,0.161,25.29,0
25.38,57.37,39.86,-0.122,21.41,2.25,0.446,18.82,0
10.09,74.19,28.43,-0.21,17.06,123.5,0.424,16.68,0
36.42,49.42,19.29,0.338,11.58,2.39,0.49,12.59,0
26.6,63.15,36.28,0.319,19.41,45.23,0.727,10.04,0
30.68,50.45,46.87,0.145,15.45,35.04,0.18,9.06,0
19.42,23.83,35.74,0.2,12.71,22.37,0.423,6.41,0
29.04,62.82,25.58,0.05,15.35,42.7,0.118,15.78,0
40.18,37.02,45.11,-0.5,17.01,25.49,0.158,8.57,0
22.45,56.64,22.31,0.203,13.39,18.06,0.815,22.24,0
22.85,83.67,36.07,-0.245,18.2,21.42,0.577,15.83,0
27.72,44.51,31.48,0.19,16.36,52.23,0.298,14.36,0
21.47,76.71,34.9,0.786,20.94,53.23,0.656,11.77,0
20.21,72.55,44.37,0.273,23.88,11.91,0.619,18.34,0
35.14,40.53,13.3,0.029,7.55,47.54,0.232,7.3,0
24.31,64.13,29.75,0.199,17.85,57.83,0.364,22.84,0
22.66,46.61,27.23,-0.056,16.34,21.02,0.411,25.83,0
19.17,64.89,56.59,-0.239,26.75,108.52,0.813,12.71,0
31.0,43.32,44.37,0.351,22.39,18.05,0.377,13.51,0
25.41,15.54,32.62,0.055,16.65,229.32,0.204,10.64,0
28.77,66.09,29.89,-0.396,15.64,1.01,0.529,8.77,0
31.29,81.95,45.23,0.147,21.52,7.11,0.371,21.84,0
44.83,64.78,17.91,-0.603,10.75,11.77,0.646,26.99,0
23.83,59.96,19.47,0.463,11.68,121.05,0.131,24.02,0
20.8,39.73,37.54,-0.116,11.0,43.34,0.214,8.35,0
23.56,56.27,46.96,-0.547,21.32,38.77,0.589,14.34,0
22.51,53.3,45.4,0.222,21.81,26.11,0.199,15.83,0
22.77,45.78,15.47,-0.515,9.28,38.19,0.538,20.81,0
23.3,52.85,27.48,0.874,12.66,28.51,0.109,18.49,0
29.26,63.79,51.51,-0.421,25.64,1.99,0.581,14.84,0
32.86,27.69,25.0,0.304,15.0,3.73,0.822,10.83,0
32.42,62.96,46.64,0.329,23.42,31.29,0.684,9.78,0
28.77,55.75,28.27,0.056,16.96,33.24,0.232,22.89,0
29.97,54.44,47.99,-0.092,26.4,17.43,0.371,31.8,0
21.0,54.33,28.29,0.401,13.83,66.38,0.336,11.79,0
29.45,25.67,50.88,0.583,30.53,68.03,0.654,28.71,0
31.37,70.58,38.67,-0.19,23.2,0.39,0.852,30.05,0
24.72,48.58,38.55,0.073,27.75,264.38,0.888,23.32,1
19.38,67.03,21.98,0.305,13.19,19.04,0.651,26.46,0
22.12,72.25,31.35,-0.033,18.81,33.94,0.755,12.43,0
24.63,40.91,30.37,0.491,18.22,20.63,0.85,19.57,0
25.87,39.42,33.29,0.09,9.44,3.66,0.213,8.58,0
26.96,52.14,43.47,0.437,20.61,49.08,0.355,9.22,0
22.72,62.41,32.84,0.405,19.45,34.36,0.715,17.05,0
25.21,36.75,27.73,0.816,16.64,43.34,0.773,19.28,0
12.73,70.96,35.68,0.176,20.44,23.08,0.917,11.12,0
24.71,62.77,35.24,0.309,14.11,163.02,0.07,17.02,0
19.42,62.86,50.41,-0.126,22.5,12.57,0.266,19.02,0
34.46,47.5,48.13,0.02,28.88,97.49,0.766,28.54,0
27.61,25.07,32.08,0.146,19.25,10.6,0.629,30.05,0
21.49,79.24,31.0,-0.119,18.6,40.31,0.301,22.7,0
28.29,70.86,33.58,0.137,12.8,7.39,0.217,4.08,0
36.43,55.11,36.9,-0.195,22.14,83.2,0.398,15.03,0
26.78,79.83,30.26,0.257,18.16,30.82,0.781,19.75,0
32.57,75.8,35.89,-0.033,21.53,0.34,0.381,23.26,0
29.88,41.65,29.56,0.258,16.57,18.76,0.344,10.83,0
25.09,69.27,28.62,-0.068,16.3,78.48,0.307,12.8,0
29.63,70.7,39.52,0.323,20.69,43.6,0.157,19.81,0
21.03,67.63,26.09,0.898,7.43,23.52,0.089,6.23,0
19.15,59.61,53.94,0.206,28.16,111.09,0.513,15.96,0
26.88,50.75,54.24,-0.142,21.91,15.76,0.241,17.67,0
34.14,82.73,32.45,-0.241,16.39,42.47,0.399,17.23,0
19.98,31.62,44.3,0.467,26.58,66.95,0.917,16.65,0
30.92,44.28,33.27,-0.553,15.4,1.65,0.278,7.58,0
24.94,12.44,32.06,-0.517,15.94,21.23,0.372,9.04,0
23.9,40.23,23.62,0.125,14.17,41.49,0.566,14.1,0
21.99,83.03,41.41,-0.184,24.84,3.53,0.751,10.95,0
21.62,73.01,27.27,-0.144,16.36,30.51,0.494,21.05,0
29.38,56.16,49.94,0.016,20.5,58.62,0.181,17.49,0
28.83,40.32,28.9,0.119,17.34,26.09,0.166,15.25,0
18.98,58.65,42.74,0.524,20.47,64.89,0.589,7.76,0
28.4,73.1,37.48,0.628,18.8,15.98,0.495,17.17,0
14.72,49.04,26.55,-0.247,13.68,71.52,0.407,21.52,0
30.19,49.52,33.01,-0.022,18.34,16.82,0.354,24.13,0
35.3,92.28,27.39,-0.168,16.44,61.07,0.579,22.73,0
21.03,49.89,41.91,0.557,21.66,133.74,0.358,19.06,0
38.92,59.26,48.66,-0.297,28.59,35.46,0.498,25.0,0
29.25,40.22,43.4,-0.297,23.27,92.74,0.399,23.44,0
22.74,50.22,39.62,0.712,23.77,42.24,0.548,19.16,0
24.14,62.85,44.83,-0.179,26.9,19.22,0.561,26.68,0
16.92,64.35,35.8,-0.194,21.48,38.98,0.576,19.5,0
33.42,59.58,33.37,0.329,20.02,16.39,0.378,17.02,0
17.89,44.21,42.76,0.489,23.17,24.49,0.338,25.15,0
24.59,30.54,29.81,-0.3,17.88,21.72,0.337,19.63,0
29.69,46.23,43.23,0.526,21.2,13.67,0.799,15.7,0
27.72,100.0,46.8,0.844,28.08,0.49,0.459,24.7,0
24.15,59.83,40.45,0.302,24.27,101.16,0.577,26.09,0
31.63,52.88,27.98,0.695,16.79,15.21,0.814,23.4,0
20.57,44.08,29.95,-0.523,17.97,25.29,0.78,23.92,0
30.94,77.95,40.53,-0.534,17.96,33.67,0.403,8.68,0
30.28,61.7,48.38,-0.105,21.08,19.78,0.112,24.56,0
24.65,51.68,49.44,-0.049,28.54,46.21,0.225,25.24,0
8.36,52.24,18.88,0.208,11.33,178.7,0.478,17.42,0
37.29,50.1,38.66,-0.024,23.19,55.93,0.802,17.24,0
23.07,75.33,44.95,-0.188,23.49,3.2,0.524,19.59,0
29.14,56.85,52.68,0.067,25.8,15.1,0.516,20.56,0
28.06,39.16,30.77,-0.316,18.46,67.1,0.331,16.9,0
27.06,46.92,29.57,0.56,13.39,22.3,0.466,12.59,0
21.53,62.19,41.81,0.435,22.81,22.61,0.581,19.31,0
18.53,49.36,41.86,0.38,21.59,40.81,0.65,16.8,0
25.54,57.55,36.98,0.276,34.06,38.19,0.07,19.03,1
28.08,42.09,31.24,-0.085,18.74,8.16,0.559,21.36,0
31.74,74.08,29.63,0.008,17.78,38.26,0.525,14.58,0
33.41,54.4,28.76,0.11,17.26,73.93,0.701,27.59,0
20.13,74.97,14.05,0.193,6.58,31.01,0.234,9.92,0
24.19,44.26,27.54,0.016,16.52,81.0,0.773,21.02,0
26.12,62.21,29.28,-0.543,17.57,11.16,0.37,24.88,0
27.77,56.03,32.43,-0.402,19.46,28.06,0.529,36.95,0
17.45,46.23,30.17,0.636,18.1,17.95,0.262,26.76,0
35.54,0.0,40.24,-0.241,29.64,0.57,0.681,31.94,1
18.85,71.24,32.59,0.716,19.56,56.74,0.733,19.13,0
16.91,35.26,45.77,-0.213,27.46,71.78,0.657,26.73,0
26.17,73.79,42.3,-0.1,21.74,10.53,0.27,12.38,0
31.13,67.63,42.65,0.131,19.26,51.06,0.177,11.99,0
36.69,76.06,25.34,-0.187,26.02,13.77,0.368,16.82,1
18.17,36.89,39.73,0.142,23.84,5.46,0.156,26.22,0
28.66,51.65,55.49,0.164,39.01,33.06,0.01,18.12,1
20.3,66.73,22.95,0.548,13.77,23.1,0.328,23.97,0
21.8,43.6,34.69,-0.053,20.81,13.4,0.663,23.81,0
55.0,60.98,23.37,0.188,16.45,14.14,0.468,14.82,1
20.78,66.85,28.63,-0.005,17.18,7.11,0.541,28.31,0
32.59,61.84,38.57,0.204,22.51,72.55,0.732,20.2,0
28.23,89.07,21.45,0.193,12.87,1.69,0.752,25.16,0
23.78,36.04,30.58,0.046,18.35,36.35,0.457,21.1,0
30.52,45.55,44.34,0.55,19.11,22.91,0.132,19.88,0
33.67,36.44,32.43,0.233,19.46,24.32,0.639,25.39,0
29.53,39.68,35.33,-0.39,20.42,81.14,0.754,15.78,0
29.56,75.65,27.78,0.03,16.67,29.67,0.384,16.03,0
29.28,74.93,44.12,-0.491,24.18,39.72,0.505,13.94,0
28.64,59.65,15.92,0.669,8.87,85.69,0.162,12.49,0
17.56,51.59,37.69,-0.275,20.58,24.92,0.809,11.66,0
30.88,33.46,36.85,0.41,22.11,55.97,0.869,23.57,0
35.77,49.19,24.59,-0.09,14.75,2.96,0.887,13.86,0
29.87,59.16,28.7,0.568,17.22,13.77,0.525,28.26,0
31.79,37.17,44.51,-0.019,26.71,0.68,0.576,22.85,0
20.22,82.11,29.42,-0.013,17.65,19.04,0.721,16.43,0
17.47,42.46,19.52,0.307,11.71,1.52,0.338,18.21,0
18.46,50.06,35.86,0.148,21.52,4.19,0.538,21.64,0
26.77,49.0,36.93,0.562,20.32,8.63,0.672,10.61,0
14.52,65.22,38.18,0.233,21.01,23.57,0.52,13.17,0
21.61,28.2,31.24,0.196,18.75,104.7,0.644,16.49,0
33.53,57.41,25.21,-0.008,15.13,47.84,0.43,28.15,0
27.68,43.43,28.09,-0.13,12.89,90.04,0.332,14.63,0
22.54,44.36,27.85,0.333,16.28,45.95,0.53,13.27,0
20.49,61.26,24.85,0.267,14.91,17.98,0.743,15.39,0
29.09,76.55,29.19,0.03,17.51,62.57,0.578,15.53,0
24.36,55.72,46.07,-0.418,26.84,37.51,0.751,18.2,0
27.19,56.22,31.96,0.353,19.17,95.91,0.222,14.7,0
17.57,97.36,26.87,0.048,16.12,63.55,0.572,15.37,0
25.22,56.7,24.43,0.785,14.66,31.91,0.321,25.42,0
24.23,60.69,41.91,0.629,22.89,4.77,0.664,11.7,0
24.25,72.83,31.4,-0.447,18.84,84.71,0.325,17.76,0
13.26,38.94,44.77,0.159,24.15,45.05,0.473,14.54,0
20.6,52.06,38.42,0.724,23.05,19.12,0.596,12.59,0
24.4,44.7,21.76,-0.25,13.05,14.89,0.257,19.73,0
17.37,74.26,34.06,0.514,19.5,15.92,0.386,19.77,0
20.45,49.87,23.46,0.139,14.07,51.68,0.641,18.02,0
33.01,57.93,56.1,0.443,27.08,19.37,0.233,20.58,0
30.12,58.03,40.15,-0.165,17.72,31.38,0.404,21.31,0
26.47,63.06,47.31,0.351,23.04,114.07,0.473,19.76,0
25.56,61.28,26.19,-0.247,15.71,59.87,0.615,21.22,0
23.18,72.7,28.81,0.112,13.33,9.89,0.52,5.06,0
25.27,46.07,44.5,0.248,26.7,32.43,0.898,19.17,0
30.09,49.15,52.43,0.261,22.57,134.62,0.48,18.21,0
30.12,57.01,46.98,0.13,19.61,31.4,0.534,19.0,0
29.08,56.39,42.22,-0.335,23.15,10.85,0.662,14.12,0
28.42,81.21,36.09,-0.32,21.66,3.76,0.512,23.9,0
24.84,29.73,40.34,-0.427,24.2,87.02,0.708,27.46,0
16.36,56.08,23.05,0.362,13.83,16.18,0.713,21.59,0
20.54,53.97,37.15,0.778,14.03,76.67,0.747,9.2,0
22.71,55.2,40.4,-0.395,21.61,204.06,0.437,11.46,0
17.98,65.58,26.19,0.105,34.43,13.16,0.343,19.84,1
20.19,44.67,34.23,0.312,20.54,68.45,0.622,5.9,0
16.69,66.96,22.87,-0.541,25.76,4.65,0.535,12.49,1
14.74,48.37,46.63,0.12,17.27,33.63,0.319,20.31,0
33.91,58.98,33.15,-0.453,19.89,8.55,0.633,25.68,0
27.81,51.12,40.47,0.494,24.28,188.06,0.554,15.14,0
21.46,70.53,31.9,0.429,14.61,108.64,0.161,17.93,0
24.84,42.63,31.98,0.245,14.76,0.3,0.168,16.52,0
23.04,29.47,34.43,0.06,17.06,11.2,0.184,15.73,0
15.28,78.52,44.67,0.688,25.26,17.88,0.625,20.1,0
27.72,57.58,39.24,-6.0,20.39,36.91,0.208,21.26,1
29.71,41.83,28.4,-0.318,17.04,32.54,0.625,23.14,0
32.45,59.82,37.05,0.692,34.93,23.08,0.72,9.23,1
23.94,40.52,43.95,0.526,23.17,11.37,0.274,14.49,0
30.89,32.32,33.52,-0.051,15.96,20.98,0.418,8.31,0
24.08,52.21,57.92,0.16,26.37,33.32,0.495,22.55,0
23.13,45.79,46.73,0.079,24.72,29.61,0.521,13.34,0
33.11,58.14,35.82,-0.206,21.49,46.54,0.653,25.6,0
29.54,49.44,27.96,0.481,16.78,45.5,0.468,9.34,0
29.07,38.62,26.55,0.245,15.93,24.08,0.706,12.86,0
25.84,82.85,31.92,0.676,18.14,7.79,0.335,23.57,0
20.47,46.0,44.23,-0.108,26.54,28.05,0.881,19.91,0
29.91,47.06,38.25,0.382,15.75,19.31,0.611,6.13,0
21.1,69.23,34.62,0.044,20.57,7.24,0.939,5.58,0
25.38,67.12,29.79,0.358,17.88,26.87,0.376,21.27,0
31.63,61.12,44.82,0.28,17.63,30.75,0.443,15.35,0
22.36,46.92,10.0,-0.091,6.0,70.24,0.469,7.88,0
16.36,68.66,37.77,0.472,22.66,51.93,0.768,27.72,0
20.11,61.8,50.11,0.05,23.84,11.01,0.522,20.66,0
29.58,64.56,24.41,0.42,14.65,52.81,0.621,12.49,0
35.19,54.61,43.05,-0.079,16.93,20.77,0.342,12.9,0
26.06,49.63,17.77,-0.11,10.66,37.63,0.072,19.16,0
35.23,66.18,33.69,0.427,20.21,20.91,0.72,21.58,0
34.04,12.52,41.47,-0.301,16.2,39.66,0.086,14.7,0
27.43,35.01,25.94,0.749,8.62,33.81,0.306,3.96,0
33.08,52.41,35.58,-0.245,21.35,46.36,0.712,22.56,0
39.62,53.53,43.15,0.26,25.77,38.47,0.811,22.12,0
26.0,71.45,31.91,0.636,19.15,93.29,0.488,26.36,0
20.17,68.03,39.26,0.766,20.88,10.17,0.173,26.82,0
31.56,47.21,30.58,0.319,17.7,57.22,0.256,21.12,0
30.98,53.86,45.39,1.07,24.64,14.05,0.428,16.63,0
24.91,31.67,45.31,0.689,27.19,145.39,0.639,22.34,0
25.63,51.94,31.55,0.424,34.78,27.98,0.325,17.79,1
28.49,46.7,28.63,0.444,17.18,142.53,0.788,14.73,0
22.65,43.51,51.97,-0.135,24.76,70.44,0.373,24.02,0
25.67,58.48,35.78,0.068,21.47,43.96,0.467,25.48,0
26.42,63.19,35.73,-0.202,21.44,6.21,0.728,18.72,0
20.37,42.15,31.9,0.658,19.14,18.57,0.68,14.43,0
15.78,36.66,24.28,0.431,14.57,4.11,0.771,23.71,0
24.01,57.51,30.68,0.305,18.07,14.08,0.733,11.13,0
16.23,50.8,23.59,0.016,14.16,2.8,0.567,15.93,0
24.74,62.8,45.04,-0.058,26.1,27.3,0.788,18.98,0
33.24,76.43,20.88,-0.003,12.53,0.54,0.231,28.22,0
27.1,73.74,27.84,0.03,16.7,34.27,0.941,14.46,0
22.78,37.35,32.39,0.197,16.67,137.37,0.279,18.04,0
24.02,74.73,35.74,0.227,17.9,44.04,0.685,16.17,0
19.65,49.84,30.21,-0.137,18.13,28.9,0.686,17.64,0
28.05,70.11,32.52,-0.245,19.51,8.64,0.677,23.14,0
26.35,61.38,35.3,-0.632,21.18,50.45,0.272,32.8,0
22.25,46.66,42.15,-0.729,25.29,12.23,0.307,25.89,0
26.43,57.18,33.07,0.149,19.84,107.41,0.395,19.37,0
30.51,56.97,45.96,0.44,24.48,3.48,0.61,17.19,0
27.32,65.19,32.31,0.192,31.6,41.23,0.092,8.98,1
15.45,63.31,23.36,0.061,14.02,37.16,0.207,13.46,0
38.46,66.41,32.88,-0.127,14.41,15.53,0.152,14.65,0
29.08,58.07,11.8,0.268,7.08,8.47,0.347,8.69,0
34.88,51.36,26.39,0.268,15.83,32.73,0.748,17.26,0
24.49,64.93,27.22,0.635,16.33,19.96,0.81,33.21,0
22.06,56.73,42.1,6.0,22.87,16.35,0.646,14.72,1
27.63,40.15,42.66,0.709,18.88,20.91,0.309,15.5,0
18.56,47.17,25.11,0.802,14.98,22.29,0.817,13.89,0
20.11,62.75,23.19,0.317,13.91,38.32,0.628,9.22,0
31.64,69.35,28.48,0.093,17.09,2.28,0.331,28.2,0
23.86,73.82,33.09,0.285,17.26,6.87,0.28,21.47,0
26.96,60.94,41.13,0.651,18.05,3.49,0.481,11.86,0
14.18,56.27,33.6,-0.146,17.07,12.18,0.643,15.12,0
22.89,69.33,51.79,0.609,19.66,88.03,0.16,17.78,0
33.41,37.02,32.1,0.036,19.26,123.85,0.613,23.37,0
34.52,55.62,27.75,-0.479,16.65,54.1,0.193,21.61,0
34.79,45.44,31.53,-0.138,12.07,1.34,0.066,11.22,0
22.37,59.15,39.47,0.425,19.69,35.48,0.403,8.51,0
34.96,63.11,30.32,0.119,18.19,1.44,0.673,12.7,0
32.51,23.65,46.48,-0.244,23.79,11.25,0.094,25.72,0
35.76,47.53,48.58,0.453,20.82,0.14,0.584,9.9,0
28.81,45.24,32.11,0.535,19.26,11.93,0.853,19.47,0
22.08,57.74,35.99,1.019,21.6,0.88,0.705,28.74,0
27.09,58.47,29.21,0.356,11.79,18.01,0.292,12.86,0
32.26,57.18,22.65,-0.105,13.59,24.01,0.537,10.21,0
31.5,50.8,32.74,0.276,19.65,9.25,0.731,16.89,0
37.19,62.29,17.21,0.232,10.33,30.39,0.426,12.81,0
30.08,50.89,27.1,0.001,16.26,2.57,0.341,22.38,0
29.5,48.13,46.45,0.196,19.22,8.27,0.364,17.72,0
25.53,10.0,44.94,0.518,36.79,52.2,0.012,8.65,1
8.47,58.35,29.87,0.451,17.92,7.75,0.473,19.46,0
17.97,62.13,41.06,0.296,19.18,53.87,0.631,9.02,0
31.31,65.37,35.74,0.474,21.45,51.49,0.614,24.86,0
23.5,67.63,43.45,0.679,21.61,49.18,0.656,17.39,0
20.03,71.79,27.83,0.516,14.44,51.29,0.418,9.46,0
25.2,73.3,33.65,0.694,20.19,57.06,0.754,27.51,0
26.09,22.08,39.67,0.344,23.52,38.3,0.755,15.28,0
22.68,81.42,35.74,0.272,21.44,5.31,0.611,18.86,0
30.74,25.02,52.65,0.075,26.49,123.28,0.304,23.88,0
26.55,78.67,35.23,0.409,21.14,25.27,0.497,25.32,0
31.55,40.29,44.2,0.122,39.41,7.06,0.084,12.29,1
25.85,74.88,37.77,-0.971,21.33,21.5,0.305,29.85,0
17.84,56.55,28.52,0.463,17.11,6.48,0.099,21.52,0
31.3,17.53,45.87,0.186,21.46,6.58,0.316,14.01,0
29.43,32.94,42.03,0.451,18.85,122.11,0.802,5.64,0
32.49,85.54,42.4,0.236,24.53,148.04,0.618,21.33,0
20.96,48.73,47.39,0.003,19.36,52.67,0.617,16.34,0
21.85,58.18,27.51,0.441,16.5,154.74,0.541,12.32,0
12.96,41.56,33.18,0.386,19.91,49.53,0.106,28.23,0
27.17,35.94,43.06,0.051,25.84,3.29,0.785,11.31,0
32.62,55.77,29.56,0.419,17.74,31.32,0.948,18.58,0
29.01,60.76,31.87,-0.188,18.15,145.9,0.463,18.49,0
24.56,65.18,34.8,0.365,17.41,7.42,0.644,12.93,0
21.82,43.81,31.91,-0.219,12.87,61.75,0.54,20.16,0
31.03,59.67,43.59,-0.351,17.21,41.17,0.319,13.46,0
26.7,30.53,41.7,-0.115,22.34,104.19,0.096,27.24,0
45.0,49.06,27.79,0.735,5.8,42.86,0.055,12.22,0
21.42,42.61,24.33,0.395,14.6,22.67,0.524,21.46,0
22.11,51.7,44.37,0.781,26.62,3.17,0.698,22.87,0
33.38,33.55,41.83,-0.396,29.95,296.11,0.534,21.76,1
22.8,33.51,37.22,-0.403,17.8,47.68,0.44,11.98,0
37.08,53.17,35.83,-0.418,20.93,20.54,0.243,26.31,0
27.56,54.42,33.29,0.227,19.97,54.97,0.625,12.07,0
27.12,74.55,53.92,-0.594,26.85,6.64,0.503,13.12,0
21.14,43.14,26.69,-0.457,14.42,35.48,0.667,15.69,0
33.9,37.2,28.92,0.026,17.35,26.06,0.653,18.5,0
31.14,57.35,40.72,0.758,14.31,1.5,0.3,14.92,0
29.01,74.37,31.13,0.78,18.68,1.56,0.375,29.55,0
26.12,68.31,40.96,0.188,24.57,16.37,0.745,25.34,0
17.52,49.41,39.3,0.232,21.78,1.55,0.178,31.18,0
27.22,63.61,50.62,-0.322,26.59,16.15,0.802,20.1,0
27.67,55.26,34.99,-0.35,20.99,46.14,0.568,30.46,0
23.05,33.9,43.26,0.514,25.12,93.93,0.526,24.35,0
22.4,74.77,39.98,0.284,21.79,86.23,0.358,27.22,0
24.67,40.48,20.96,-0.366,12.29,38.05,0.206,11.64,0
29.1,43.62,39.34,-0.319,23.61,33.52,0.645,16.75,0
25.47,79.07,46.58,0.345,19.95,30.14,0.615,6.52,0
23.54,56.68,30.33,0.154,18.2,127.78,0.599,13.41,0
36.06,53.84,40.93,-0.419,18.38,54.48,0.664,12.88,0
21.91,34.42,38.73,-0.078,19.29,31.63,0.174,15.48,0
20.91,28.86,40.93,-0.033,19.75,10.02,0.616,20.76,0
-15.0,94.06,40.95,-0.311,21.92,17.72,0.698,11.75,1
27.49,68.34,30.07,-0.063,18.04,116.13,0.239,27.67,0
30.17,53.13,22.0,-0.385,13.2,94.52,0.52,27.21,0
27.3,53.15,31.35,0.026,31.84,265.1,0.691,26.17,1
24.65,63.57,25.78,0.529,15.47,5.46,0.747,11.58,0
18.57,76.69,31.59,6.0,18.49,40.38,0.618,11.05,1
17.55,46.27,33.63,-0.448,19.42,11.91,0.313,15.63,0
33.42,45.97,34.29,-0.316,19.89,33.78,0.568,10.6,0
22.58,59.61,23.78,0.872,14.27,3.19,0.246,20.56,0
20.36,40.82,32.03,0.785,16.09,27.93,0.278,7.94,0
29.05,68.94,40.5,-0.141,19.51,10.0,0.377,13.0,0
32.05,77.17,23.12,0.18,13.87,99.15,0.757,21.4,0
27.79,67.75,27.57,0.758,16.54,41.48,0.496,20.29,0
10.37,38.89,35.73,-0.106,20.52,62.41,0.24,24.08,0
31.07,55.69,36.62,-0.568,21.3,2.46,0.337,18.62,0
25.09,69.55,30.0,-0.72,18.0,20.72,0.636,24.9,0
27.99,67.79,41.26,-0.021,24.75,60.3,0.856,21.59,0
29.49,45.08,27.67,0.042,13.65,16.26,0.317,6.42,0
21.38,46.15,42.18,0.3,19.78,61.35,0.661,6.93,0
28.14,61.48,41.91,0.324,20.01,26.13,0.444,7.96,0
30.98,35.68,46.59,-0.094,21.55,38.12,0.465,11.8,0
25.09,55.03,45.48,-0.176,23.34,7.99,0.374,8.59,0
23.81,34.62,31.18,0.488,13.78,108.7,0.359,18.73,0
23.65,68.89,35.67,0.0,15.07,72.93,0.432,8.79,0
38.34,46.02,35.18,0.82,21.11,108.13,0.93,18.8,0
17.29,58.72,32.84,0.266,19.7,27.76,0.619,13.58,0
34.21,75.33,28.78,-0.215,17.27,2.87,0.801,22.47,0
22.09,71.59,33.23,0.7,19.94,8.56,0.8,11.9,0
22.7,79.22,19.47,0.493,11.68,30.61,0.214,13.91,0
33.83,56.22,37.9,0.151,22.74,33.06,0.752,29.09,0
19.49,46.91,31.81,0.481,19.09,88.28,0.908,28.45,0
14.2,53.48,19.53,-0.067,11.72,11.31,0.364,17.93,0
19.63,65.99,26.17,-0.525,15.55,11.61,0.306,21.56,0
26.65,40.75,18.04,-0.015,10.82,96.62,0.724,13.7,0
28.65,40.56,28.67,0.38,17.2,21.46,0.317,32.21,0
36.53,41.91,36.18,0.742,21.71,66.2,0.567,22.04,0
27.03,51.59,30.49,0.345,18.29,36.3,0.42,23.49,0
27.26,44.78,37.98,0.305,21.25,39.26,0.128,24.38,0
25.25,1.0,48.82,-0.152,26.5,40.37,0.835,14.87,1
23.34,59.87,47.84,0.075,24.84,6.88,0.426,19.61,0
23.07,65.23,46.12,0.454,19.4,30.6,0.173,10.19,0
26.91,53.14,39.8,0.484,16.3,45.6,0.604,6.45,0
17.49,30.08,18.48,0.028,11.09,86.12,0.515,13.47,0
24.42,53.35,36.85,0.154,16.33,98.7,0.36,11.45,0
26.11,45.89,32.1,-0.727,19.26,25.53,0.704,7.77,0
31.15,58.33,32.09,-0.241,16.31,21.63,0.617,7.22,0
31.81,48.0,14.95,-0.158,8.97,16.34,0.628,16.8,0
20.45,43.54,33.49,0.163,20.09,33.83,0.233,27.46,0
20.49,80.27,30.37,-0.022,18.22,3.92,0.389,20.86,0
30.55,87.55,38.27,0.02,22.96,52.24,0.762,18.68,0
24.87,43.5,42.81,0.167,25.68,11.79,0.622,24.83,0
18.01,49.18,30.56,0.572,18.34,11.53,0.835,6.79,0
29.81,68.09,34.12,0.361,16.38,14.97,0.582,14.48,0
18.82,57.32,43.68,-0.136,24.05,16.3,0.914,16.59,0
19.24,74.21,29.9,1.203,17.94,14.8,0.386,25.34,0
28.52,68.51,27.28,0.048,15.09,62.68,0.564,12.85,0
18.49,77.0,24.72,-0.246,14.83,7.74,0.564,18.31,0
43.69,30.52,39.9,-0.186,22.62,2.92,0.696,24.67,0
21.69,49.42,24.24,-0.273,14.54,66.51,0.798,21.8,0
19.63,67.85,31.39,0.016,18.83,95.67,0.637,14.45,0
23.13,70.44,29.97,-0.454,15.12,35.8,0.348,15.31,0
19.88,64.89,39.68,0.27,14.37,26.79,0.077,19.68,0
24.6,57.33,25.76,0.748,12.43,20.14,0.334,10.51,0
18.63,46.78,20.84,-0.459,12.5,73.96,0.646,15.5,0
21.22,54.48,52.0,0.709,17.43,62.72,0.416,10.41,0
22.39,67.59,40.59,0.105,22.03,11.69,0.625,12.83,0
37.42,73.83,40.11,0.49,24.07,19.45,0.783,25.32,0
24.33,92.46,33.13,-0.156,19.88,70.74,0.758,22.15,0
27.02,54.05,28.74,-0.298,17.24,34.19,0.478,20.69,0
25.92,39.19,39.83,-0.052,23.9,7.23,0.682,23.51,0
29.02,39.61,28.03,-0.627,16.82,73.02,0.215,18.24,0
35.46,67.35,52.57,0.254,19.53,64.82,0.547,19.04,0
34.18,60.9,23.2,0.611,13.92,57.04,0.381,21.23,0
33.28,59.62,45.79,0.08,21.13,4.98,0.742,10.22,0
32.2,90.83,32.13,0.659,8.56,3.34,0.238,16.95,0
14.24,75.83,46.3,-0.707,20.4,113.83,0.451,16.76,0
23.32,44.95,42.49,-0.219,23.91,45.52,0.402,20.92,0
24.76,50.19,34.39,0.302,20.64,33.35,0.783,20.32,0
25.71,33.66,34.59,-0.089,15.11,39.76,0.252,15.24,0
16.5,87.32,17.06,1.179,10.24,0.7,0.283,25.84,0
27.71,26.29,36.14,0.15,21.68,111.09,0.86,33.53,0
35.17,38.18,28.28,0.175,16.97,12.31,0.633,16.26,0
21.28,53.34,24.97,1.016,13.25,32.01,0.135,8.47,0
27.18,60.74,35.79,0.066,17.62,9.36,0.22,17.89,0
21.74,44.51,36.7,0.346,22.02,62.3,0.953,21.95,0
21.48,63.28,31.91,-0.17,19.14,47.83,0.633,18.89,0
10.45,45.61,21.19,-0.353,12.72,88.98,0.436,22.58,0
31.9,41.23,32.75,0.307,17.56,111.8,0.173,18.43,0
19.57,34.65,11.37,0.079,6.82,83.48,0.643,6.44,0
33.97,74.92,34.7,0.047,20.76,14.57,0.569,19.07,0
35.59,38.71,26.58,-0.27,13.04,36.64,0.105,11.28,0
19.93,39.84,34.08,0.082,20.45,2.36,0.395,24.66,0
17.57,45.22,37.53,0.861,22.52,10.09,0.764,18.03,0
24.99,70.44,24.5,0.64,14.7,22.51,0.224,18.91,0
28.33,64.28,39.7,-0.293,16.77,155.87,0.261,11.17,0
30.07,31.44,37.74,-0.132,21.27,33.18,0.478,14.2,0
32.86,71.52,35.45,0.548,21.27,10.96,0.472,20.55,0
29.74,69.63,19.28,0.377,11.57,27.83,0.445,27.74,0
25.52,46.16,41.81,0.581,25.09,87.83,0.135,31.86,0
32.4,59.83,46.76,-0.239,28.05,73.82,0.657,30.39,0
28.56,47.96,48.44,-0.598,27.58,105.03,0.257,31.67,0
27.07,63.95,40.55,0.714,20.76,40.49,0.328,21.08,0
29.94,47.93,29.95,-0.2,17.96,38.48,0.09,14.59,0
28.81,34.64,29.97,0.79,17.98,83.4,0.447,13.66,0
25.36,40.32,40.63,0.395,24.38,37.8,0.922,30.07,0
25.9,59.55,39.74,-6.0,23.39,12.95,0.732,15.33,1
24.89,60.38,39.13,0.383,20.68,17.46,0.745,19.08,0
22.81,51.66,39.65,0.406,14.99,48.05,0.315,10.51,0
30.31,21.69,25.8,0.472,15.48,1.95,0.543,20.25,0
60.0,50.14,17.68,0.429,17.49,51.03,0.671,15.9,1
25.77,26.38,23.06,0.605,13.84,49.49,0.36,21.03,0
24.33,50.88,40.15,0.732,23.35,62.63,0.374,21.11,0
28.62,47.79,29.96,-0.135,17.97,9.85,0.681,19.97,0
30.71,53.78,41.83,0.126,19.28,32.09,0.88,6.84,0
25.72,82.83,34.74,0.295,18.34,17.16,0.464,11.76,0
29.67,59.94,24.15,0.318,14.49,10.95,0.654,7.44,0
28.66,61.76,31.43,0.345,15.78,65.58,0.242,18.88,0
23.08,52.52,47.66,-0.126,22.0,77.18,0.681,22.34,0
20.14,85.75,26.21,0.364,15.73,18.85,0.439,11.9,0
21.36,68.85,29.39,0.602,17.38,7.44,0.435,14.55,0
20.86,1.0,38.55,0.071,25.13,14.65,0.786,19.06,1
30.91,73.79,27.29,-1.039,16.38,48.71,0.76,19.78,0
29.78,55.49,47.44,0.323,20.6,0.01,0.336,20.54,0
34.58,51.26,35.99,0.132,32.73,2.05,0.602,7.45,1
26.2,53.96,30.92,0.299,18.55,91.85,0.644,18.19,0
21.48,53.83,41.92,-0.614,25.15,30.62,0.679,30.58,0
25.33,51.36,30.37,0.196,14.06,24.41,0.245,16.83,0
21.42,32.35,48.97,0.08,24.17,127.08,0.496,16.86,0
25.28,80.79,35.78,0.508,15.98,30.83,0.571,10.06,0
22.63,60.27,32.48,-0.012,19.49,102.87,0.56,16.87,0
28.1,53.04,50.16,0.772,27.47,39.12,0.728,18.96,0
29.05,40.88,28.8,-0.646,14.7,8.72,0.231,21.1,0
27.9,92.51,23.33,0.223,14.0,12.63,0.398,23.48,0
28.58,60.82,31.63,-0.413,18.98,24.14,0.376,7.37,0
23.48,55.69,52.27,0.145,24.18,94.19,0.192,13.04,0
27.94,45.0,36.96,0.259,22.18,174.7,0.659,24.98,0
14.15,62.37,38.2,0.142,18.76,10.7,0.631,13.2,0
24.85,76.79,36.87,-0.09,22.12,132.3,0.753,21.46,0
35.67,46.52,36.74,0.248,22.04,10.78,0.613,30.91,0
22.79,66.88,53.31,0.455,29.3,39.96,0.81,23.52,0
32.36,64.49,35.94,-0.187,14.39,50.87,0.195,13.26,0
25.74,65.48,34.89,0.347,14.27,2.57,0.33,13.37,0
27.35,79.28,22.76,0.528,13.65,126.48,0.636,17.14,0
25.85,69.18,38.16,-0.329,13.98,71.89,0.053,9.16,0
22.4,70.56,36.14,0.027,21.68,15.92,0.339,16.01,0
16.13,57.98,37.05,0.018,22.23,68.73,0.64,27.73,0
30.25,56.47,13.34,0.05,8.0,14.92,0.348,13.78,0
29.09,64.84,37.19,0.614,28.97,1.19,0.056,20.06,1
13.27,46.16,43.48,0.418,24.23,61.54,0.515,12.63,0
25.31,58.43,36.86,0.283,19.19,34.63,0.319,20.51,0
27.09,89.09,30.25,-0.459,18.15,6.07,0.7,23.2,0
25.73,40.1,43.85,0.176,22.08,36.2,0.182,22.66,0
16.66,27.4,39.17,0.238,23.05,9.64,0.658,15.52,0
13.76,55.45,30.62,0.698,18.37,5.04,0.347,25.99,0
22.46,53.51,27.01,0.122,16.21,12.32,0.852,8.37,0
30.69,56.16,30.64,0.512,18.38,5.11,0.56,20.06,0
38.55,66.64,32.8,0.03,19.68,70.42,0.711,21.19,0
24.03,54.23,48.11,0.419,28.23,42.35,0.636,20.99,0
40.64,46.31,43.25,0.124,24.31,6.19,0.242,27.72,0
27.44,40.39,27.99,-0.089,16.79,18.54,0.606,26.21,0
29.89,38.43,35.47,0.361,14.98,1.63,0.276,16.67,0
27.41,58.79,42.28,0.378,20.3,0.68,0.467,17.02,0
31.34,17.02,27.88,-0.086,16.73,127.33,0.764,18.5,0
22.62,82.44,41.54,0.045,14.79,13.06,0.53,4.88,0
26.33,22.33,27.28,0.792,16.37,0.88,0.687,24.72,0
39.8,1.0,33.08,0.651,22.37,12.18,0.822,14.71,1
16.86,62.07,18.6,0.163,11.16,14.84,0.271,18.09,0
18.51,58.77,36.01,0.176,21.6,190.25,0.748,8.61,0
31.23,42.3,24.77,-0.391,14.86,13.39,0.243,25.3,0
34.16,36.33,36.32,-0.333,19.88,35.87,0.139,18.73,0
20.9,60.75,24.28,-0.036,14.57,45.47,0.381,17.06,0
17.38,45.82,35.01,0.687,21.0,59.12,0.706,20.58,0
27.96,65.31,35.93,0.303,21.56,5.01,0.664,25.11,0
25.1,63.99,28.88,0.623,44.55,16.13,0.458,13.91,1
18.8,42.04,38.94,-0.313,23.37,106.79,0.766,23.82,0
24.07,32.82,38.84,0.189,21.26,68.06,0.145,17.23,0
29.46,54.96,33.74,-0.025,20.15,27.98,0.367,24.63,0
23.89,65.61,41.06,-0.24,24.63,22.08,0.685,22.04,0
18.99,39.29,34.93,-0.805,20.96,12.57,0.354,21.71,0
29.9,66.2,48.22,0.037,26.51,3.06,0.795,23.8,0
21.3,65.44,37.11,0.466,22.27,7.16,0.7,32.26,0
19.75,59.48,24.4,0.59,14.64,32.06,0.562,14.5,0
35.98,0.0,26.97,0.169,21.52,17.22,0.766,17.8,1
55.0,30.79,36.7,0.2,20.77,21.8,0.301,21.45,1
29.35,52.88,39.36,-0.072,19.07,27.19,0.101,17.25,0
18.43,44.4,36.09,-0.176,21.66,31.19,0.737,21.24,0
33.67,72.59,28.02,0.059,14.31,6.98,0.156,18.96,0
21.22,34.21,38.98,0.212,21.22,18.25,0.247,26.47,0
27.92,59.49,38.6,0.225,20.73,35.34,0.78,15.06,0
35.99,73.59,39.04,0.158,19.57,196.93,0.823,8.81,0
24.69,45.9,34.53,0.268,19.72,9.46,0.452,22.59,0
28.44,39.24,27.99,0.162,16.8,47.81,0.83,12.99,0
33.02,57.52,30.02,0.182,18.01,50.96,0.487,21.98,0
28.53,79.61,28.99,-0.404,17.4,14.78,0.762,12.69,0
26.13,43.11,29.1,0.408,17.46,1.04,0.601,23.57,0
30.52,32.83,36.62,0.712,56.62,29.82,0.437,22.97,1
22.63,50.38,31.59,0.157,18.96,24.0,0.379,28.07,0
15.36,62.61,43.83,0.767,26.3,14.3,0.571,25.91,0
15.74,74.68,28.43,0.661,17.06,20.51,0.23,17.97,0
29.23,53.02,31.51,-0.215,16.34,8.72,0.405,14.84,0
27.87,55.55,40.7,-0.006,20.07,13.74,0.661,5.32,0
28.55,47.08,37.14,0.643,17.45,40.7,0.347,16.1,0
33.86,53.79,29.12,-0.232,17.47,17.19,0.236,17.44,0
8.77,63.78,27.02,0.752,16.21,23.27,0.609,18.46,0
28.84,46.2,35.05,0.506,21.03,13.78,0.425,20.54,0
25.4,62.31,37.69,0.712,19.97,55.5,0.841,8.71,0
24.62,37.0,38.35,0.882,23.01,18.04,0.368,22.81,0
28.41,77.85,54.1,0.263,21.91,179.53,0.225,18.91,0
22.9,60.86,25.33,0.122,13.29,22.25,0.613,11.28,0
19.57,61.8,40.38,0.267,23.91,6.31,0.7,17.91,0
19.05,49.04,36.15,-0.037,21.28,72.42,0.201,17.81,0
30.8,42.9,38.28,-0.408,16.66,67.63,0.744,6.34,0
16.44,68.99,29.34,0.379,17.6,98.52,0.182,22.01,0
29.31,53.41,39.97,0.974,23.69,10.76,0.628,27.01,0
24.07,72.16,50.78,0.52,24.54,8.82,0.633,14.57,0
33.12,38.47,49.67,0.305,24.74,9.43,0.855,14.62,0
25.56,57.56,28.33,0.054,17.0,83.39,0.787,24.58,0
27.34,51.72,34.15,0.287,18.48,32.89,0.481,20.96,0
31.3,67.65,36.79,0.263,21.1,27.23,0.626,13.72,0
24.32,50.23,27.81,0.03,16.69,18.89,0.663,17.63,0
31.51,37.73,29.17,0.658,17.5,31.43,0.841,4.39,0
26.2,59.62,23.33,0.249,14.0,9.62,0.844,29.59,0
13.4,65.35,37.36,0.696,22.42,62.52,0.511,23.85,0
40.67,57.63,43.81,0.526,19.81,44.29,0.715,0.06,0
14.8,72.93,31.74,0.863,19.05,50.52,0.779,23.13,0
36.02,38.09,50.18,-0.279,21.13,118.45,0.551,12.45,0
22.4,59.47,36.84,-0.334,22.11,88.19,0.795,21.96,0
19.99,79.13,39.17,0.713,18.81,122.8,0.214,13.55,0
28.64,61.97,28.92,-0.447,17.35,26.37,0.336,14.38,0
28.99,66.36,22.93,0.307,13.76,79.17,0.541,23.11,0
19.56,64.68,28.58,-0.049,17.15,10.91,0.341,21.29,0
29.64,57.06,35.81,0.278,13.44,35.05,0.294,8.94,0
28.0,78.83,38.49,-0.006,11.91,16.77,0.087,9.23,0
36.4,35.95,36.88,-0.357,21.88,21.31,0.442,24.21,0
26.11,42.52,28.48,-0.02,17.09,95.51,0.388,19.45,0
35.48,56.1,32.29,-0.676,19.37,200.77,0.261,21.21,0
35.69,72.7,38.76,0.66,22.38,11.65,0.308,23.18,0
23.75,42.81,23.62,-0.518,14.17,4.6,0.09,22.51,0
27.6,51.93,35.02,0.523,17.6,3.33,0.451,20.17,0
21.3,53.16,19.76,-0.298,10.79,88.01,0.215,12.98,0
27.52,47.34,42.91,0.089,19.57,68.57,0.633,21.85,0
26.33,72.3,46.14,-0.261,26.45,93.46,0.601,24.19,0
31.85,43.3,23.59,0.845,14.15,0.68,0.353,17.97,0
20.61,55.19,40.96,0.716,20.97,59.53,0.705,18.33,0
31.33,38.05,43.25,-0.064,13.45,48.95,0.294,7.22,0
37.48,57.8,24.56,0.204,14.74,43.2,0.723,20.22,0
19.59,68.78,34.54,0.154,20.72,17.83,0.841,15.84,0
29.73,47.62,40.41,0.645,21.2,24.76,0.224,15.73,0
27.27,58.49,38.52,-0.62,22.79,11.43,0.584,18.78,0
32.28,67.74,26.78,0.469,16.07,75.38,0.682,7.4,0
28.21,55.47,30.37,0.277,18.22,4.12,0.47,15.03,0
22.12,40.11,37.74,0.125,16.74,41.64,0.189,21.34,0
12.52,51.67,43.22,0.509,25.93,99.17,0.431,32.9,0
21.52,54.08,35.1,0.896,17.43,40.79,0.608,12.31,0
21.45,49.32,35.19,-0.302,21.11,30.67,0.646,18.28,0
11.82,25.95,35.98,0.24,19.73,60.29,0.506,10.91,0
36.53,52.18,20.96,0.238,12.57,58.92,0.126,15.31,0
31.22,55.74,28.3,0.012,16.98,5.55,0.615,12.43,0
24.67,61.25,30.11,-0.241,11.46,14.3,0.269,8.34,0
25.87,44.97,50.87,-0.129,15.92,17.85,0.126,13.54,0
28.48,52.83,29.26,0.065,17.56,1.81,0.294,19.58,0
22.08,44.38,38.86,0.18,23.32,48.71,0.555,26.29,0
22.31,58.77,41.82,6.0,24.29,13.2,0.269,27.85,1
30.16,42.3,24.66,-0.121,14.79,34.07,0.528,20.63,0
26.53,63.87,24.84,0.341,14.9,133.89,0.278,28.16,0
32.65,46.29,28.09,0.318,16.85,4.72,0.471,21.78,0
22.15,75.26,33.13,-0.578,19.3,13.42,0.492,11.61,0
28.48,68.39,41.56,0.123,18.73,14.72,0.556,13.47,0
30.55,59.82,27.85,-0.032,16.71,41.31,0.835,13.49,0
45.0,37.65,47.31,0.35,25.22,76.62,0.748,17.9,0
21.27,37.25,36.3,-0.178,15.41,34.88,0.124,14.6,0
25.25,52.15,30.95,0.658,18.57,48.63,0.598,20.21,0
25.43,41.86,24.02,0.444,14.41,50.73,0.755,22.14,0
28.62,63.28,29.99,-0.096,16.89,12.31,0.451,16.14,0
26.64,27.69,19.22,0.046,11.53,53.21,0.715,28.0,0
18.93,66.14,33.01,-0.446,19.8,23.17,0.67,10.68,0
28.2,38.56,39.36,-0.296,20.28,23.08,0.146,19.02,0
27.6,65.97,48.54,0.021,21.83,182.44,0.85,13.72,0
32.96,63.22,37.26,-0.319,22.35,14.66,0.729,24.75,0
24.15,57.23,42.96,-0.435,24.85,28.56,0.449,28.73,0
20.11,52.91,38.58,0.503,22.86,51.46,0.65,14.15,0
35.7,53.27,38.29,0.491,20.82,62.31,0.465,15.9,0
23.67,52.63,40.66,-0.207,24.39,38.94,0.682,19.49,0
23.48,66.66,33.09,0.375,19.86,17.54,0.466,18.97,0
22.69,55.71,35.52,0.405,21.31,16.1,0.732,29.71,0
16.14,42.28,32.39,-0.684,16.45,4.04,0.234,18.68,0
21.11,48.05,36.67,0.227,15.85,72.34,0.376,9.44,0
27.05,51.45,32.11,0.809,19.27,210.01,0.193,24.29,0
30.76,61.14,42.78,-0.278,21.69,17.85,0.269,18.29,0
29.49,46.81,16.8,-0.297,10.08,10.04,0.588,20.19,0
15.52,41.36,53.21,0.26,27.61,282.14,0.616,18.36,1
30.32,60.12,38.11,-0.749,21.72,14.1,0.217,24.62,0
17.92,64.67,35.43,0.223,14.57,38.0,0.64,3.76,0
24.52,55.84,51.89,-0.111,16.67,46.91,0.219,19.14,0
29.03,62.13,35.01,-0.737,21.01,103.4,0.813,24.46,0
29.13,64.89,29.62,0.112,14.81,70.11,0.569,10.99,0
25.23,70.43,23.68,-0.077,14.21,78.41,0.691,22.99,0
30.19,45.47,33.38,0.183,20.03,28.62,0.696,26.3,0
19.33,64.84,38.02,0.51,22.81,3.22,0.804,25.76,0
38.44,20.2,56.78,0.295,20.83,27.43,0.658,8.38,0
21.84,62.05,36.37,-0.147,21.82,78.33,0.623,18.35,0
22.73,22.15,20.57,0.394,12.34,68.17,0.621,11.38,0
25.79,52.08,40.58,0.037,23.33,27.61,0.677,15.32,0
20.57,34.07,34.49,0.461,20.7,47.57,0.761,21.91,0
25.51,67.25,44.06,0.832,22.7,25.65,0.598,19.38,0
26.51,47.15,48.75,0.536,26.98,34.07,0.788,12.88,0
26.88,69.8,34.67,-0.153,31.31,296.78,0.81,26.63,1
20.27,31.81,32.56,0.054,19.53,59.87,0.625,18.77,0
38.6,54.69,29.49,0.468,17.69,6.44,0.942,19.48,0
26.85,57.36,26.69,0.889,11.74,9.32,0.416,15.03,0
22.92,51.46,36.21,0.147,20.97,59.51,0.446,16.34,0
25.5,46.05,35.11,-0.396,21.07,54.67,0.229,26.69,0
32.16,70.32,27.45,-6.0,15.9,17.91,0.4,12.59,1
22.69,69.12,36.26,0.199,21.76,48.26,0.27,26.19,0
27.69,33.64,40.33,0.245,17.71,11.61,0.191,12.41,0
25.6,67.87,30.96,0.594,18.28,11.36,0.384,9.95,0
24.0,56.18,37.25,0.303,22.21,8.91,0.683,18.59,0
27.18,76.21,38.55,0.691,16.75,30.52,0.474,6.99,0
23.38,55.47,32.8,-1.057,19.68,76.3,0.778,12.72,0
23.08,48.46,40.16,0.124,19.53,40.19,0.356,14.15,0
29.74,57.22,43.5,0.57,19.66,101.3,0.403,11.61,0
27.11,71.23,42.97,0.299,23.98,31.37,0.894,17.14,0
13.19,43.91,47.16,-0.007,14.91,20.09,0.101,15.66,0
12.73,65.74,36.13,-0.244,21.68,50.69,0.245,14.37,0
33.57,54.14,31.92,0.684,17.45,43.29,0.72,20.06,0
27.57,10.13,32.93,0.062,19.76,1.74,0.397,24.19,0
34.94,46.23,27.14,0.329,16.28,109.55,0.411,24.52,0
32.21,67.57,30.83,0.414,17.48,76.7,0.315,16.35,0
26.16,32.81,42.21,0.313,12.86,17.16,0.405,10.33,0
27.33,55.11,45.15,0.414,27.09,17.14,0.755,25.57,0
24.82,52.69,30.47,-0.169,18.28,16.31,0.57,8.91,0
24.45,57.08,22.42,0.459,12.92,3.04,0.696,10.21,0
28.04,55.51,35.64,1.018,21.38,76.08,0.793,26.35,0
16.43,48.93,45.29,0.22,24.77,138.06,0.307,20.45,0
30.95,49.12,35.18,0.626,18.43,21.06,0.48,14.1,0
16.35,47.86,37.66,-0.025,20.41,4.08,0.576,10.67,0
29.13,60.01,27.63,0.108,16.58,8.47,0.471,17.45,0
20.79,42.23,35.92,0.421,21.55,151.45,0.417,33.76,0
24.18,49.4,29.2,-0.324,17.52,19.29,0.61,15.32,0
33.04,51.46,38.88,0.516,22.39,1.67,0.45,24.8,0
18.13,66.91,38.24,0.138,22.94,5.22,0.755,15.4,0
19.51,68.19,22.28,0.145,13.37,15.83,0.422,18.19,0
26.49,52.87,13.37,0.54,8.02,10.37,0.596,14.3,0
28.2,46.5,36.62,0.205,18.14,27.55,0.584,22.75,0
33.81,76.53,36.1,0.275,21.66,15.77,0.178,26.92,0
21.93,67.66,30.97,0.264,16.13,9.71,0.236,18.92,0
20.72,60.87,40.93,0.011,22.11,79.23,0.331,16.57,0
21.63,77.45,43.97,-0.007,26.38,187.22,0.885,21.55,0
29.91,54.45,27.78,0.68,7.51,79.06,0.172,0.0,0
27.44,42.23,26.71,-0.145,16.03,1.45,0.823,15.11,0
32.29,31.48,28.49,0.821,17.09,44.78,0.832,11.97,0
15.9,78.89,30.5,0.593,17.9,77.95,0.657,6.87,0
19.45,39.23,34.55,0.33,20.73,48.14,0.677,19.59,0
19.84,47.54,36.54,0.78,20.98,11.54,0.491,14.37,0
19.73,24.67,45.74,0.756,27.44,9.15,0.507,19.21,0
25.2,46.94,20.0,-0.024,12.0,107.48,0.697,10.75,0
26.28,25.47,21.39,-0.143,12.83,91.25,0.379,21.98,0
22.82,71.51,40.8,0.088,24.48,18.28,0.582,17.03,0
35.2,90.92,38.8,-1.143,11.02,17.14,0.283,7.65,0
37.97,41.96,45.22,-0.175,18.6,84.22,0.308,16.22,0
36.17,80.89,32.55,0.39,14.36,223.36,0.595,11.31,0
37.38,12.52,29.42,0.209,17.65,31.27,0.915,21.17,0
27.18,86.87,29.97,0.607,11.75,29.91,0.368,8.31,0
23.42,79.36,39.68,-0.015,14.78,282.79,0.087,13.97,0
25.85,55.19,37.33,0.392,18.62,6.84,0.366,21.67,0
19.09,40.95,17.33,0.157,10.4,108.82,0.135,16.57,0
27.16,42.65,24.62,-0.119,11.82,31.6,0.205,16.68,0
27.17,31.25,30.98,0.346,18.59,22.59,0.562,19.15,0
31.52,74.42,31.36,0.406,18.47,25.55,0.791,14.59,0
20.9,35.86,40.59,0.57,23.88,10.22,0.489,17.23,0
24.41,57.86,29.29,0.666,17.57,14.38,0.441,21.9,0
29.85,48.06,44.02,0.448,24.07,9.51,0.412,15.77,0
15.84,43.28,39.41,0.151,23.64,14.33,0.67,24.34,0
28.1,75.9,29.96,-0.073,11.74,6.07,0.457,10.87,0
36.1,65.39,21.32,0.501,12.79,30.63,0.467,24.23,0
19.65,61.87,33.48,0.402,15.15,25.5,0.258,22.74,0
31.37,42.97,31.01,0.199,18.6,74.52,0.688,22.6,0
34.42,52.25,33.72,0.255,20.23,54.81,0.699,24.27,0
36.96,55.13,33.75,0.369,17.28,11.86,0.346,10.0,0
27.03,23.04,27.06,-0.505,16.24,17.09,0.516,19.47,0
26.69,56.93,28.81,-0.651,17.28,7.53,0.799,19.36,0
29.53,60.75,32.85,-0.432,19.71,55.27,0.39,24.53,0
22.37,45.57,23.61,-0.011,14.16,3.76,0.767,17.87,0
29.94,42.31,37.67,-0.607,19.13,44.93,0.728,15.9,0
34.53,45.11,39.64,-0.088,20.69,51.7,0.187,20.12,0
20.48,66.74,41.76,-0.319,22.82,92.21,0.573,16.18,0
34.98,37.43,35.23,0.626,15.13,20.44,0.471,12.82,0
35.68,100.0,25.78,0.545,15.47,31.61,0.636,18.54,0
22.4,59.38,36.09,-0.752,20.25,4.37,0.543,10.76,0
25.8,17.68,34.63,0.507,20.78,12.35,0.995,17.35,0
27.57,67.41,38.73,-0.532,20.06,77.34,0.644,15.58,0
23.84,76.72,20.76,0.704,12.46,19.89,0.69,11.71,0
20.83,73.45,42.66,-0.58,19.85,9.19,0.452,14.36,0
21.77,51.99,56.34,-0.679,28.45,99.94,0.64,16.05,0
31.95,71.92,20.78,0.087,12.47,22.94,0.176,19.38,0
35.2,62.56,35.72,0.143,17.8,18.86,0.232,18.66,0
38.94,45.84,28.76,0.413,17.26,64.36,0.822,14.43,0
29.22,69.85,40.66,-0.078,24.4,16.71,0.885,23.73,0
13.85,54.15,44.82,0.402,20.73,38.02,0.358,16.84,0
25.07,63.55,32.14,0.559,15.17,65.87,0.198,21.38,0
15.98,53.84,44.59,0.519,13.45,8.21,0.057,15.74,0
27.77,56.19,40.02,0.28,21.3,38.89,0.464,15.98,0
25.47,80.18,36.98,-0.294,22.19,0.8,0.758,18.56,0
29.58,83.85,30.38,0.143,18.23,65.49,0.284,16.38,0
27.85,50.54,25.9,0.748,15.54,26.79,0.676,16.13,0
28.84,35.6,32.39,-0.859,11.52,20.87,0.27,16.7,0
32.18,34.27,41.16,0.102,21.36,48.01,0.088,20.67,0
9.78,51.76,31.34,0.913,18.8,50.14,0.451,17.22,0
27.99,48.25,30.85,-0.854,17.66,8.11,0.357,17.01,0
35.18,15.95,24.13,-0.005,13.5,70.22,0.301,15.64,0
34.35,33.76,34.65,0.613,20.79,68.06,0.404,24.11,0
18.24,50.93,25.61,-0.3,15.37,34.43,0.734,17.19,0
28.87,57.11,39.04,0.25,23.43,1.77,0.591,25.39,0
21.47,43.8,33.13,-0.107,19.88,16.29,0.568,21.56,0
35.37,49.79,19.91,0.493,11.32,1.43,0.151,22.12,0
30.01,54.68,41.15,0.225,16.8,1.46,0.656,13.34,0
27.78,84.4,33.28,-1.2,18.59,42.1,0.222,18.67,0
19.83,52.03,38.76,-0.194,21.4,110.88,0.526,17.57,0
22.62,74.55,34.67,0.258,18.35,49.43,0.578,11.54,0
23.26,49.9,39.57,1.501,20.1,29.63,0.359,18.94,0
16.66,56.08,40.62,-0.323,13.38,18.87,0.235,16.69,0
27.15,44.62,34.52,0.461,20.71,25.14,0.168,16.16,0
24.15,57.24,45.71,0.215,27.43,64.91,0.473,25.09,0
24.15,79.84,19.39,-0.111,11.63,2.65,0.6,20.94,0
22.72,48.0,31.16,0.488,18.69,144.05,0.764,29.47,0
26.02,100.0,41.49,0.145,13.86,30.53,0.129,5.49,1
18.92,75.68,34.53,0.591,20.72,17.0,0.868,26.96,0
20.45,73.04,32.86,-0.009,19.72,92.56,0.612,18.55,0
22.86,46.46,29.95,0.118,17.97,23.13,0.379,17.04,0
25.1,25.37,49.97,1.162,24.5,37.53,0.384,21.91,0
20.26,62.59,44.11,0.89,26.46,40.13,0.672,29.33,0
18.32,64.61,34.34,-0.184,20.61,154.82,0.659,19.11,0
24.69,70.32,34.87,0.038,20.92,34.12,0.832,28.49,0
25.85,38.54,37.67,-0.046,17.26,58.07,0.358,19.6,0
21.65,72.2,27.82,-0.248,16.69,89.27,0.461,17.87,0
20.01,41.49,34.06,0.419,19.61,24.63,0.331,24.7,0
26.86,47.41,32.69,0.285,14.39,76.01,0.806,8.1,0
26.0,29.67,46.35,0.35,24.07,55.48,0.525,13.06,0
20.55,34.67,24.56,-0.165,14.74,2.1,0.602,18.69,0
28.14,48.17,29.52,0.035,17.71,6.46,0.568,17.26,0
20.63,65.93,37.06,0.117,22.23,44.33,0.727,16.62,0
32.52,45.25,45.77,0.372,21.37,8.92,0.214,22.03,0
30.88,80.12,42.99,0.494,23.17,42.7,0.558,12.47,0
25.43,58.39,41.14,0.365,19.42,30.16,0.222,13.27,0
31.98,58.51,40.07,0.252,24.04,28.68,0.63,11.86,0
31.91,71.15,24.7,0.562,14.82,106.52,0.635,15.18,0
29.78,64.89,29.0,0.1,17.28,28.19,0.618,12.1,0
22.26,71.75,31.99,0.672,19.2,49.29,0.754,12.44,0
27.5,26.38,36.95,0.787,18.38,36.92,0.161,19.09,0
32.07,44.98,41.64,0.906,18.73,55.58,0.366,9.74,0
29.73,83.47,20.36,-0.428,12.22,64.41,0.469,25.95,0
29.77,62.73,30.3,-0.109,12.81,10.93,0.1,22.18,0
35.48,44.23,42.79,0.009,17.85,81.62,0.177,15.51,0
25.4,51.39,29.64,0.307,11.94,2.86,0.132,9.09,0
39.79,37.85,32.05,-0.086,17.07,37.01,0.157,19.15,0
32.17,56.07,36.08,0.229,21.65,11.0,0.25,25.84,0
38.98,54.67,36.63,0.069,21.98,66.13,0.353,14.01,0
22.82,71.83,33.7,0.072,15.03,61.28,0.08,14.3,0
20.86,45.13,46.14,0.098,19.94,30.93,0.469,15.54,0
31.78,46.25,30.47,0.593,16.3,69.12,0.373,6.31,0
20.24,57.03,59.94,0.334,32.22,2.52,0.671,23.3,0
31.73,40.93,27.93,0.579,16.76,114.94,0.765,19.22,0
25.95,65.59,43.66,0.237,24.15,1.73,0.396,18.47,0
14.64,72.72,28.91,0.554,15.05,173.34,0.31,9.41,0
26.75,66.27,28.19,0.059,16.51,83.57,0.424,8.43,0
30.91,62.2,35.26,0.339,15.67,9.45,0.385,12.34,0
37.86,34.12,23.45,0.172,14.07,1.31,0.846,20.07,0
27.3,83.36,23.53,0.263,14.12,13.76,0.801,16.89,0
19.28,45.03,36.37,0.677,30.89,6.84,0.001,21.2,1
31.69,66.97,10.0,-0.229,6.0,72.76,0.042,33.12,0
33.04,48.55,38.16,0.227,14.23,84.59,0.1,13.13,0
25.91,65.52,36.36,-0.114,21.81,21.81,0.422,21.98,0
31.37,34.06,31.69,-0.439,18.29,27.61,0.197,14.7,0
33.69,66.35,38.27,0.37,18.11,10.45,0.366,29.16,0
22.14,42.32,53.95,0.445,19.16,110.62,0.524,10.23,0
31.98,51.06,26.22,-0.341,13.53,101.03,0.347,19.36,0
17.13,61.66,25.33,0.378,15.2,3.86,0.796,13.04,0
34.05,57.9,27.75,0.155,16.65,6.21,0.556,12.22,0
32.58,48.57,41.31,0.258,24.53,31.94,0.907,15.04,0
19.57,33.94,40.88,0.236,19.06,4.71,0.365,7.8,0
23.7,62.77,33.62,0.068,20.17,18.03,0.203,23.25,0
30.75,47.48,22.95,-0.34,13.77,26.6,0.341,27.02,0
14.75,67.21,32.89,-0.03,15.95,62.4,0.252,18.98,0
13.6,74.15,34.87,0.088,20.92,109.83,0.21,29.62,0
27.73,69.33,28.06,0.612,16.83,55.73,0.537,25.93,0
31.92,54.13,47.21,0.073,25.4,82.03,0.859,19.58,0
35.38,39.9,38.84,-0.422,23.3,27.62,0.503,26.89,0
19.98,57.68,47.32,-0.354,21.99,0.88,0.768,10.28,0
32.7,99.03,18.42,0.164,11.05,70.18,0.722,17.83,0
32.75,69.54,36.54,-0.516,17.89,12.64,0.504,11.67,0
22.14,54.1,43.49,0.786,24.16,1.68,0.205,29.76,0
23.42,57.72,35.44,0.207,15.13,62.23,0.179,14.9,0
30.0,66.92,31.98,0.13,19.19,1.87,0.649,16.24,0
29.56,46.59,23.17,0.323,13.9,41.28,0.671,29.35,0
31.98,37.38,22.74,0.17,28.18,29.18,0.578,15.49,1
31.49,45.94,34.14,0.66,20.49,8.13,0.572,19.09,0
30.31,38.63,32.62,-0.234,15.33,17.19,0.621,9.64,0
33.85,34.98,33.79,0.451,26.37,67.76,0.099,26.23,1
23.76,37.69,32.13,0.528,19.28,17.94,0.872,16.06,0
24.51,66.46,27.72,0.58,15.66,71.41,0.606,11.84,0
26.18,48.53,32.14,0.017,15.59,23.85,0.192,16.6,0
20.0,48.74,48.82,0.509,24.74,148.91,0.127,25.28,0
32.19,32.24,33.43,0.395,20.06,80.82,0.256,27.08,0
16.87,52.37,22.98,-0.425,13.79,65.68,0.559,22.52,0
29.05,60.07,51.73,0.617,19.55,4.07,0.086,17.41,0
22.97,60.16,31.25,-0.946,18.12,32.64,0.678,10.91,0
18.08,54.14,36.21,-0.234,21.73,17.48,0.67,28.3,0
18.44,65.99,26.99,0.385,16.2,17.14,0.448,18.58,0
28.94,67.59,39.59,0.548,23.76,46.05,0.856,22.6,0
18.66,39.52,43.67,0.648,22.2,9.8,0.425,18.29,0
40.78,39.15,28.27,0.816,16.96,181.15,0.693,18.71,0
25.52,70.15,43.39,0.171,25.6,23.68,0.706,16.26,0
31.26,60.7,27.6,0.557,16.56,59.85,0.649,16.3,0
37.46,49.89,26.22,-0.301,15.73,24.11,0.587,16.41,0
20.9,76.31,39.24,0.582,28.38,260.72,0.023,20.68,1
22.79,52.07,32.68,0.016,19.61,20.93,0.858,20.7,0
27.34,53.43,34.67,-0.123,20.8,0.15,0.313,28.52,0
23.81,55.38,40.4,0.073,18.29,3.05,0.138,13.87,0
20.86,59.39,32.48,0.469,19.49,1.14,0.394,10.48,0
22.24,72.92,39.25,-0.036,22.6,8.76,0.362,19.39,0
27.89,41.7,32.91,0.361,19.74,93.0,0.659,17.53,0
32.47,43.0,22.46,0.651,6.64,63.89,0.117,14.81,0
29.52,56.89,13.79,-0.132,8.27,15.83,0.461,17.81,0
18.57,57.83,34.82,-0.161,16.19,112.16,0.257,18.73,0
14.29,61.65,30.45,0.142,17.71,2.7,0.024,24.84,0
19.8,44.33,36.19,0.48,21.71,7.44,0.76,17.49,0
32.35,56.19,28.47,0.4,17.08,53.81,0.477,21.75,0
18.74,82.2,25.74,-0.294,15.45,37.49,0.807,17.02,0
32.76,24.24,27.02,0.649,16.21,65.58,0.194,25.79,0
32.55,21.75,31.59,-0.015,18.95,9.48,0.633,20.75,0
37.11,23.19,35.34,-0.097,21.21,7.46,0.609,21.53,0
26.02,58.95,31.69,0.516,19.01,12.77,0.247,27.64,0
17.91,59.81,45.42,-0.25,15.9,63.5,0.131,17.98,0
28.11,31.0,32.24,0.679,19.35,2.49,0.317,17.4,0
15.19,40.08,47.04,0.043,20.99,1.86,0.483,11.92,0
21.15,48.89,42.26,0.387,18.72,95.56,0.236,21.07,0
24.11,32.28,33.12,0.124,19.82,9.11,0.724,20.62,0
26.16,50.35,29.44,0.029,17.66,2.88,0.636,16.57,0
32.14,53.81,34.91,0.332,20.94,8.69,0.665,17.2,0
23.52,12.5,34.09,-0.042,20.46,29.01,0.337,18.49,0
27.28,90.15,32.6,-0.456,19.56,14.4,0.293,22.1,0
32.95,33.0,43.57,0.04,18.94,11.76,0.659,12.88,0
27.74,44.88,46.33,0.889,21.6,50.49,0.492,14.71,0
22.37,62.57,29.78,-0.139,15.31,103.79,0.296,14.49,0
20.39,43.76,20.65,-0.154,12.39,46.76,0.542,16.73,0
32.18,73.74,42.81,0.12,15.99,82.83,0.742,2.57,0
30.39,58.16,44.94,0.092,22.74,142.9,0.572,18.33,0
27.46,65.68,44.75,0.362,21.36,5.66,0.349,5.42,0
23.88,61.19,44.43,0.172,24.12,40.97,0.351,17.11,0
18.08,36.37,27.05,-0.41,16.23,60.42,0.636,11.55,0
22.04,80.97,53.03,0.409,19.76,5.14,0.23,16.53,0
19.26,59.09,20.95,-0.149,12.57,2.85,0.819,2.98,0
19.68,51.41,40.56,-0.587,24.34,37.69,0.682,22.2,0
22.17,69.0,38.13,-0.063,22.88,35.3,0.492,22.55,0
21.94,49.26,24.97,0.889,14.98,33.41,0.575,20.4,0
26.46,49.8,17.26,0.223,10.36,100.4,0.572,23.74,0
31.21,45.15,20.85,0.527,12.51,3.28,0.572,14.62,0
28.69,59.42,29.15,-0.046,17.49,0.71,0.477,17.36,0
21.71,34.97,20.61,0.415,12.37,40.72,0.647,10.62,0
26.64,62.13,49.3,0.631,20.38,4.83,0.294,24.07,0
22.72,41.85,44.0,-0.22,26.4,300.0,0.392,21.78,0
26.36,74.44,17.24,0.372,10.35,76.84,0.815,16.05,0
28.53,54.38,33.53,0.339,18.88,3.3,0.296,19.81,0
26.52,75.45,46.88,0.031,22.33,67.05,0.558,6.06,0
26.08,57.86,22.06,1.413,13.23,73.72,0.61,14.67,0
22.05,47.75,52.55,0.696,31.53,64.66,0.954,16.1,0
21.16,55.29,23.57,-0.35,14.14,18.78,0.832,10.17,0
23.77,69.92,34.9,0.517,18.34,29.53,0.512,10.37,0
28.21,65.75,45.31,0.837,27.18,31.71,0.435,25.59,0
29.26,57.92,31.27,0.285,18.76,5.02,0.477,24.66,0
22.73,54.53,31.42,0.092,18.85,107.8,0.545,18.05,0
25.3,54.18,35.02,0.682,21.01,32.93,0.448,18.84,0
22.7,44.93,39.75,0.267,14.13,85.88,0.229,9.2,0
33.22,58.58,26.85,-0.136,16.11,57.62,0.79,12.72,0
16.98,59.88,51.62,-0.102,30.97,27.6,0.738,23.96,0
36.77,63.74,44.25,0.159,18.06,15.37,0.245,20.87,0
12.56,0.0,28.97,0.197,18.23,115.29,0.456,16.07,1
27.46,57.72,31.82,-0.042,19.09,9.73,0.716,22.36,0
18.13,62.03,36.35,0.111,21.81,41.09,0.723,22.44,0
20.73,41.81,43.45,-0.691,26.07,19.24,0.606,21.13,0
17.31,65.69,35.02,0.362,20.13,24.06,0.401,24.23,0
33.47,41.43,22.52,-0.12,13.51,25.49,0.318,24.09,0
18.78,0.0,44.96,0.659,23.07,1.51,0.384,19.98,1
22.95,79.14,39.16,0.279,21.18,61.88,0.415,6.01,0
10.82,54.64,43.81,-0.248,23.82,15.57,0.644,17.15,0
26.9,57.84,32.34,0.13,15.5,21.78,0.127,12.11,0
26.11,58.77,18.6,0.091,9.62,11.17,0.618,4.34,0
27.48,66.0,36.18,0.996,15.19,150.18,0.284,11.2,0
17.89,27.89,26.38,-0.079,15.8,31.79,0.228,24.45,0
28.56,23.88,45.64,0.077,19.61,106.65,0.235,23.94,0
31.19,61.29,22.64,0.04,13.59,29.39,0.605,14.03,0
22.95,55.05,35.85,-0.167,16.33,15.7,0.5,11.49,0
19.46,65.39,43.13,0.534,19.84,39.63,0.514,14.98,0
19.87,59.75,38.06,0.085,15.23,15.55,0.268,14.61,0
24.45,66.49,41.67,0.486,25.0,114.21,0.77,19.08,0
28.23,44.71,32.47,-0.481,19.48,66.95,0.989,13.17,0
30.95,48.11,36.6,-0.02,21.96,13.7,0.695,15.75,0
30.04,48.03,31.78,0.477,19.07,6.13,0.354,18.58,0
37.19,53.44,34.14,0.036,40.55,31.6,0.626,22.92,1
29.83,70.9,48.78,-0.205,27.42,65.45,0.301,24.05,0
24.72,42.3,39.01,-0.33,20.78,49.93,0.189,18.29,0
25.76,49.03,38.09,0.07,22.85,179.16,0.698,21.83,0
29.39,35.39,31.92,0.629,17.26,11.63,0.366,13.65,0
22.56,73.31,42.19,-0.43,25.31,48.02,0.539,22.7,0
41.87,96.33,49.82,0.378,22.34,52.16,0.211,22.97,0
22.99,46.74,31.85,0.668,18.22,17.58,0.211,13.59,0
26.15,39.25,39.61,0.823,21.02,25.27,0.759,13.58,0
13.77,67.61,35.59,0.795,20.22,81.71,0.596,13.42,0
27.17,54.79,32.68,0.125,19.61,56.01,0.684,22.4,0
32.0,63.66,41.84,-0.019,24.68,31.32,0.506,25.46,0
36.37,43.91,31.01,0.312,11.24,26.06,0.524,12.77,0
23.33,54.03,43.96,-0.174,20.39,75.98,0.582,12.64,0
20.2,70.54,40.72,-0.46,12.91,91.41,0.145,10.83,0
27.56,66.3,37.0,0.119,21.99,71.24,0.748,10.81,0
27.04,60.35,36.62,-0.01,26.66,4.8,0.019,24.47,1
28.57,80.16,26.86,0.376,14.89,23.29,0.136,25.86,0
25.68,56.61,41.45,0.295,22.51,31.59,0.227,24.53,0
26.63,49.81,27.47,0.039,16.48,30.46,0.465,22.95,0
10.63,50.58,31.41,0.176,18.85,46.08,0.36,16.57,0
27.18,59.69,32.55,0.206,19.53,9.86,0.322,18.42,0
25.04,51.62,30.18,-0.111,18.11,9.53,0.56,19.19,0
27.84,86.4,34.41,-0.028,15.17,72.39,0.124,19.14,0
25.55,31.86,33.05,0.24,14.68,34.12,0.471,11.42,0
32.01,74.65,32.96,0.328,19.4,13.15,0.119,26.68,0
26.34,31.86,51.39,0.173,24.37,22.83,0.228,22.5,0
26.42,61.36,36.33,1.043,19.71,35.76,0.573,19.9,0
25.37,30.19,31.95,-0.229,42.38,5.61,0.534,19.55,1
28.96,80.04,32.88,0.226,19.73,13.38,0.645,18.04,0
30.67,35.9,30.48,0.263,18.25,136.76,0.29,21.37,0
21.86,51.77,37.28,0.706,22.37,1.07,0.432,30.5,0
32.61,38.57,22.15,0.91,13.29,49.26,0.883,17.28,0
29.22,58.16,33.98,0.241,20.39,9.15,0.611,20.56,0
24.65,62.2,36.41,0.282,15.74,13.9,0.255,20.27,0
18.02,38.17,41.44,-0.043,24.87,2.16,0.647,28.72,0
34.66,46.58,35.73,0.58,17.69,93.56,0.42,11.1,0
23.26,45.5,52.69,0.738,20.59,10.8,0.512,13.54,0
20.06,73.96,34.13,0.233,20.48,19.83,0.768,11.83,0
27.8,51.92,28.65,-0.09,13.33,160.18,0.184,16.52,0
23.88,63.47,36.74,-0.481,17.69,2.02,0.477,14.14,0
23.84,52.61,32.92,0.107,19.75,39.17,0.568,15.82,0
22.52,53.06,36.46,-0.037,20.15,52.26,0.641,10.88,0
31.61,31.52,34.26,0.042,17.24,14.21,0.179,16.49,0
29.81,63.87,35.26,0.444,21.16,8.46,0.792,20.92,0
19.98,44.85,47.0,-0.156,26.57,16.54,0.457,16.92,0
22.12,38.39,23.8,0.059,13.32,3.22,0.419,18.45,0
23.6,57.99,27.55,-0.067,16.53,26.74,0.195,22.01,0
22.85,53.45,30.88,0.178,18.53,1.94,0.371,22.18,0
22.86,52.75,34.67,0.639,12.78,47.99,0.262,5.58,0
-15.0,64.1,23.23,0.111,14.22,0.95,0.047,19.85,1
20.26,36.75,43.9,-0.082,21.43,31.47,0.283,14.4,0
24.54,80.05,34.06,0.605,16.26,50.9,0.545,9.78,0
25.98,40.45,35.13,0.478,21.08,54.01,0.532,22.8,0
41.48,26.33,34.92,0.279,20.29,56.72,0.375,15.08,0
28.34,56.37,26.8,0.245,15.87,6.08,0.374,12.47,0
19.59,55.02,44.69,0.997,26.81,18.93,0.74,25.9,0
27.36,77.75,37.87,0.354,19.93,24.97,0.757,17.52,0
24.58,55.28,20.01,0.225,12.01,0.48,0.66,21.62,0
31.32,51.1,58.94,0.181,28.59,17.17,0.089,21.57,0
25.35,80.01,32.08,0.061,19.25,18.13,0.435,15.84,0
28.78,72.93,42.02,0.353,25.21,18.56,0.471,24.84,0
27.39,26.8,31.67,0.968,17.58,65.14,0.403,22.92,0
27.58,59.02,23.74,0.604,14.24,56.84,0.796,11.76,0
26.41,23.69,28.86,0.314,17.32,86.61,0.614,20.43,0
25.42,43.65,34.21,0.747,20.53,19.04,0.311,18.36,0
25.8,67.25,44.91,-0.796,63.15,10.26,0.436,18.73,1
23.22,47.03,35.7,-0.01,21.42,50.31,0.245,21.94,0
29.31,71.38,26.89,0.404,16.13,13.45,0.315,16.85,0
22.33,39.44,30.77,0.016,16.9,11.1,0.466,14.92,0
18.34,54.47,40.31,0.328,24.19,42.06,0.847,18.06,0
30.92,16.7,31.95,-0.197,19.17,134.68,0.523,18.04,0
23.65,59.86,32.72,0.251,17.65,6.07,0.164,21.79,0
22.98,58.0,45.9,-0.492,17.32,47.87,0.251,15.63,0
30.18,71.56,33.97,0.332,18.5,82.59,0.424,17.56,0
19.11,85.34,38.32,0.203,22.99,70.89,0.575,22.59,0
23.21,29.64,42.72,-0.385,17.68,136.47,0.077,12.71,0
29.75,32.46,36.89,-0.003,22.13,37.79,0.802,13.82,0
16.03,54.43,21.23,0.072,12.74,5.28,0.622,19.61,0
19.96,64.87,25.47,0.154,13.12,89.81,0.342,17.02,0
29.01,47.11,35.1,-0.209,16.31,27.7,0.233,17.01,0
24.5,47.74,34.88,-0.15,15.98,52.64,0.706,11.01,0
28.36,81.98,43.02,-0.09,23.16,13.85,0.351,15.03,0
24.55,34.17,37.06,0.043,18.37,23.57,0.658,17.19,0
32.63,49.04,50.94,0.225,23.94,12.29,0.706,8.5,0
26.41,64.7,32.25,0.747,19.35,9.18,0.619,7.15,0
26.8,43.27,37.92,-0.593,22.75,52.95,0.761,16.28,0
21.55,34.78,20.76,0.32,12.46,38.92,0.202,22.4,0
27.87,46.16,25.32,0.579,15.19,58.57,0.271,14.59,0
42.56,47.89,21.63,-0.357,12.98,4.73,0.603,25.44,0
27.11,48.4,37.62,-0.441,20.98,6.3,0.261,15.83,0
31.23,27.68,24.54,-0.041,9.55,34.26,0.206,16.61,0
31.29,49.97,33.3,0.022,15.86,45.98,0.217,19.33,0
22.34,53.39,33.03,0.392,19.82,66.49,0.719,25.04,0
26.73,61.9,38.38,-0.28,19.75,106.39,0.45,11.94,0
29.28,41.53,30.96,0.358,18.57,14.13,0.749,20.58,0
23.05,80.74,38.83,0.334,23.13,66.4,0.64,13.15,0
29.56,52.63,41.0,-0.015,18.96,3.11,0.771,14.01,0
22.9,70.44,32.21,-0.452,19.33,42.43,0.636,24.21,0
20.71,47.06,23.73,0.511,14.24,62.41,0.666,16.02,0
55.0,50.66,48.13,-0.01,23.77,58.59,0.391,19.56,1
27.4,53.02,32.06,0.104,19.23,102.4,0.715,23.19,0
24.69,82.37,42.01,-0.343,31.5,18.57,0.088,23.19,1
31.41,78.99,45.27,0.133,23.07,11.16,0.162,17.46,0
29.91,75.9,27.36,-0.239,15.51,3.66,0.795,9.82,0
23.16,34.52,38.17,0.797,20.83,21.33,0.333,11.61,0
26.78,34.95,40.73,0.124,24.44,1.08,0.303,20.55,0
22.34,69.8,45.32,0.302,27.19,33.64,0.414,31.8,0
29.76,55.01,42.99,-0.347,39.02,5.64,0.087,21.47,1
26.46,50.91,33.87,0.233,20.32,8.25,0.682,11.69,0
22.26,41.69,25.11,0.565,15.06,53.36,0.463,27.06,0
36.58,36.12,36.11,0.06,25.25,271.59,0.613,19.33,1
26.41,74.09,34.04,0.191,15.62,86.59,0.102,20.25,0
24.21,58.22,32.15,0.534,19.29,2.56,0.581,26.27,0
22.05,39.59,41.48,-0.192,15.54,40.17,0.226,11.48,0
27.03,35.95,30.6,-0.111,18.36,5.75,0.261,19.06,0
26.06,48.51,32.53,0.196,18.25,5.65,0.756,9.69,0
36.65,33.32,50.34,0.119,23.44,140.66,0.807,8.88,0
28.51,53.14,37.62,0.658,22.57,19.67,0.323,19.65,0
23.68,47.31,39.46,0.104,19.09,13.97,0.413,20.84,0
17.77,54.92,24.02,-0.538,14.41,76.13,0.207,18.34,0
21.98,53.07,37.11,0.568,22.27,19.35,0.45,18.11,0
24.88,44.32,35.44,0.025,17.37,24.03,0.22,9.34,0
55.0,64.61,24.02,0.425,18.63,9.66,0.448,20.37,1
25.54,43.97,50.22,-0.641,24.34,28.65,0.677,14.94,0
21.4,40.18,28.83,0.407,17.3,73.9,0.7,23.45,0
18.84,45.02,32.0,-0.022,19.2,38.37,0.781,10.93,0
21.94,50.04,27.87,-0.005,16.72,18.02,0.703,25.35,0
35.07,62.53,42.82,0.355,24.55,99.55,0.295,17.72,0
23.99,45.33,36.26,-0.059,12.97,1.25,0.115,4.99,0
23.1,74.01,38.65,0.181,22.0,41.48,0.565,22.24,0
27.21,85.23,34.98,-0.22,16.72,36.07,0.452,17.64,0
31.71,60.4,43.08,0.384,20.06,60.05,0.675,12.42,0
23.94,58.96,35.06,-0.124,21.04,36.52,0.317,27.07,0
28.43,93.09,48.1,0.241,23.03,29.73,0.621,13.8,0
38.53,59.67,40.41,0.071,23.42,75.39,0.543,12.79,0
28.62,74.26,38.69,0.005,20.51,14.14,0.244,22.88,0
26.58,40.81,37.0,0.573,22.2,2.95,0.635,20.56,0
32.89,60.81,20.53,-0.055,12.32,0.7,0.683,18.26,0
24.59,66.38,48.32,0.622,23.06,15.13,0.599,19.15,0
31.11,47.23,45.51,0.069,27.31,42.16,0.925,20.14,0
20.47,86.13,19.73,0.322,11.84,2.78,0.529,16.93,0
27.61,53.28,31.46,-0.285,18.68,12.56,0.473,27.46,0
20.44,37.57,28.5,0.208,17.1,4.81,0.791,15.35,0
33.27,90.73,30.7,0.117,15.83,1.52,0.214,14.21,0
15.39,64.54,39.92,0.002,23.95,31.52,0.629,22.86,0
28.67,52.59,41.04,-0.335,21.48,14.56,0.688,23.21,0
23.64,59.94,35.47,0.316,17.65,42.63,0.203,19.84,0
36.8,34.9,24.72,0.075,14.83,84.73,0.606,15.74,0
30.88,38.05,25.18,0.965,15.11,18.44,0.615,22.22,0
22.27,51.21,46.96,0.613,24.37,63.53,0.771,13.74,0
25.41,67.92,23.12,0.081,13.87,1.47,0.732,14.12,0
17.86,69.19,33.19,-0.493,19.92,228.87,0.775,37.29,0
25.22,48.76,42.71,-0.396,19.63,6.06,0.352,12.86,0
19.36,55.77,40.88,0.037,21.15,12.79,0.462,16.39,0
35.29,56.04,34.38,0.046,19.64,67.45,0.443,12.64,0
28.75,48.78,20.5,0.425,12.3,23.13,0.626,18.3,0
28.37,51.66,26.97,0.763,16.18,6.91,0.828,24.97,0
26.36,47.07,36.75,0.469,22.05,109.94,0.572,23.57,0
16.03,72.86,32.09,0.792,19.25,75.55,0.793,15.82,0
23.17,44.0,20.98,0.724,12.59,12.53,0.476,20.65,0
30.46,57.91,36.1,0.563,21.66,57.69,0.63,21.67,0
32.75,43.36,33.54,0.586,20.13,113.68,0.826,4.97,0
26.23,55.51,23.19,0.315,13.91,28.8,0.564,20.93,0
22.5,69.6,35.79,0.248,21.07,34.3,0.256,30.5,0
31.09,55.24,35.66,-0.204,21.4,18.67,0.85,20.97,0
33.74,52.05,28.16,-0.189,16.9,35.6,0.313,23.2,0
32.55,61.1,44.32,0.109,25.27,9.58,0.758,17.11,0
27.74,46.42,22.36,0.405,13.42,2.37,0.576,15.93,0
18.53,58.36,22.84,0.504,13.7,57.93,0.343,18.78,0
22.52,48.86,29.06,0.479,17.44,27.05,0.795,19.49,0
16.85,52.53,39.42,0.647,22.07,38.19,0.534,17.69,0
27.66,75.4,46.51,-0.059,25.76,18.42,0.41,24.68,0
31.12,70.81,31.21,0.597,18.39,252.24,0.412,15.3,0
18.99,46.44,36.41,-0.125,19.28,11.7,0.036,27.62,0
24.36,84.03,35.61,-0.462,21.36,16.77,0.728,32.71,0
19.37,70.11,26.31,0.573,15.79,28.97,0.501,20.65,0
35.14,58.31,30.17,0.153,13.9,72.13,0.236,15.06,0
10.28,56.38,37.46,0.559,22.48,43.09,0.431,22.68,0
34.24,51.19,26.6,-0.36,15.96,53.04,0.76,12.69,0
30.55,40.27,33.77,-0.144,19.01,6.5,0.45,14.02,0
24.6,47.3,18.31,0.223,10.99,15.92,0.155,27.08,0
26.2,63.93,20.29,0.129,12.18,56.93,0.684,17.35,0
27.16,46.71,33.2,0.112,14.44,8.72,0.476,12.11,0
21.71,58.51,44.45,0.613,24.79,31.98,0.659,21.11,0
15.56,42.33,48.34,-0.599,25.37,11.17,0.475,17.8,0
29.03,53.58,35.01,0.175,20.35,34.68,0.825,15.32,0
28.78,56.47,21.27,-0.088,12.76,30.06,0.513,15.7,0
11.0,55.34,28.39,-0.269,17.04,11.46,0.394,18.92,0
24.47,41.09,27.17,0.553,16.3,43.29,0.488,8.07,0
37.31,19.43,34.54,-0.113,20.72,1.83,0.701,23.41,0
20.28,59.33,10.64,0.572,6.39,116.88,0.168,22.54,0
23.08,43.26,50.87,-0.42,22.77,15.38,0.485,14.58,0
31.09,62.57,39.55,0.592,21.74,28.19,0.478,22.82,0
17.8,32.22,37.81,0.595,18.99,6.37,0.69,10.72,0
28.59,45.19,33.43,0.897,20.06,18.99,0.733,21.81,0
33.65,51.95,32.88,0.872,14.95,14.3,0.472,13.31,0
23.67,58.62,29.06,0.116,17.44,44.82,0.53,27.73,0
30.45,24.7,34.74,-0.059,20.85,23.21,0.926,12.99,0
20.61,51.74,41.22,0.387,16.36,128.08,0.338,12.91,0
36.63,67.3,31.45,-0.306,15.66,28.16,0.158,15.92,0
37.29,55.78,31.9,0.402,17.11,2.9,0.233,23.43,0
28.99,55.24,34.55,0.019,20.73,7.34,0.315,22.87,0
27.11,70.38,42.93,0.2,23.07,72.07,0.4,20.21,0
14.49,42.63,43.83,1.072,19.99,26.52,0.385,19.71,0
25.73,42.98,40.06,0.323,19.62,64.77,0.444,21.04,0
31.12,53.68,24.42,-0.095,14.65,10.98,0.892,23.84,0
30.46,73.51,42.02,0.098,17.68,5.12,0.071,19.74,0
26.27,25.49,35.82,0.623,21.49,107.9,0.526,27.49,0
25.57,52.37,40.01,-0.449,24.01,14.71,0.618,17.8,0
26.14,70.73,21.35,0.152,12.81,50.51,0.772,25.15,0
26.53,63.81,32.68,0.333,19.61,40.84,0.701,20.94,0
38.15,52.44,25.45,-0.181,15.27,38.51,0.802,21.16,0
20.84,42.76,29.95,0.964,17.97,12.72,0.327,9.02,0
39.14,56.59,21.6,0.511,12.96,49.34,0.592,13.31,0
29.55,52.79,32.84,0.462,16.28,15.66,0.262,18.07,0
33.37,54.06,27.02,0.479,12.04,16.6,0.219,7.36,0
22.7,43.42,35.43,-0.201,21.26,54.49,0.765,23.01,0
32.74,56.27,33.28,-0.075,19.97,1.77,0.388,22.6,0
28.89,42.92,41.33,0.097,19.77,81.7,0.423,21.23,0
26.15,49.79,40.46,0.216,24.28,47.72,0.922,25.62,0
24.1,47.48,39.82,0.036,14.83,39.49,0.272,13.21,0
21.46,75.99,34.51,0.138,20.71,21.2,0.609,25.28,0
28.03,51.79,45.49,0.15,24.34,115.81,0.45,17.76,0
28.1,71.78,24.08,1.236,14.45,31.82,0.664,26.38,0
16.48,37.18,31.73,0.298,19.04,26.43,0.39,20.22,0
34.04,37.99,19.15,0.089,11.49,10.46,0.418,19.85,0
21.55,60.34,34.24,0.223,20.51,0.82,0.388,21.93,0
23.32,64.97,23.49,-0.124,13.05,74.52,0.461,16.86,0
24.88,42.92,28.42,0.259,17.05,54.88,0.458,20.49,0
26.23,69.25,28.54,-0.494,17.12,13.81,0.513,19.71,0
24.46,59.53,48.45,0.737,17.07,25.03,0.452,1.08,0
23.06,24.72,32.84,0.037,13.85,79.12,0.184,7.63,0
23.98,60.39,44.79,-0.288,24.62,8.54,0.663,12.19,0
30.47,64.14,24.95,0.501,14.97,101.41,0.76,17.63,0
30.14,66.03,36.44,0.089,19.97,36.04,0.799,18.06,0
29.28,34.39,44.32,-0.054,8.06,29.63,0.21,3.81,0
28.25,44.98,33.16,-0.245,14.92,56.62,0.487,9.68,0
34.2,58.87,24.44,0.502,14.66,72.26,0.837,19.19,0
15.17,39.64,32.38,0.767,16.3,9.08,0.449,10.59,0
24.9,59.3,39.08,-0.597,19.16,3.71,0.225,25.38,0
31.59,66.26,26.66,0.605,16.0,15.85,0.58,21.41,0
18.26,41.13,36.11,0.114,21.67,28.82,0.54,25.52,0
30.48,11.4,27.46,-0.516,16.48,53.86,0.428,18.59,0
31.38,39.46,29.87,0.412,17.92,131.09,0.535,18.24,0
39.92,41.79,37.57,-0.525,17.45,4.53,0.476,18.9,0
32.43,66.18,38.11,-0.267,21.37,12.9,0.46,26.04,0
35.56,44.24,31.07,0.592,18.64,34.99,0.416,25.3,0
21.08,68.92,36.0,-0.591,19.11,67.23,0.382,15.15,0
26.8,51.35,24.48,-0.258,14.69,5.86,0.383,17.51,0
34.28,60.69,33.56,0.02,18.89,3.92,0.763,14.81,0
21.05,37.05,41.9,0.286,20.21,16.33,0.231,23.6,0
32.34,80.87,36.62,0.569,21.67,161.7,0.687,11.07,0
37.32,68.98,16.57,0.008,9.94,52.95,0.555,17.06,0
31.1,57.58,33.69,0.966,14.05,9.62,0.105,17.05,0
24.96,24.02,54.53,0.058,26.31,86.09,0.863,14.43,0
36.5,78.61,29.96,0.111,17.98,22.14,0.242,24.25,0
19.14,43.06,31.55,-0.342,13.31,86.12,0.153,18.56,0
15.02,74.68,43.17,-0.236,20.55,107.61,0.507,10.31,0
8.62,42.49,27.74,0.421,16.65,13.63,0.88,4.21,0
24.83,64.41,34.97,-0.474,20.98,0.88,0.261,25.25,0
29.42,82.11,50.04,0.746,30.02,33.33,0.66,30.31,0
24.67,53.98,36.55,-0.255,21.93,62.37,0.673,21.72,0
12.77,50.84,50.29,0.082,20.44,45.96,0.346,11.01,0
34.13,46.59,44.02,0.38,19.84,5.81,0.248,18.31,0
33.58,50.24,18.8,0.944,11.28,28.66,0.447,16.82,0
29.7,47.35,25.58,-0.063,15.35,5.63,0.647,23.88,0
23.12,46.97,35.24,-0.034,21.14,21.56,0.704,26.93,0
24.77,61.88,37.66,-0.029,22.6,57.29,0.299,22.26,0
13.56,17.6,33.5,0.075,16.01,45.65,0.567,14.93,0
21.79,64.61,37.38,0.607,22.43,169.46,0.553,16.52,0
24.47,43.07,33.03,0.633,19.76,48.8,0.661,17.03,0
28.54,55.51,41.54,0.01,24.93,56.47,0.54,13.6,0
26.68,53.66,27.01,-0.003,16.21,104.27,0.443,22.79,0
23.39,55.21,33.02,0.352,19.81,148.2,0.372,12.43,0
21.04,61.77,39.78,0.424,21.19,34.64,0.607,21.04,0
21.1,32.89,48.93,0.446,21.39,74.16,0.549,11.15,0
16.98,50.42,31.66,0.179,18.99,16.92,0.603,21.32,0
28.11,72.5,39.95,0.043,23.97,22.09,0.658,24.56,0
27.38,53.62,34.09,0.145,20.45,6.19,0.405,20.06,0
22.55,55.51,31.95,0.919,19.17,6.78,0.821,21.64,0
33.69,43.99,12.2,0.077,7.32,74.66,0.329,15.54,0
26.5,49.4,49.46,-0.324,13.65,51.86,0.25,12.86,0
25.31,66.52,35.16,0.924,21.1,20.42,0.56,17.99,0
26.91,31.01,27.78,0.179,16.67,0.24,0.706,16.74,0
17.73,81.02,27.85,-0.112,13.16,123.37,0.19,9.64,0
26.09,38.85,39.83,0.176,22.54,26.5,0.502,18.27,0
28.26,58.6,28.33,0.062,17.0,18.76,0.164,22.9,0
28.17,56.47,36.64,0.427,21.98,57.22,0.774,22.66,0
34.37,10.0,23.81,0.353,14.28,74.18,0.806,24.18,0
27.56,69.37,45.67,0.066,27.4,22.58,0.71,25.47,0
30.74,57.04,45.77,-0.502,27.46,104.73,0.523,22.92,0
24.07,56.4,46.56,0.702,18.5,17.01,0.265,13.12,0
25.76,58.88,42.98,0.282,20.99,110.05,0.765,10.97,0
24.86,36.46,24.44,-0.478,14.66,10.42,0.795,14.55,0
30.29,60.84,36.53,-0.062,12.96,10.57,0.379,8.81,0
20.85,34.76,29.41,0.238,16.03,25.67,0.302,12.88,0
19.22,42.96,27.49,0.011,14.42,85.21,0.453,10.19,0
28.54,69.94,41.88,-0.002,21.3,111.61,0.371,18.33,0
22.41,44.61,37.6,-0.07,11.37,41.85,0.153,15.79,0
28.48,70.58,30.2,0.377,18.12,31.61,0.62,29.29,0
36.59,53.06,21.67,0.652,13.0,7.0,0.701,21.9,0
33.31,47.36,30.74,0.053,15.63,45.54,0.171,27.42,0
13.98,54.46,44.43,0.413,18.69,50.06,0.485,16.43,0
28.2,80.15,35.51,0.617,17.8,5.44,0.658,10.04,0
17.13,42.15,50.62,0.575,24.04,15.61,0.916,21.21,0
34.94,54.27,46.72,-0.281,26.52,12.68,0.572,15.11,0
29.6,49.86,37.58,0.835,20.61,50.26,0.395,15.4,0
-15.0,66.92,44.1,0.203,22.49,26.03,0.212,23.35,1
24.94,48.64,51.02,-0.073,18.43,20.14,0.294,13.94,0
35.01,31.58,28.58,0.06,15.2,53.28,0.425,17.47,0
25.88,39.87,31.05,-0.199,18.63,36.83,0.288,22.24,0
30.63,75.77,33.53,-0.176,20.12,6.58,0.558,19.44,0
25.17,53.97,37.59,6.0,19.77,37.2,0.685,8.8,1
28.78,51.19,46.2,0.52,13.51,5.87,0.17,11.75,0
31.82,56.89,40.92,0.041,19.88,54.89,0.548,13.49,0
41.36,52.31,33.65,0.581,14.98,66.01,0.416,18.85,0
31.7,57.77,37.11,0.341,22.27,19.4,0.726,19.21,0
29.8,59.65,38.53,0.24,19.82,16.83,0.701,10.09,0
24.89,75.99,41.38,0.595,24.83,129.24,0.709,24.86,0
31.72,26.33,42.95,-0.499,24.45,52.29,0.414,19.53,0
17.42,43.66,44.79,0.183,21.36,8.85,0.267,19.7,0
30.25,34.41,35.3,-0.03,15.68,41.0,0.191,6.01,0
19.91,47.32,26.86,-0.457,16.12,15.76,0.506,18.38,0
17.72,51.82,30.43,-0.096,18.26,95.13,0.954,10.99,0
23.77,79.44,45.2,-0.462,23.83,36.7,0.492,12.07,0
28.43,63.7,23.04,0.625,12.24,45.17,0.101,11.32,0
24.85,60.27,26.0,0.59,14.74,11.18,0.536,9.4,0
28.8,41.49,46.49,0.038,27.89,22.8,0.661,19.99,0
27.04,53.28,40.27,0.577,17.64,27.07,0.511,15.28,0
29.61,22.13,43.12,0.192,25.87,95.63,0.406,32.84,0
26.49,58.74,41.72,0.535,25.03,75.78,0.789,10.6,0
20.96,84.87,34.93,0.072,26.24,267.49,0.232,16.68,1
31.12,78.1,39.08,0.93,18.02,36.29,0.307,11.95,0
22.92,37.7,23.18,-0.124,13.91,32.96,0.83,19.5,0
28.67,49.95,35.31,0.868,21.19,15.4,0.776,29.8,0
26.69,58.44,24.72,0.051,14.83,40.52,0.095,23.72,0
27.24,67.29,38.48,-0.152,23.09,54.47,0.544,14.1,0
29.59,25.49,41.91,1.058,20.0,16.26,0.571,21.45,0
24.03,65.06,40.84,0.265,21.68,15.21,0.248,26.22,0
24.0,51.16,30.93,-0.167,15.97,9.2,0.242,11.34,0
29.57,47.23,30.79,0.388,18.16,59.52,0.222,17.32,0
34.87,41.66,38.66,0.756,21.72,168.08,0.156,23.21,0
16.81,48.85,32.33,-0.237,9.38,91.16,0.06,12.67,0
25.17,55.67,37.18,0.519,22.31,12.01,0.836,19.82,0
25.34,61.22,34.18,-0.083,16.24,26.29,0.251,19.98,0
31.04,60.23,24.71,0.625,14.83,33.36,0.595,21.13,0
21.95,15.63,42.13,-0.126,25.28,19.27,0.363,30.86,0
24.51,62.13,32.89,0.428,18.66,19.67,0.273,19.16,0
20.13,57.67,25.43,0.379,15.26,54.93,0.761,18.34,0
23.3,60.51,27.84,0.037,16.7,117.23,0.274,16.91,0
21.45,35.79,34.24,0.401,16.16,5.3,0.136,15.04,0
26.79,38.26,30.51,0.249,33.34,274.62,0.754,15.87,1
26.13,28.07,37.88,-0.019,22.73,70.15,0.72,23.27,0
32.18,63.3,46.16,0.398,24.15,16.68,0.113,29.27,0
29.98,50.47,38.01,-0.662,50.12,1.34,0.356,22.99,1
30.27,54.26,41.74,-0.185,22.15,55.34,0.789,18.44,0
23.73,38.52,31.57,0.479,18.94,102.1,0.161,25.95,0
19.36,44.04,27.15,0.237,16.29,29.77,0.596,21.53,0
22.18,41.26,38.18,-0.485,20.13,1.35,0.642,18.12,0
35.44,53.45,38.63,0.164,19.66,43.56,0.456,11.08,0
24.61,47.23,47.8,0.237,28.37,37.45,0.617,17.9,0
29.23,78.38,38.99,0.304,23.39,40.97,0.503,19.35,0
16.32,79.48,35.66,0.413,19.05,25.52,0.548,16.29,0
17.82,42.81,26.9,-0.007,15.41,16.72,0.817,8.74,0
31.76,65.43,38.62,0.1,17.46,46.01,0.468,16.97,0
27.01,67.34,34.42,0.207,20.65,18.39,0.679,11.43,0
31.85,75.27,42.31,0.238,25.21,13.44,0.528,21.14,0
24.43,100.0,39.65,0.086,22.17,113.91,0.66,14.15,1
27.27,81.52,38.02,0.287,16.74,41.18,0.399,12.85,0
28.01,52.59,35.99,0.112,21.59,71.47,0.323,29.54,0
29.26,57.91,50.19,0.615,30.11,2.98,0.799,19.44,0
29.73,52.75,42.56,-0.132,25.45,23.47,0.647,21.56,0
25.8,33.35,29.11,0.875,17.47,127.56,0.832,23.95,0
13.51,53.3,31.5,1.257,18.9,13.36,0.54,18.08,0
23.09,60.42,41.87,-0.656,19.03,17.68,0.178,17.31,0
21.49,61.27,44.95,0.197,26.56,1.83,0.757,28.58,0
22.54,69.07,34.68,0.089,20.81,53.64,0.507,18.98,0
32.89,21.54,45.94,-0.265,24.46,46.66,0.486,17.59,0
33.17,28.43,29.76,-0.701,17.86,15.3,0.59,21.74,0
28.35,43.42,56.68,0.48,24.09,7.83,0.412,17.92,0
24.37,32.76,20.0,0.276,12.0,32.86,0.181,25.2,0
24.89,48.31,18.74,0.029,11.24,35.57,0.323,18.24,0
28.26,62.29,20.02,-0.445,12.01,13.75,0.416,22.18,0
32.09,49.06,39.22,0.507,23.53,127.96,0.693,17.95,0
30.43,57.12,37.71,0.732,22.62,27.41,0.519,27.58,0
29.95,52.28,36.75,0.193,22.05,41.34,0.616,19.65,0
22.54,57.09,37.88,-0.081,22.73,59.34,0.856,23.46,0
28.89,54.31,39.98,-0.322,15.29,18.96,0.09,21.15,0
36.27,67.67,27.51,0.241,16.34,13.78,0.255,23.12,0
26.09,55.43,38.5,-0.169,16.94,4.59,0.392,15.99,0
15.99,57.63,27.93,-0.414,14.76,3.62,0.235,14.41,0
34.71,75.56,36.48,-0.285,11.07,28.05,0.034,10.97,0
35.02,61.37,16.59,0.258,9.95,76.1,0.48,8.88,0
24.27,67.45,43.21,-0.465,19.27,17.8,0.609,11.29,0
36.81,53.14,33.28,0.626,14.81,10.87,0.202,14.38,0
30.55,40.45,37.6,0.133,15.6,27.37,0.088,14.43,0
35.44,63.04,39.08,-0.48,23.45,37.57,0.882,21.59,0
24.35,57.94,27.93,0.225,11.27,35.8,0.366,15.69,0
17.92,57.46,56.69,-0.787,27.94,1.35,0.799,18.52,0
30.23,77.73,18.92,0.508,11.35,3.2,0.399,3.95,0
33.36,69.14,23.23,-0.083,13.94,21.64,0.528,21.64,0
36.04,50.59,35.76,0.213,19.58,20.68,0.215,26.88,0
32.23,81.22,35.59,-0.165,16.8,1.97,0.225,18.94,0
28.2,67.7,49.56,-0.069,22.7,19.81,0.207,12.36,0
25.62,54.1,19.75,0.077,11.26,15.52,0.071,15.32,0
27.99,32.5,24.34,0.524,14.6,28.23,0.556,18.69,0
27.08,51.53,45.92,0.152,25.22,13.16,0.439,15.36,0
14.04,75.27,23.28,1.072,13.97,11.89,0.459,12.57,0
31.25,43.89,32.43,0.29,19.46,91.59,0.658,22.14,0
14.07,69.78,40.58,-0.124,22.71,70.33,0.469,19.81,0
26.63,27.22,24.2,0.191,13.68,20.12,0.264,12.21,0
32.19,72.89,36.16,0.594,21.7,39.29,0.501,32.45,0
18.84,64.99,22.8,0.629,13.68,16.9,0.697,12.93,0
23.85,37.32,45.48,0.645,19.02,53.79,0.543,17.37,0
23.34,47.77,35.45,0.005,21.27,22.27,0.459,18.74,0
35.86,34.16,30.56,0.732,18.33,18.13,0.465,22.48,0
28.84,59.33,41.56,0.482,21.7,19.2,0.231,19.56,0
24.21,29.66,29.91,0.344,17.95,24.89,0.681,26.42,0
12.81,37.42,28.9,0.26,16.79,20.47,0.333,12.98,0
35.39,23.87,30.27,0.198,16.6,85.81,0.298,15.41,0
23.82,67.3,41.46,0.282,24.74,107.08,0.214,23.63,0
15.39,57.64,48.5,-0.373,27.33,31.48,0.566,22.76,0
24.23,40.12,43.55,0.209,23.67,38.9,0.625,23.05,0
22.1,46.09,25.7,-0.548,15.42,44.08,0.423,24.07,0
-15.0,60.29,40.05,0.607,21.12,5.62,0.712,9.97,1
17.3,54.8,56.09,0.634,28.24,11.73,0.897,22.47,0
25.84,22.33,43.25,0.292,21.36,18.64,0.737,13.79,0
32.34,76.41,41.08,0.347,24.65,6.82,0.576,22.17,0
30.45,31.55,32.53,0.174,11.35,83.0,0.078,16.91,0
34.29,40.07,20.28,0.724,12.17,70.87,0.491,16.74,0
23.48,72.88,35.16,-0.01,21.09,7.08,0.37,26.5,0
28.58,46.41,34.74,0.677,35.44,10.82,0.076,21.65,1
27.95,41.82,28.63,-0.292,17.18,176.17,0.447,22.73,0
41.72,52.34,26.01,0.574,15.61,50.88,0.957,13.06,0
21.54,78.45,54.63,-0.023,27.0,283.93,0.769,12.96,1
29.29,55.93,28.7,-0.566,17.22,30.72,0.354,24.53,0
24.39,55.68,24.17,-0.046,12.7,1.11,0.456,11.06,0
25.54,48.83,37.88,0.261,22.73,45.34,0.791,9.36,0
18.03,49.22,29.97,-0.13,17.98,83.82,0.668,19.27,0
17.26,47.45,41.24,0.722,30.5,26.99,0.033,14.27,1
28.39,72.92,37.65,-0.157,14.72,97.61,0.434,17.09,0
26.58,69.95,22.0,0.797,13.2,16.75,0.752,11.95,0
25.64,78.67,48.33,-5.0,23.36,30.22,0.522,15.12,1
26.24,58.1,37.3,0.569,18.26,93.62,0.138,24.9,0
22.25,45.81,42.56,-0.387,23.34,75.92,0.768,13.47,0
34.47,71.59,31.77,0.467,19.06,98.38,0.703,20.6,0
32.06,63.89,48.55,-0.174,22.86,55.86,0.676,6.8,0
26.39,52.37,44.1,0.278,24.07,86.82,0.547,23.03,0
21.36,81.32,41.38,0.556,15.08,208.16,0.564,15.9,0
27.62,37.7,42.87,0.109,22.14,56.8,0.214,19.48,0
28.42,57.52,42.45,0.532,17.87,21.87,0.15,16.75,0
17.7,52.95,32.13,0.509,19.28,18.75,0.695,18.26,0
32.13,26.61,62.02,0.375,29.42,16.55,0.618,18.22,0
34.35,76.1,45.51,0.198,20.56,0.06,0.206,18.9,0
26.19,76.8,35.42,-0.355,20.2,42.15,0.714,16.05,0
37.12,58.35,21.09,0.009,12.65,1.19,0.46,16.52,0
24.62,34.03,19.12,0.425,11.47,44.39,0.55,9.76,0
22.97,47.0,42.55,-0.05,19.72,29.68,0.446,19.92,0
29.69,48.27,43.32,0.67,23.34,0.01,0.491,15.27,0
25.83,62.72,40.51,-0.026,24.3,66.22,0.485,24.87,0
27.67,59.46,55.48,0.175,25.38,5.08,0.457,16.19,0
26.34,59.36,49.03,-0.045,19.82,15.72,0.117,21.73,0
25.6,79.11,31.34,0.782,18.67,2.29,0.191,21.17,0
30.73,60.73,24.41,0.284,14.65,55.94,0.128,25.42,0
33.3,34.18,38.71,-0.115,20.29,31.24,0.228,19.62,0
29.31,97.22,25.99,-0.313,15.6,0.38,0.419,22.87,0
35.97,59.87,28.17,-0.833,16.9,48.52,0.728,17.2,0
34.66,57.39,37.7,-0.26,22.62,1.43,0.72,18.08,0
20.46,42.64,32.82,0.318,19.69,4.37,0.493,23.96,0
38.86,52.21,48.39,-0.332,22.21,8.43,0.306,17.29,0
28.45,83.81,23.15,-0.187,13.89,78.85,0.364,18.06,0
27.26,34.65,33.5,0.491,28.98,11.24,0.023,21.54,1
21.87,14.43,36.21,0.773,21.73,24.69,0.72,24.8,0
25.7,53.63,31.89,0.276,17.7,108.09,0.352,20.87,0
27.58,52.46,34.8,0.247,10.67,63.48,0.197,7.82,0
36.5,51.44,27.88,-0.07,16.73,3.47,0.651,17.54,0
19.28,53.62,38.31,0.313,19.11,66.16,0.398,17.71,0
23.75,70.73,25.35,0.163,15.21,41.81,0.346,24.87,0
32.89,70.14,37.38,-0.05,22.43,41.27,0.273,26.7,0
29.38,65.44,28.55,-0.276,17.13,10.82,0.363,20.11,0
22.61,84.23,34.34,0.046,20.61,25.18,0.575,16.9,0
27.82,57.98,31.23,0.2,15.03,88.15,0.6,8.95,0
30.09,66.9,47.75,0.767,21.94,0.16,0.426,10.91,0
27.11,51.82,18.01,0.102,10.81,12.96,0.696,9.45,0
38.13,39.8,31.05,-6.0,15.16,23.01,0.073,16.67,1
22.26,70.98,34.87,0.436,19.24,29.79,0.307,17.59,0
26.9,71.11,46.81,-0.62,28.08,29.51,0.602,21.72,0
26.74,66.04,22.3,7.0,18.36,5.74,0.659,15.49,1
24.48,60.83,45.94,0.275,25.99,4.46,0.607,14.26,0
30.93,58.78,24.58,0.234,13.94,1.7,0.349,14.55,0
23.18,66.58,40.91,0.091,24.54,1.39,0.933,18.11,0
28.6,67.05,24.2,0.397,14.52,15.71,0.584,18.99,0
22.1,58.01,32.45,0.948,19.47,37.25,0.752,15.26,0
27.81,69.08,43.51,0.251,22.03,63.1,0.565,13.21,0
15.72,61.62,25.85,0.07,15.51,68.33,0.662,15.32,0
25.05,63.38,27.49,0.266,16.49,23.49,0.627,22.08,0
29.42,64.21,10.0,0.728,6.0,13.96,0.286,13.69,0
28.22,48.9,28.21,0.625,16.92,44.62,0.92,7.88,0
22.94,37.88,40.43,-0.532,18.78,19.97,0.411,11.97,0
29.62,62.55,19.62,-0.321,11.77,22.96,0.173,29.34,0
31.51,60.83,41.15,0.257,19.08,4.17,0.339,15.56,0
26.46,30.53,22.31,0.061,13.39,35.77,0.828,19.51,0
17.72,30.43,52.14,0.267,23.2,36.42,0.083,17.05,0
18.34,0.0,29.56,0.441,22.54,67.14,0.804,17.79,1
19.45,35.48,25.86,0.417,15.52,45.8,0.282,16.19,0
30.6,71.2,19.66,-0.01,11.8,80.22,0.523,25.09,0
27.25,47.11,39.63,0.896,16.35,61.6,0.289,20.07,0
28.52,93.58,31.54,-0.071,18.92,105.38,0.827,18.2,0
27.46,63.5,31.84,0.115,15.01,52.86,0.465,9.68,0
-15.0,56.97,37.81,0.121,22.05,0.82,0.665,14.87,1
11.46,62.31,27.82,0.327,16.69,68.04,0.457,19.9,0
18.47,38.71,36.89,-0.044,22.13,57.39,0.608,29.14,0
29.83,60.21,28.06,-0.261,16.83,61.28,0.642,15.58,0
30.12,44.3,32.72,-0.032,15.16,57.51,0.097,16.31,0
23.38,55.02,28.96,0.115,17.37,6.72,0.725,13.03,0
21.33,37.39,43.79,0.222,21.37,16.23,0.426,12.87,0
22.76,42.77,45.82,-0.035,23.72,78.02,0.467,15.2,0
16.8,41.43,38.84,0.253,22.06,30.83,0.563,19.39,0
35.08,47.12,30.27,0.039,16.38,0.18,0.357,18.24,0
41.54,37.09,46.36,0.273,27.81,2.35,0.751,12.2,0
34.72,56.09,37.26,-0.26,18.74,2.8,0.442,15.02,0
26.66,48.82,53.6,-0.352,28.02,25.08,0.673,15.65,0
24.85,73.35,15.52,0.02,9.31,20.2,0.427,16.6,0
26.69,49.33,28.3,0.269,16.2,7.0,0.309,10.59,0
32.48,62.71,40.66,0.07,21.31,6.9,0.233,18.59,0
18.1,36.57,37.86,0.096,32.83,250.44,0.638,32.44,1
29.08,49.11,35.76,-0.096,21.45,76.52,0.643,23.83,0
17.34,78.02,35.86,0.017,17.21,29.69,0.458,10.42,0
32.32,55.01,30.05,-0.557,18.03,34.48,0.611,16.21,0
28.91,37.08,58.54,-0.418,24.58,69.81,0.578,9.84,0
23.21,62.26,26.71,0.434,16.03,19.82,0.483,18.38,0
22.98,74.84,43.68,-0.375,25.62,2.61,0.603,20.76,0
38.8,55.62,47.72,0.433,23.73,8.89,0.397,11.0,0
18.23,53.69,52.08,0.556,24.22,27.02,0.482,12.7,0
18.0,66.49,63.23,-0.316,28.16,67.08,0.578,21.71,0
29.98,62.63,10.0,0.723,6.0,0.59,0.69,27.0,0
42.16,56.24,31.39,0.365,18.83,27.88,0.815,20.82,0
27.1,52.36,55.04,-0.387,23.13,15.67,0.477,13.97,0
21.09,39.32,33.83,-0.071,20.3,6.44,0.834,20.96,0
16.62,49.74,36.46,-0.151,12.47,39.21,0.279,12.87,0
25.63,36.06,27.43,-0.085,15.73,43.69,0.261,17.53,0
31.98,54.7,41.25,-0.284,21.07,44.79,0.534,14.18,0
27.21,50.45,37.51,0.076,22.51,42.38,0.668,15.79,0
22.67,76.79,44.25,-0.007,24.89,72.01,0.745,18.92,0
28.13,55.29,32.77,0.101,19.66,15.22,0.672,22.67,0
29.89,52.28,45.63,-0.546,24.67,8.95,0.623,22.19,0
19.78,50.73,23.55,0.661,14.13,12.0,0.289,25.14,0
44.66,54.84,39.56,-0.158,23.34,124.46,0.291,21.2,0
16.97,60.8,30.53,0.908,18.32,124.77,0.311,16.94,0
25.12,74.96,35.55,0.322,20.24,29.53,0.487,18.43,0
30.53,84.3,21.87,0.003,13.12,11.56,0.355,16.25,0
17.8,10.0,24.83,0.795,14.9,24.09,0.395,31.41,0
27.19,44.07,38.69,0.191,23.21,77.59,0.716,23.83,0
31.49,75.68,30.2,-0.122,15.63,11.16,0.551,13.08,0
19.98,71.92,32.89,0.698,19.74,10.57,0.598,17.19,0
25.5,46.91,37.36,-0.063,18.89,60.97,0.495,16.95,0
17.25,11.29,29.98,0.123,17.99,16.47,0.395,11.94,0
31.79,79.96,42.13,-0.018,19.34,117.34,0.518,17.5,0
25.89,43.41,35.6,0.444,21.36,10.15,0.786,21.29,0
19.16,39.23,35.06,-6.0,27.49,84.75,0.821,26.29,1
34.34,50.97,41.98,0.362,25.19,18.23,0.294,20.89,0
23.58,31.08,37.41,1.316,22.45,10.67,0.602,14.5,0
26.52,62.37,30.44,0.014,18.27,37.57,0.642,25.45,0
31.34,57.7,38.52,-0.847,19.13,0.64,0.204,14.33,0
30.16,28.8,32.98,0.248,13.79,43.37,0.28,19.05,0
43.91,38.12,42.74,-0.498,25.64,80.33,0.857,19.17,0
33.16,62.79,31.32,0.014,15.69,8.08,0.351,10.34,0
25.12,24.89,25.95,0.216,15.57,114.7,0.631,28.36,0
25.71,45.38,31.04,0.245,18.62,7.42,0.584,12.65,0
28.74,25.47,47.29,0.441,21.24,6.86,0.483,11.29,0
27.17,66.58,45.2,0.04,24.51,3.66,0.578,20.7,0
26.31,65.25,31.42,0.499,18.85,34.13,0.566,29.56,0
32.3,44.14,46.7,-0.08,23.47,32.18,0.568,11.23,0
30.37,46.05,42.12,0.256,17.48,24.89,0.432,15.57,0
19.95,42.15,33.53,0.494,14.55,47.76,0.273,13.79,0
36.79,71.36,42.98,0.419,25.79,37.26,0.159,22.89,0
23.41,46.74,38.18,-0.178,22.91,19.65,0.685,21.02,0
27.39,83.32,27.17,0.405,11.76,21.04,0.177,8.47,0
18.78,57.27,50.3,0.353,27.22,13.83,0.282,24.49,0
28.03,62.0,35.91,0.638,21.44,4.22,0.948,9.83,0
33.18,54.7,31.13,0.768,17.24,6.56,0.731,13.08,0
17.55,92.67,39.03,-0.376,19.17,28.6,0.436,20.89,0
21.69,40.74,29.51,0.229,14.59,76.52,0.278,14.24,0
25.0,22.34,30.97,-0.17,13.69,87.89,0.324,14.87,0
19.51,52.77,44.34,0.689,25.52,27.17,0.704,15.79,0
23.47,85.7,32.35,0.318,19.41,41.05,0.703,19.51,0
34.25,47.93,30.48,0.029,17.73,15.66,0.216,22.12,0
32.3,74.36,30.65,0.258,17.67,64.61,0.649,22.13,0
24.57,28.09,31.19,0.31,16.68,7.83,0.199,17.42,0
23.44,54.04,32.69,0.284,19.61,89.92,0.826,15.66,0
32.58,65.32,26.97,0.222,14.77,55.08,0.165,11.59,0
33.78,52.33,43.3,-0.615,25.98,17.52,0.66,20.53,0
38.45,54.89,46.47,0.378,22.31,20.94,0.215,16.22,0
28.98,59.37,28.17,0.052,16.9,20.6,0.268,18.46,0
20.05,42.05,26.04,0.052,14.23,20.92,0.144,11.72,0
15.34,42.91,32.55,0.719,19.53,31.68,0.349,20.27,0
25.79,60.29,28.48,-0.243,17.09,6.78,0.344,24.04,0
14.95,71.03,19.8,-0.119,11.88,0.24,0.437,14.29,0
22.21,56.4,26.16,-0.373,15.7,60.6,0.604,18.16,0
25.89,54.06,28.29,0.241,16.98,11.28,0.573,25.33,0
23.9,77.92,35.07,0.111,21.04,10.62,0.489,18.38,0
23.1,77.23,48.96,0.185,27.59,11.97,0.782,20.92,0
17.93,38.21,39.63,0.149,20.7,7.52,0.659,18.92,0
30.51,59.05,32.88,0.469,19.73,12.68,0.914,21.73,0
26.08,59.84,52.17,0.571,29.84,49.61,0.741,14.28,0
29.38,79.65,29.91,0.027,17.94,5.69,0.233,24.64,0
25.76,73.36,47.59,0.009,26.27,22.17,0.485,21.42,0
19.96,48.96,26.01,-0.333,38.92,41.37,0.06,21.05,1
16.07,47.27,35.67,0.124,21.4,36.35,0.425,18.78,0
21.36,65.82,31.02,0.48,18.61,8.73,0.328,15.65,0
23.36,70.73,37.7,0.344,15.3,29.93,0.255,15.33,0
23.24,23.74,31.93,-0.025,17.34,29.67,0.527,16.36,0
13.75,44.35,29.38,-0.08,16.15,3.44,0.462,11.48,0
22.89,62.45,30.13,-0.241,18.08,87.26,0.693,14.56,0
31.84,55.7,15.95,-0.496,9.57,7.98,0.532,23.74,0
38.87,70.81,34.75,-0.56,20.85,1.16,0.272,28.36,0
27.82,62.59,23.04,-0.261,13.82,33.17,0.471,16.14,0
24.6,73.27,32.25,0.527,19.35,9.42,0.456,26.52,0
19.94,43.58,31.65,0.597,18.99,2.89,0.542,26.6,0
36.77,23.88,38.45,-0.385,19.79,6.37,0.546,6.07,0
21.86,61.42,31.72,-0.303,14.27,41.9,0.404,18.1,0
23.43,61.94,37.59,1.111,19.91,9.91,0.353,13.21,0
20.01,58.97,40.57,0.849,22.46,54.84,0.382,15.84,0
19.23,82.87,23.49,0.411,14.1,6.92,0.666,24.54,0
25.46,46.44,20.89,0.31,12.54,57.87,0.604,20.21,0
30.1,57.24,31.61,-0.456,9.99,35.91,0.136,10.53,0
17.88,38.82,36.2,0.287,17.47,45.41,0.189,11.33,0
26.11,54.67,34.04,-0.227,20.42,39.37,0.098,25.73,0
35.57,79.65,55.24,0.631,30.69,151.98,0.804,26.72,0
30.98,28.36,31.77,0.392,15.13,10.78,0.617,16.03,0
27.94,54.32,34.64,-0.004,20.78,59.5,0.512,26.09,0
33.13,42.45,29.02,0.067,17.41,12.5,0.329,25.01,0
22.24,63.82,33.28,-0.024,19.97,26.27,0.705,9.74,0
22.1,39.17,38.61,-0.076,18.77,6.47,0.173,18.82,0
21.39,73.44,45.04,-0.252,18.54,10.62,0.111,15.61,0
28.19,60.45,36.43,0.66,21.86,9.0,0.782,18.68,0
34.31,47.79,43.76,0.254,26.26,1.05,0.876,21.38,0
24.62,47.67,33.23,0.74,11.4,87.96,0.379,7.02,0
16.57,32.54,27.82,-0.063,16.15,11.58,0.19,10.41,0
21.91,59.04,29.67,0.943,17.8,25.93,0.316,16.39,0
33.43,27.13,29.26,0.374,17.55,25.14,0.757,27.0,0
31.55,71.78,37.15,-0.386,12.01,50.73,0.115,11.49,0
19.3,47.29,35.27,-0.259,19.77,48.0,0.143,15.06,0
17.53,73.43,19.76,-0.539,11.73,29.7,0.266,9.06,0
18.67,86.44,38.52,0.621,21.04,34.89,0.57,11.71,0
18.67,47.5,32.75,0.373,19.65,22.75,0.431,24.7,0
23.8,47.52,31.43,0.173,18.86,28.2,0.553,19.17,0
21.42,29.76,39.17,0.972,22.86,28.04,0.261,22.07,0
34.92,71.23,31.91,0.065,15.68,28.96,0.273,12.19,0
32.44,70.03,15.97,0.315,9.58,107.7,0.353,21.16,0
14.71,58.65,34.68,0.637,20.81,10.69,0.58,23.1,0
29.28,62.78,28.23,0.023,16.94,3.7,0.6,23.19,0
23.69,56.17,35.42,0.947,13.2,71.37,0.392,0.0,0
24.55,50.49,48.32,-0.391,20.75,41.5,0.244,14.58,0
20.93,54.52,46.64,-0.968,56.16,10.38,0.329,7.06,1
23.99,74.19,41.67,-0.576,22.88,107.78,0.33,23.71,0
29.36,61.32,40.63,0.354,24.38,10.66,0.832,23.77,0
24.5,41.68,37.83,0.32,22.7,35.47,0.619,16.04,0
31.51,32.31,27.1,0.133,16.26,14.13,0.654,22.73,0
27.76,63.35,23.95,0.848,14.37,48.06,0.809,18.51,0
23.21,58.25,32.47,0.615,19.48,2.07,0.735,18.33,0
22.93,35.73,23.7,-0.001,14.22,6.36,0.855,13.52,0
32.62,50.24,47.04,6.0,23.32,9.1,0.288,21.7,1
10.68,71.46,35.1,-0.027,20.07,52.49,0.646,13.5,0
23.89,47.02,38.95,0.701,19.89,88.4,0.683,14.36,0
28.49,61.88,45.89,0.231,30.06,282.59,0.283,7.28,1
35.67,65.3,30.07,0.088,18.04,14.43,0.855,19.27,0
13.09,45.37,49.26,-0.256,20.63,21.48,0.366,22.88,0
22.5,58.17,34.76,0.268,11.22,3.83,0.144,14.09,0
22.6,42.31,35.28,0.328,15.01,73.63,0.666,14.12,0
20.27,1.0,42.91,0.562,21.76,36.37,0.48,15.59,1
26.01,68.06,47.61,0.26,16.11,1.25,0.429,12.13,0
30.71,51.96,32.48,0.474,18.26,70.44,0.209,19.25,0
33.32,21.84,41.91,0.124,29.27,13.02,0.022,12.67,1
23.32,64.15,33.18,-0.151,19.91,7.49,0.481,21.24,0
30.21,43.38,32.94,0.267,19.76,52.53,0.644,9.28,0
24.52,69.68,33.1,0.463,19.86,53.26,0.622,25.23,0
24.89,54.46,23.53,-0.52,12.09,28.85,0.257,13.18,0
21.36,71.33,28.52,0.275,17.11,10.25,0.678,14.31,0
29.75,17.68,15.77,-0.03,9.46,5.9,0.6,18.25,0
22.64,49.46,29.95,-0.152,17.97,59.64,0.718,21.21,0
40.56,33.83,29.36,-0.089,17.62,43.32,0.513,16.52,0
24.29,53.54,30.38,0.515,17.54,55.64,0.132,24.8,0
30.63,33.77,41.56,0.201,23.9,54.83,0.326,25.83,0
14.43,75.01,44.03,0.651,26.42,3.77,0.639,29.26,0
26.9,46.72,48.55,0.278,33.27,127.28,0.09,21.72,1
23.55,64.67,33.44,0.346,20.06,5.9,0.257,18.66,0
28.08,54.11,29.97,-0.109,15.97,2.59,0.577,11.88,0
31.53,61.47,42.37,-0.112,24.23,108.01,0.199,24.72,0
28.83,38.18,34.43,0.149,13.94,27.04,0.227,17.21,0
19.91,58.32,42.68,-0.232,16.43,51.35,0.576,14.97,0
19.92,42.42,38.6,0.642,21.86,55.22,0.913,4.7,0
24.37,55.3,39.33,0.889,37.98,63.88,0.082,27.32,1
29.46,62.58,39.3,-0.355,19.59,41.48,0.486,11.72,0
27.19,62.5,19.14,0.249,10.34,49.72,0.436,12.3,0
27.5,54.05,45.82,0.028,26.3,0.03,0.309,24.45,0
22.81,44.14,36.2,-0.142,21.72,17.52,0.72,19.35,0
24.98,61.06,21.05,-0.292,12.63,54.53,0.463,21.04,0
28.69,67.16,37.39,0.482,16.28,36.37,0.423,16.17,0
25.57,48.31,47.02,-0.142,25.63,0.49,0.256,21.23,0
30.09,58.19,44.46,0.45,21.33,75.36,0.266,17.68,0
32.53,82.27,28.11,-0.401,14.92,2.31,0.356,15.33,0
22.29,61.71,41.53,0.629,24.92,67.62,0.729,11.31,0
26.13,51.56,33.56,0.064,16.94,24.93,0.392,14.62,0
31.16,47.53,24.39,-0.244,14.63,25.66,0.633,16.59,0
32.13,60.71,27.53,0.588,32.25,21.45,0.086,10.95,1
19.11,54.79,40.78,0.262,24.47,102.1,0.721,18.56,0
18.68,63.15,35.48,-0.296,18.84,14.2,0.348,17.91,0
17.92,46.03,32.24,0.356,18.42,23.97,0.286,17.89,0
31.3,70.02,27.62,-0.031,16.57,28.91,0.695,18.51,0
22.55,89.8,38.51,0.416,23.1,16.17,0.477,19.0,0
25.51,41.61,30.64,0.889,18.38,48.25,0.157,17.74,0
-15.0,49.99,35.32,0.297,22.51,20.42,0.554,20.35,1
18.23,31.04,34.64,0.794,20.78,37.62,0.529,20.93,0
25.63,42.84,52.71,-0.169,29.56,55.71,0.394,31.5,0
20.99,37.16,49.01,0.431,23.43,21.04,0.644,12.81,0
31.89,47.68,30.05,-0.388,13.82,91.05,0.488,13.62,0
31.57,62.4,31.53,0.35,18.92,2.97,0.651,25.98,0
17.6,66.2,37.09,-0.397,22.25,30.46,0.501,22.5,0
35.26,85.63,34.59,-0.281,20.76,16.33,0.728,19.98,0
23.38,63.15,19.56,0.535,27.94,276.33,0.611,0.53,1
21.99,54.09,41.28,-0.106,20.78,41.53,0.337,17.53,0
30.96,61.79,19.07,0.38,28.34,16.54,0.03,21.21,1
21.2,59.45,37.71,-0.413,22.63,81.92,0.511,16.39,0
20.15,53.6,44.95,0.105,20.17,61.86,0.462,13.81,0
28.46,53.81,28.82,0.17,17.29,44.47,0.751,32.78,0
28.06,55.52,24.85,0.102,10.61,79.31,0.523,8.55,0
28.28,50.05,27.25,0.131,31.85,296.75,0.726,20.74,1
27.34,71.05,26.94,-0.095,16.16,2.02,0.498,16.34,0
23.17,66.95,38.15,0.53,22.89,24.19,0.77,16.13,0
25.84,59.36,40.3,0.25,22.91,22.62,0.487,21.18,0
36.83,65.94,23.1,0.28,13.86,12.53,0.429,10.5,0
26.03,52.2,39.08,0.249,21.38,24.84,0.438,11.28,0
25.63,75.18,36.7,0.54,14.85,36.2,0.455,13.63,0
26.02,72.25,36.83,-0.067,22.1,29.62,0.741,22.24,0
32.19,71.06,41.48,0.404,19.02,87.6,0.416,17.04,0
21.19,77.82,49.55,0.095,29.73,7.98,0.321,36.23,0
22.09,32.09,38.81,0.67,14.46,18.36,0.506,11.44,0
18.22,51.87,21.55,-0.449,12.93,79.07,0.193,15.7,0
33.12,22.45,27.8,0.667,13.41,95.25,0.306,10.61,0
23.24,63.61,26.68,0.073,16.01,108.18,0.687,15.74,0
25.25,23.42,39.95,-0.063,18.81,54.54,0.575,10.17,0
20.0,53.49,46.11,-0.383,27.67,77.56,0.768,29.71,0
20.59,73.8,29.56,0.244,15.22,75.53,0.451,9.58,0
28.93,52.2,31.11,0.086,15.75,86.51,0.249,13.13,0
26.28,70.87,37.8,-0.069,18.06,3.13,0.237,9.08,0
35.85,34.5,35.18,0.367,21.11,71.94,0.733,14.6,0
28.18,58.02,51.8,-0.114,24.79,30.86,0.742,9.28,0
20.58,62.51,32.5,-0.208,19.5,25.87,0.658,7.19,0
23.14,47.55,27.35,0.335,13.89,1.07,0.361,16.79,0
27.3,80.67,35.49,-0.184,21.29,61.7,0.384,23.86,0
20.09,58.25,28.82,0.349,17.29,59.37,0.723,20.71,0
20.01,42.22,30.97,0.427,18.58,35.51,0.247,21.19,0
25.14,59.6,25.98,-0.394,15.59,2.2,0.89,14.8,0
26.93,64.06,46.14,0.294,25.19,7.02,0.36,27.4,0
41.16,67.87,32.7,0.495,17.95,74.09,0.448,9.11,0
25.66,70.32,29.92,-5.0,13.87,2.68,0.036,15.07,1
34.07,39.09,45.45,-0.31,18.02,21.73,0.247,15.18,0
22.1,64.82,31.08,0.011,18.65,22.67,0.729,12.73,0
24.94,40.9,29.73,0.207,17.84,0.93,0.729,23.63,0
21.49,36.7,38.69,0.799,22.08,53.07,0.858,11.02,0
6.55,50.49,35.28,0.184,20.65,24.45,0.409,20.17,0
23.99,54.49,36.93,-0.102,22.16,14.1,0.685,19.73,0
28.95,77.64,30.78,-0.242,18.47,10.88,0.445,22.06,0
22.15,71.83,24.28,-0.608,14.57,3.51,0.624,21.84,0
32.8,50.81,34.67,0.997,20.8,61.46,0.404,33.67,0
27.05,36.37,21.78,-0.129,13.07,89.73,0.347,21.3,0
21.75,55.68,41.03,0.096,21.25,197.27,0.767,19.1,0
23.99,50.09,27.59,-0.226,8.66,8.49,0.196,10.6,0
21.45,86.02,36.88,-0.278,19.41,43.97,0.524,18.84,0
33.2,59.8,33.5,-0.361,18.66,4.35,0.216,27.2,0
15.78,40.73,27.94,0.342,16.77,28.49,0.207,22.62,0
27.34,48.71,28.28,-0.302,16.97,47.18,0.359,18.76,0
36.12,62.54,34.82,0.46,20.89,9.35,0.706,27.43,0
26.56,62.9,45.79,0.006,26.81,0.26,0.721,18.13,0
30.8,52.18,31.39,0.199,18.84,157.68,0.771,16.97,0
18.58,58.87,58.42,1.088,21.17,84.57,0.792,6.57,0
23.2,45.89,29.97,0.39,16.78,200.63,0.467,11.37,0
30.35,47.97,31.0,0.589,15.24,16.77,0.516,11.91,0
20.69,27.94,18.35,0.188,11.01,93.8,0.437,14.61,0
20.5,51.87,38.74,-0.321,23.24,7.3,0.592,18.84,0
33.94,77.07,18.94,-5.0,13.98,6.05,0.342,14.56,1
25.13,47.0,23.01,0.505,13.8,21.67,0.865,19.35,0
27.28,64.56,26.53,0.397,15.92,7.77,0.655,20.35,0
29.28,56.71,40.13,-0.099,19.64,15.26,0.616,17.06,0
28.84,49.86,29.1,0.233,17.46,27.61,0.85,12.49,0
17.36,50.2,38.81,0.396,23.29,25.0,0.586,23.34,0
15.33,55.28,34.45,0.709,20.67,24.43,0.753,20.36,0
28.77,29.62,43.48,0.207,22.12,22.01,0.522,14.18,0
18.62,59.19,43.58,0.593,26.15,33.2,0.394,21.11,0
26.92,49.96,43.65,0.041,23.89,0.9,0.526,16.02,0
23.68,27.2,35.48,0.543,21.29,46.43,0.944,31.95,0
31.1,45.96,39.15,0.035,23.49,0.68,0.761,21.64,0
25.79,40.21,28.2,0.036,16.92,1.35,0.421,18.32,0
16.43,64.05,30.3,0.245,18.18,21.78,0.69,9.76,0
34.42,34.48,26.08,0.123,10.58,60.36,0.041,18.89,0
32.5,50.67,33.78,0.398,20.27,16.95,0.167,12.87,0
27.41,42.24,41.56,0.297,21.47,35.29,0.401,5.54,0
21.02,68.62,29.34,-0.002,17.32,21.56,0.548,20.22,0
30.41,64.08,45.82,-0.158,26.39,22.06,0.348,28.65,0
24.18,66.76,27.61,0.243,16.56,50.44,0.395,22.87,0
37.63,63.76,20.31,-0.058,12.19,6.85,0.545,24.53,0
55.0,38.22,32.55,0.128,17.36,19.17,0.276,16.16,1
37.4,60.4,40.6,0.045,24.36,1.87,0.656,28.03,0
31.79,62.1,43.26,-0.17,58.77,103.97,0.15,17.12,1
18.06,62.09,21.19,0.153,12.72,4.04,0.756,16.48,0
25.29,70.87,40.31,0.311,21.53,4.39,0.219,24.71,0
25.86,70.4,37.25,-0.012,19.07,23.96,0.118,23.63,0
33.89,42.42,24.22,0.436,13.34,8.94,0.463,13.88,0
34.52,52.89,32.76,0.399,19.65,25.37,0.381,17.68,0
26.52,62.5,34.88,-0.368,18.56,83.36,0.306,16.32,0
27.92,46.16,31.96,0.231,19.18,37.87,0.486,19.24,0
36.01,51.8,34.09,-0.573,19.48,12.77,0.576,7.41,0
25.17,67.5,33.26,-0.147,19.96,20.78,0.861,20.5,0
19.33,78.97,51.43,0.62,26.8,27.59,0.331,26.49,0
31.54,38.33,42.04,0.682,20.82,59.62,0.396,18.08,0
20.27,61.31,34.71,-0.361,20.82,70.91,0.866,12.24,0
40.96,79.58,42.7,0.684,25.27,41.73,0.751,20.47,0
-15.0,42.35,38.45,-0.214,18.22,94.22,0.454,10.18,1
14.48,66.56,42.57,-0.147,23.35,110.8,0.468,10.75,0
33.33,28.87,43.85,-0.026,24.89,146.81,0.402,26.21,0
31.51,63.67,25.77,0.156,15.46,17.23,0.629,26.53,0
33.14,63.3,42.42,-0.603,25.45,22.35,0.6,19.41,0
55.0,37.62,38.38,-0.558,19.83,33.79,0.445,14.47,1
20.92,59.29,40.8,0.24,13.72,86.13,0.31,10.67,0
25.02,46.57,38.56,-0.005,22.65,1.6,0.648,22.28,0
22.74,28.79,40.47,0.363,19.99,57.37,0.233,18.88,0
28.94,36.41,33.99,0.097,20.39,8.73,0.27,20.12,0
28.51,75.35,49.45,0.541,22.34,49.88,0.504,21.84,0
24.14,57.37,36.55,-0.189,21.93,66.28,0.678,18.31,0
24.61,52.25,25.64,-0.845,15.39,96.83,0.609,25.87,0
25.0,43.31,31.88,-0.327,19.13,69.08,0.693,14.81,0
23.38,48.97,29.21,0.117,17.52,12.33,0.393,20.72,0
36.18,35.51,36.46,0.049,21.87,11.14,0.462,18.37,0
30.25,71.06,32.78,-0.032,16.16,39.98,0.648,5.55,0
26.74,54.75,31.63,0.603,18.98,4.08,0.086,27.93,0
31.04,54.33,37.95,0.532,22.77,80.52,0.416,29.0,0
14.22,45.83,33.35,-0.957,20.01,13.95,0.907,12.96,0
30.07,74.38,35.81,0.271,21.49,91.42,0.638,28.58,0
26.17,62.9,47.86,-0.193,21.59,64.1,0.083,14.95,0
19.72,71.13,33.24,0.497,19.94,55.47,0.401,14.16,0
24.06,53.62,16.06,0.41,9.64,77.08,0.581,16.14,0
20.28,62.58,54.35,0.118,25.46,18.75,0.824,10.66,0
38.37,54.29,38.6,0.33,18.26,42.86,0.508,8.69,0
25.85,58.41,36.68,0.309,22.01,72.28,0.915,22.38,0
19.28,43.35,40.3,-0.266,20.34,183.89,0.31,24.59,0
22.35,40.97,30.56,0.105,18.33,47.78,0.579,26.71,0
22.54,56.66,36.14,0.538,21.69,113.5,0.802,17.05,0
10.94,74.71,37.71,5.0,17.57,32.37,0.225,14.75,1
17.14,82.18,38.03,0.384,35.76,38.38,0.001,23.69,1
28.71,48.12,27.72,0.143,12.3,19.16,0.485,11.16,0
28.37,53.05,28.87,0.657,14.3,93.04,0.461,12.76,0
32.32,38.29,38.05,0.085,20.62,132.71,0.484,16.33,0
25.19,52.04,32.23,0.241,19.34,14.99,0.775,20.93,0
38.34,56.5,26.53,0.09,15.92,11.39,0.567,26.58,0
22.25,69.64,41.65,-0.265,19.56,30.13,0.173,15.42,0
23.09,55.24,30.74,-0.242,18.44,3.35,0.567,16.81,0
20.83,79.55,48.3,0.354,28.98,70.57,0.807,22.74,0
20.08,55.53,40.36,0.856,21.11,16.6,0.248,18.83,0
30.43,67.13,25.93,0.938,15.56,110.23,0.279,24.95,0
16.58,12.41,33.49,-0.348,19.71,1.31,0.441,19.99,0
24.2,68.89,30.74,0.413,18.45,25.35,0.247,17.12,0
23.78,43.95,36.26,0.35,18.64,54.55,0.137,13.36,0
31.01,31.35,33.27,0.429,19.96,4.21,0.141,20.48,0
31.99,54.2,39.58,-0.063,23.75,37.52,0.402,14.31,0
29.44,45.89,39.28,0.041,17.87,19.1,0.128,16.01,0
28.13,52.83,32.47,0.33,41.0,134.64,0.551,22.04,1
29.33,41.37,18.64,0.366,11.19,15.39,0.539,21.91,0
31.72,62.34,41.08,0.304,24.18,37.09,0.482,27.08,0
27.44,55.29,29.15,-0.231,17.49,8.89,0.882,23.74,0
17.22,37.78,34.15,-0.638,20.49,9.92,0.609,14.69,0
29.14,34.15,39.55,-0.0,23.73,43.48,0.828,15.03,0
24.04,42.52,37.47,0.021,14.67,23.58,0.404,9.91,0
29.57,66.8,45.13,0.119,23.89,11.39,0.356,18.16,0
36.78,23.01,46.77,-0.012,22.25,33.22,0.532,15.69,0
27.35,62.1,35.34,-0.641,17.15,19.2,0.21,16.97,0
35.69,54.25,40.34,0.561,19.71,19.79,0.568,16.14,0
27.35,57.15,58.48,-0.674,33.85,18.1,0.823,22.55,0
29.09,46.67,33.59,-0.049,20.15,70.74,0.31,17.72,0
18.08,29.97,33.7,0.092,20.22,0.92,0.642,16.17,0
34.86,59.97,29.53,0.36,17.72,31.93,0.871,17.27,0
24.94,69.93,33.94,0.267,20.36,19.21,0.671,19.53,0
34.12,44.0,35.7,0.224,15.14,8.94,0.134,17.29,0
37.0,47.69,31.54,0.059,18.92,36.81,0.26,24.26,0
21.28,58.41,44.98,-5.0,22.92,39.12,0.466,17.52,1
29.68,32.01,26.64,-0.283,15.98,89.76,0.486,17.4,0
19.9,80.34,38.17,0.064,22.42,0.16,0.284,19.3,0
31.6,45.32,40.49,-0.048,20.38,50.76,0.71,16.2,0
18.95,57.03,40.24,0.548,24.15,75.69,0.885,16.22,0
29.86,40.09,41.67,-0.806,25.0,24.47,0.745,14.02,0
30.77,75.55,21.26,1.151,12.76,73.56,0.322,18.89,0
16.71,62.15,30.24,0.791,18.15,139.47,0.237,22.41,0
23.78,50.72,29.71,0.229,17.83,118.99,0.813,25.94,0
36.11,70.35,34.37,0.015,19.32,19.24,0.299,16.68,0
16.39,65.67,27.87,0.701,16.72,6.29,0.682,25.05,0
23.39,57.24,43.52,-0.715,26.11,50.4,0.86,15.8,0
30.07,69.06,38.8,-0.241,20.5,32.39,0.45,10.91,0
30.09,51.14,42.41,0.584,23.27,83.36,0.239,18.62,0
17.61,61.42,53.34,0.122,31.97,63.07,0.543,21.1,0
29.72,45.51,37.36,0.393,22.41,25.09,0.675,22.84,0
15.51,60.35,41.98,-0.061,25.19,0.65,0.543,23.81,0
28.15,34.42,34.44,0.502,20.66,62.31,0.834,23.24,0
24.92,65.97,45.28,-0.057,15.78,39.51,0.25,14.69,0
23.28,69.74,34.54,-0.034,20.72,90.48,0.684,19.44,0
30.0,57.24,35.68,-0.071,16.23,7.8,0.129,19.21,0
24.09,34.11,30.87,0.505,18.52,13.79,0.573,20.79,0
39.14,66.69,24.31,-0.252,14.58,5.26,0.71,22.71,0
29.0,49.47,22.58,-0.185,13.55,9.25,0.278,19.48,0
33.08,58.47,39.42,0.363,13.76,3.2,0.388,7.64,0
29.08,61.16,38.05,0.47,22.83,23.89,0.627,12.74,0
28.95,98.03,35.75,0.887,21.45,37.36,0.53,18.56,0
36.86,48.83,35.7,0.086,17.32,26.49,0.314,10.62,0
24.64,38.62,33.37,0.545,14.67,25.6,0.469,3.56,0
17.66,40.23,50.47,-0.364,24.62,66.27,0.34,16.7,0
38.04,55.41,37.38,0.198,13.83,6.93,0.335,8.33,0
34.59,29.93,42.17,0.118,23.94,71.47,0.532,24.19,0
33.43,61.48,22.07,-0.042,13.21,23.22,0.457,17.48,0
22.17,55.27,35.26,0.385,21.15,33.33,0.738,25.94,0
20.4,47.77,33.35,-0.066,18.92,43.4,0.217,19.2,0
31.15,46.45,28.99,0.587,17.4,9.12,0.194,30.73,0
30.88,65.28,35.86,0.145,21.51,33.45,0.715,21.86,0
28.34,67.41,26.79,0.703,16.08,192.51,0.535,19.75,0
27.08,67.93,36.5,-0.361,19.06,47.48,0.436,21.29,0
26.46,39.6,29.61,0.311,17.77,31.46,0.762,23.87,0
21.15,54.41,45.69,0.201,27.42,46.87,0.947,11.62,0
30.38,89.87,41.8,0.517,25.08,23.29,0.524,25.52,0
25.42,60.94,39.79,0.116,23.88,12.09,0.821,10.15,0
30.08,52.99,30.53,-0.034,18.32,63.32,0.76,20.86,0
27.25,52.26,27.75,0.181,16.65,26.62,0.862,10.12,0
16.66,69.4,41.98,0.224,25.19,29.97,0.173,22.2,0
25.9,37.0,37.03,-0.642,20.02,5.87,0.287,24.34,0
24.07,68.41,21.44,0.099,12.86,0.05,0.743,21.88,0
28.73,50.11,46.21,0.312,24.1,36.11,0.644,17.63,0
22.84,46.13,42.57,0.36,18.69,1.27,0.546,10.8,0
22.09,59.79,43.39,-0.245,22.57,129.36,0.945,11.81,0
26.85,38.57,35.2,-0.464,15.98,0.65,0.245,12.19,0
21.24,70.92,38.59,-0.312,23.15,57.22,0.687,28.97,0
17.09,36.13,29.37,-0.45,16.2,19.91,0.273,11.51,0
22.3,52.74,29.08,-0.168,17.21,48.15,0.211,18.01,0
24.31,67.42,26.36,0.1,15.82,8.09,0.799,27.71,0
17.72,37.2,28.56,-0.061,17.13,2.84,0.59,18.74,0
29.36,44.36,14.82,0.366,8.89,7.36,0.724,18.09,0
30.72,74.89,44.82,-0.031,26.89,16.27,0.856,21.73,0
21.14,47.76,41.16,-0.31,19.62,13.23,0.338,15.56,0
24.55,69.29,22.59,0.42,13.55,19.71,0.961,22.15,0
21.86,59.18,30.53,0.036,16.52,1.64,0.489,19.91,0
21.77,60.2,32.07,-0.024,19.24,22.04,0.607,20.73,0
30.67,24.46,36.12,-0.559,21.67,29.82,0.57,16.58,0
27.97,39.26,31.51,0.147,18.91,17.4,0.76,14.75,0
25.96,43.78,28.19,1.094,16.92,10.52,0.75,11.07,0
22.56,57.37,43.69,-0.074,26.21,74.4,0.618,18.85,0
30.16,65.44,26.55,-0.04,15.13,2.61,0.26,19.02,0
34.25,31.06,32.33,0.456,19.4,19.96,0.925,23.5,0
25.93,56.17,23.88,0.168,14.33,31.54,0.603,17.88,0
30.94,13.79,30.41,0.044,16.83,125.18,0.61,15.52,0
16.58,40.78,39.93,0.295,20.71,41.06,0.359,17.96,0
10.19,32.03,43.97,0.359,15.05,28.52,0.337,13.9,0
20.68,80.49,31.68,-0.532,17.67,34.12,0.665,14.05,0
28.76,27.37,31.18,-0.077,18.71,24.6,0.392,20.95,0
17.19,90.88,32.11,-0.052,17.16,93.45,0.441,10.64,0
20.16,27.11,35.94,0.468,13.14,59.4,0.018,13.25,0
24.79,71.35,36.94,-0.627,22.16,54.99,0.563,14.83,0
25.69,35.22,21.04,-0.294,12.63,0.05,0.682,21.66,0
23.54,36.71,33.88,0.002,20.33,39.98,0.534,15.77,0
25.31,66.4,41.17,-0.02,23.38,76.56,0.368,19.66,0
25.18,74.88,40.71,0.599,20.0,29.08,0.264,12.66,0
32.68,60.99,42.97,0.37,21.85,43.45,0.208,16.85,0
30.54,47.84,33.23,0.413,17.3,11.24,0.592,13.13,0
23.78,61.24,34.02,0.228,20.41,69.17,0.251,34.85,0
24.26,53.58,30.78,0.25,18.47,45.91,0.56,16.56,0
23.18,66.15,32.3,0.773,16.41,43.98,0.111,22.52,0
14.36,22.57,49.71,-6.0,27.52,39.29,0.516,24.83,1
34.54,75.27,40.55,0.663,24.09,6.76,0.79,21.78,0
9.82,67.23,31.54,0.765,15.85,12.41,0.674,8.42,0
23.07,59.43,36.29,0.294,21.77,19.87,0.266,21.26,0
26.77,71.75,25.56,1.003,27.25,258.48,0.564,9.84,1
20.58,26.65,34.38,0.151,18.11,69.91,0.402,17.02,0
24.23,56.47,37.04,0.06,17.47,29.05,0.288,19.22,0
31.23,84.87,33.74,0.575,20.24,6.19,0.591,18.51,0
37.92,72.51,32.69,-0.108,8.61,38.08,0.238,6.27,0
16.91,51.9,32.19,-0.443,19.32,62.76,0.528,9.0,0
27.6,50.27,36.64,0.35,19.37,15.45,0.308,20.02,0
14.66,72.58,41.22,-0.178,21.58,31.76,0.56,17.18,0
19.09,50.85,52.68,-0.038,22.56,37.84,0.509,11.25,0
25.94,38.2,37.35,0.504,22.41,39.9,0.053,29.13,0
27.97,51.92,32.41,0.073,18.93,9.7,0.605,17.7,0
24.07,68.31,35.46,0.031,13.97,28.94,0.467,6.37,0
35.87,71.56,37.7,0.169,17.75,37.49,0.58,13.79,0
60.0,47.17,43.75,0.264,21.7,41.6,0.154,23.05,1
21.47,70.11,31.31,-0.134,18.79,38.67,0.743,14.89,0
32.31,89.14,34.74,-0.196,20.84,27.27,0.686,13.27,0
24.65,61.88,48.78,0.315,29.27,25.28,0.633,20.28,0
18.81,55.0,22.48,0.609,13.49,16.93,0.707,11.41,0
20.06,42.86,36.44,0.693,21.87,38.59,0.322,23.05,0
25.97,63.25,10.0,0.718,6.0,51.39,0.452,19.57,0
32.7,62.7,49.53,0.546,29.6,0.93,0.681,14.89,0
33.49,45.51,24.71,0.029,14.45,27.41,0.613,10.44,0
24.95,63.99,49.66,0.365,29.8,16.11,0.747,29.79,0
24.78,67.37,35.29,-0.238,44.31,0.69,0.804,24.19,1
25.27,86.47,39.51,0.129,20.37,94.15,0.159,19.88,0
20.42,42.36,41.77,-0.269,24.07,38.84,0.958,10.66,0
36.87,68.42,29.69,-0.289,17.82,56.73,0.476,25.89,0
33.13,45.44,37.51,0.209,22.51,41.95,0.62,19.68,0
16.7,58.96,33.11,-0.3,11.61,30.71,0.159,13.72,0
13.72,52.91,18.31,0.215,18.56,65.55,0.487,20.47,1
22.56,79.54,28.4,-0.19,17.04,120.18,0.57,21.59,0
36.36,66.32,40.84,0.352,24.5,31.49,0.677,17.59,0
25.93,69.68,21.93,-0.713,13.16,35.67,0.829,27.34,0
29.41,72.09,31.56,-0.476,18.94,58.36,0.159,18.18,0
29.69,54.19,44.09,-0.53,26.45,33.88,0.637,23.46,0
28.8,60.97,40.8,0.231,24.48,113.22,0.369,16.59,0
38.38,68.22,35.14,0.243,16.34,10.78,0.808,14.34,0
25.52,68.7,46.19,0.033,27.72,55.66,0.623,15.17,0
27.93,75.44,38.54,-0.009,23.12,82.12,0.705,20.97,0
26.49,32.22,29.95,-0.022,17.97,1.35,0.913,14.35,0
27.22,33.46,32.58,0.136,19.55,50.89,0.935,22.69,0
