temperature,humidity,hive_weight,weight_change,health_status
35.1,71.42,44.71,0.17,healthy
32.23,58.41,50.87,0.51,warning
25.52,51.22,51.71,0.35,critical
32.85,57.09,33.65,-0.14,healthy
34.22,65.68,10.03,-0.44,warning
28.13,65.98,41.88,0.52,critical
36.4,51.55,19.02,0.89,warning
35.42,56.52,17.74,-2.6,critical
33.94,46.42,17.6,-1.65,critical
35.15,59.95,14.74,1.19,warning
33.94,64.32,26.55,0.07,warning
33.94,55.24,56.97,0.08,healthy
34.79,51.0,46.95,-2.71,critical
32.2,57.16,47.82,0.04,warning
32.43,57.5,19.84,0.69,warning
33.83,24.77,57.64,-0.01,warning
33.28,56.07,44.77,0.14,healthy
34.88,53.96,56.77,-0.43,healthy
33.41,60.98,15.42,0.06,warning
32.81,59.42,38.44,-0.25,warning
36.26,39.16,42.67,0.29,healthy
34.23,48.94,18.22,-0.52,warning
34.58,53.47,9.28,0.54,warning
32.79,80.84,53.86,-0.2,warning
33.85,55.89,46.58,0.86,healthy
34.63,51.14,48.82,0.7,healthy
33.12,56.57,59.41,0.36,healthy
34.95,53.02,48.57,-0.47,healthy
33.78,60.28,45.71,-0.1,healthy
34.15,57.0,44.17,-3.78,critical
33.78,53.11,43.65,-0.16,healthy
40.77,56.39,48.12,0.78,warning
34.48,62.89,20.24,0.09,warning
33.23,51.58,38.88,-0.11,healthy
35.49,57.42,38.13,-0.15,healthy
33.03,54.58,57.85,-4.4,critical
45.0,57.56,39.34,0.36,critical
32.15,29.38,47.16,-0.5,critical
32.91,57.35,18.17,-1.03,warning
34.74,61.65,28.21,-3.21,critical
35.39,49.38,46.98,-0.54,warning
34.71,47.02,56.15,-0.42,healthy
34.36,47.25,44.38,0.13,healthy
34.14,47.98,12.89,0.73,healthy
32.73,58.57,17.85,0.63,warning
33.64,46.56,14.91,-0.09,healthy
24.13,53.21,9.86,-2.1,critical
34.39,58.71,44.19,0.02,healthy
40.11,57.5,50.18,0.02,warning
32.38,52.69,56.78,0.19,healthy
34.89,56.15,62.57,0.49,healthy
36.26,55.64,51.51,-0.09,healthy
33.69,53.65,54.34,-0.01,healthy
33.14,53.73,11.92,-3.1,critical
35.74,68.41,15.54,0.29,healthy
35.62,59.86,57.67,-1.32,warning
33.49,69.88,10.04,0.55,warning
34.13,52.02,17.09,-0.4,healthy
34.9,54.49,16.62,-0.0,healthy
35.67,47.01,19.58,0.65,healthy
33.92,69.37,43.49,0.24,warning
34.28,58.26,37.54,0.16,healthy
33.17,51.87,40.1,-1.77,warning
33.06,50.28,17.27,0.37,warning
35.48,47.54,25.8,0.26,healthy
36.13,48.68,12.54,-0.08,warning
34.41,52.95,53.94,0.5,healthy
35.7,54.62,47.75,-0.33,healthy
34.93,60.54,15.75,0.68,healthy
33.73,57.7,11.73,-0.21,warning
34.93,52.5,27.9,0.37,healthy
36.35,54.2,38.65,0.08,healthy
34.46,39.2,48.62,-0.04,healthy
36.38,58.07,39.14,0.69,healthy
31.36,49.67,8.2,0.45,warning
35.49,61.17,35.46,0.13,healthy
34.6,44.03,22.06,0.85,healthy
34.14,64.7,52.03,0.54,healthy
36.17,52.94,41.23,-0.17,healthy
32.11,50.36,41.73,-0.75,warning
34.24,56.42,38.57,0.19,healthy
34.93,63.91,36.71,0.7,warning
34.92,61.71,48.54,0.39,healthy
29.15,58.01,49.84,0.78,warning
33.53,61.52,47.27,-0.09,healthy
45.0,44.7,22.18,-3.31,critical
35.6,51.87,42.99,0.11,healthy
34.89,58.35,10.99,0.25,warning
33.86,74.1,30.79,0.46,warning
35.12,52.7,6.32,-3.24,critical
34.62,60.07,46.0,-3.45,critical
35.66,75.32,43.2,0.82,warning
33.66,49.83,54.53,0.42,healthy
34.11,51.48,24.33,0.01,healthy
34.03,62.76,58.8,0.24,healthy
32.74,50.35,63.58,0.41,warning
34.86,56.77,55.88,0.2,healthy
34.81,50.3,23.98,-4.62,critical
34.51,53.12,52.64,-3.56,critical
34.22,54.72,61.46,-1.74,critical
32.8,86.01,60.43,0.05,warning
34.0,49.24,30.92,0.16,healthy
34.09,56.72,11.84,0.12,healthy
33.54,49.93,62.96,-0.21,healthy
34.31,50.14,13.24,0.08,warning
34.98,49.37,30.47,-0.03,healthy
36.76,61.99,53.29,-0.13,warning
34.71,60.66,17.19,-0.27,healthy
34.81,64.04,17.57,0.11,warning
34.41,50.64,33.09,0.4,healthy
32.2,67.9,14.26,0.6,warning
34.47,48.97,37.31,-0.41,healthy
34.57,61.5,16.35,0.79,warning
37.46,50.67,60.58,0.27,healthy
33.83,49.77,28.41,-2.6,critical
34.86,50.53,54.08,-0.01,healthy
34.46,54.69,42.93,-0.6,healthy
33.1,58.48,15.13,-0.5,warning
26.59,59.02,50.14,0.84,critical
35.4,49.34,37.29,-0.13,healthy
35.45,58.23,33.25,0.36,healthy
33.41,49.5,27.16,0.11,healthy
36.18,54.33,57.32,0.16,warning
32.82,53.74,41.28,0.3,healthy
35.2,49.3,50.7,-0.68,warning
37.13,47.38,40.15,0.68,healthy
33.31,68.58,33.38,0.11,warning
33.82,51.97,51.52,-0.05,healthy
34.62,52.4,48.28,0.34,healthy
33.9,58.36,42.63,-0.14,healthy
32.64,51.65,48.02,0.23,warning
34.58,31.9,35.4,0.08,warning
33.23,50.69,55.61,-2.86,critical
36.77,65.99,57.92,0.06,warning
33.4,57.07,52.59,-0.26,healthy
34.75,51.28,7.01,0.29,warning
33.56,51.47,45.59,0.04,warning
34.11,51.92,60.69,-0.58,healthy
35.48,63.24,17.18,0.23,warning
33.02,62.84,64.94,-0.06,warning
34.77,50.99,8.39,0.29,warning
36.07,51.63,36.3,-0.19,healthy
32.57,54.91,46.34,-0.33,healthy
34.72,53.37,49.07,0.62,healthy
34.81,46.05,12.23,0.49,warning
35.12,52.6,10.19,0.15,warning
33.88,83.67,57.67,0.33,warning
33.44,58.07,19.6,0.47,healthy
35.13,59.12,32.85,0.15,healthy
34.86,60.52,34.0,-0.33,warning
34.8,54.53,17.54,0.27,healthy
34.92,56.38,75.03,0.55,healthy
37.09,42.03,8.18,0.39,critical
34.78,52.47,41.85,0.17,healthy
30.15,61.03,69.05,0.38,warning
33.64,52.46,40.16,0.06,healthy
36.74,50.58,49.55,0.57,warning
35.07,68.67,16.72,0.69,warning
33.07,65.91,35.49,-0.37,healthy
28.85,57.81,41.91,-2.77,critical
33.33,90.18,24.02,1.04,warning
24.13,41.64,29.82,0.36,critical
35.89,50.27,60.69,0.54,healthy
33.52,70.85,39.15,-0.11,warning
35.66,55.57,36.24,-0.05,healthy
35.0,52.06,40.56,0.07,healthy
35.49,39.7,54.29,-3.81,critical
36.78,57.32,46.13,-0.37,warning
34.21,58.26,37.08,0.08,healthy
33.6,64.61,49.09,0.48,healthy
33.43,50.27,53.13,-0.37,healthy
33.52,53.81,44.76,0.22,healthy
34.41,38.92,42.65,0.21,healthy
34.91,53.24,55.16,0.03,healthy
34.83,60.41,43.21,0.35,warning
43.51,51.33,10.68,0.31,critical
34.52,42.14,37.42,0.0,healthy
36.24,30.91,15.36,-3.27,critical
34.18,57.51,5.38,0.37,warning
37.76,46.82,42.61,-3.55,critical
35.59,56.72,45.03,0.12,healthy
33.47,43.12,31.74,-1.68,critical
33.21,59.16,45.97,0.07,healthy
35.08,59.35,50.65,0.62,healthy
34.23,63.16,30.35,0.09,healthy
35.36,48.88,17.36,0.11,healthy
35.07,55.96,14.08,-1.62,critical
34.41,58.38,34.11,-0.39,healthy
33.48,57.65,41.84,0.29,healthy
32.68,49.81,55.88,0.13,warning
33.96,40.65,62.95,0.05,healthy
35.53,57.08,49.4,-0.23,healthy
34.76,54.09,43.31,-0.12,healthy
33.01,38.24,10.6,-0.01,critical
34.71,59.58,54.11,0.35,healthy
34.96,54.73,56.33,0.49,healthy
33.44,47.08,33.44,-0.56,healthy
34.68,43.41,11.26,-0.33,warning
34.57,48.23,38.93,0.37,healthy
33.13,69.36,36.4,0.4,warning
34.93,59.34,43.46,-0.44,healthy
35.17,56.13,54.92,0.5,healthy
35.8,53.91,48.09,0.14,healthy
35.76,53.52,47.82,0.45,healthy
32.85,62.0,48.52,-0.19,healthy
38.64,52.06,49.68,-0.41,warning
35.12,52.75,43.86,-2.15,warning
35.12,52.91,11.98,0.04,healthy
35.12,66.64,38.4,0.02,healthy
39.12,59.45,51.51,-0.01,warning
35.19,62.47,11.89,0.83,warning
35.86,51.49,51.99,-0.53,warning
35.64,40.09,12.98,-0.19,warning
35.28,53.12,49.65,-0.02,healthy
34.12,55.66,10.7,0.16,warning
35.41,64.81,22.28,0.43,healthy
35.95,48.74,18.07,0.5,critical
31.96,56.22,64.75,-2.87,critical
33.92,57.63,14.39,0.34,warning
34.6,34.91,37.66,-0.54,warning
37.28,52.3,57.86,-0.52,warning
32.26,67.52,14.16,0.61,warning
35.32,47.23,38.33,0.58,warning
32.56,63.75,46.7,0.4,healthy
33.93,62.29,8.71,-0.18,healthy
35.81,68.68,14.47,-3.27,critical
34.58,45.47,8.98,-0.01,warning
36.58,49.79,48.61,-0.26,healthy
33.64,63.95,47.84,0.25,warning
35.32,43.74,61.64,1.01,warning
33.62,45.36,56.65,-0.05,healthy
37.03,74.0,39.7,0.67,warning
34.55,56.15,32.36,-0.2,healthy
33.72,64.55,53.38,-0.46,healthy
36.04,80.29,38.47,0.54,warning
35.26,79.67,41.64,0.06,warning
32.07,56.87,10.1,-4.67,critical
34.72,57.82,51.79,0.74,healthy
33.71,57.65,20.92,0.04,healthy
35.52,53.93,44.65,0.69,healthy
33.55,43.27,44.8,-0.2,warning
34.36,49.49,13.55,-0.21,warning
35.11,63.52,51.62,0.58,warning
35.54,56.12,42.57,-0.47,healthy
33.06,53.06,37.59,0.15,healthy
34.43,61.71,26.4,0.65,healthy
33.93,48.22,46.03,0.68,healthy
33.72,53.65,14.76,-0.02,warning
36.62,55.83,37.9,0.55,warning
34.99,52.35,5.71,-0.3,critical
29.67,55.6,53.56,-0.12,warning
35.6,53.87,18.39,0.24,healthy
37.05,46.6,29.65,0.3,warning
35.74,56.09,41.39,-0.27,healthy
32.68,47.03,54.61,0.89,warning
33.92,55.99,60.96,-0.6,warning
36.02,63.24,36.83,0.17,healthy
33.65,48.66,8.92,0.23,warning
35.03,47.97,31.5,-0.55,healthy
35.43,54.24,56.48,0.68,healthy
33.39,50.01,42.18,-0.15,healthy
34.43,58.57,9.1,0.19,healthy
30.61,58.16,40.36,0.28,warning
33.27,65.26,41.9,-0.43,warning
34.2,61.98,43.67,-3.61,critical
33.0,54.08,11.33,0.78,warning
36.46,59.29,10.66,0.12,warning
32.78,47.83,12.89,-0.93,critical
33.97,55.2,15.81,0.03,warning
38.12,52.83,51.08,0.14,warning
36.23,59.6,32.46,0.24,warning
32.78,63.6,49.8,-0.65,warning
35.9,59.79,35.1,0.14,healthy
34.51,60.53,49.08,-0.18,healthy
32.45,60.54,56.31,-3.76,critical
35.05,58.31,48.67,-2.3,critical
34.74,41.93,59.69,0.31,warning
33.78,65.21,19.61,0.71,warning
34.58,65.83,7.35,1.03,warning
34.04,53.6,8.43,-0.3,critical
34.64,52.78,31.57,-0.0,healthy
37.8,58.67,40.97,-2.63,critical
36.4,58.3,13.84,0.1,warning
33.01,53.79,14.81,-0.94,warning
37.06,47.5,47.68,0.07,healthy
32.16,56.83,30.2,0.64,warning
34.32,58.31,33.54,-2.61,critical
35.21,59.35,13.06,0.24,warning
34.84,57.1,24.93,-0.61,warning
33.75,53.37,15.93,0.5,healthy
34.25,95.0,41.26,0.25,warning
33.91,55.4,46.6,-0.08,healthy
27.02,52.21,60.58,-0.02,warning
29.91,53.92,43.69,-0.45,warning
34.93,44.52,17.47,-3.94,critical
33.67,53.91,45.59,-0.17,healthy
34.9,60.52,43.91,0.35,healthy
34.87,57.04,42.67,-2.84,critical
35.48,64.12,52.01,1.03,warning
35.26,67.49,37.68,0.77,warning
33.51,57.92,33.68,-3.97,critical
33.83,59.76,16.47,-3.45,critical
35.4,69.06,46.93,-0.1,healthy
35.23,55.87,26.76,-5.0,critical
34.47,48.73,44.9,0.96,healthy
34.64,60.09,32.73,0.09,healthy
36.03,95.0,19.51,0.48,critical
33.79,39.08,26.96,-0.1,warning
30.71,52.91,64.25,-1.34,critical
29.61,62.37,41.62,0.48,warning
34.24,61.1,36.35,-0.64,healthy
35.82,55.75,11.92,0.46,warning
35.49,50.81,50.56,0.36,healthy
35.48,54.51,53.9,-2.76,critical
31.22,57.75,42.26,0.16,warning
34.53,60.45,30.61,0.22,healthy
35.32,57.0,14.39,0.24,healthy
34.13,76.32,47.86,0.43,warning
34.89,58.33,54.87,-0.18,healthy
37.2,34.59,56.17,1.23,warning
34.62,57.28,46.68,0.07,healthy
28.51,49.98,54.67,0.1,warning
33.52,53.91,64.12,0.93,healthy
37.01,60.69,56.9,-2.7,critical
35.49,70.62,54.22,0.92,healthy
34.45,42.44,36.93,-3.35,critical
35.89,64.05,54.63,-3.03,critical
35.45,58.07,49.61,-0.3,warning
35.25,58.64,51.51,-0.36,healthy
35.25,48.54,16.76,0.01,healthy
34.49,40.92,18.25,0.26,warning
33.23,56.65,43.97,0.4,warning
34.59,45.49,34.3,0.26,healthy
40.47,63.55,42.03,-0.05,critical
35.67,55.95,47.13,0.69,healthy
34.32,52.62,18.06,1.22,healthy
31.94,52.73,47.44,0.75,warning
34.11,42.91,7.12,0.01,warning
35.0,58.56,53.65,0.35,healthy
33.82,71.01,44.38,0.38,warning
33.51,53.84,36.53,0.79,healthy
34.79,62.67,48.83,0.01,healthy
34.79,46.7,67.46,-0.24,healthy
33.89,51.42,48.21,-2.93,critical
33.93,49.9,14.19,0.31,warning
34.78,53.33,50.36,-0.29,healthy
32.76,41.42,50.96,0.43,healthy
32.81,57.58,50.85,0.89,warning
33.64,52.92,58.73,-0.13,healthy
34.24,49.74,16.41,-0.21,healthy
34.87,65.12,16.26,0.16,warning
36.27,69.47,22.59,0.42,warning
35.53,55.86,60.12,-2.17,warning
34.31,50.46,14.26,0.6,warning
34.48,63.85,54.22,0.25,warning
33.3,46.32,52.89,0.55,healthy
34.48,70.34,68.02,-2.23,critical
29.98,50.82,55.77,-0.34,warning
25.46,48.04,36.51,0.01,critical
33.51,53.32,13.91,-0.39,healthy
35.12,49.81,42.35,0.31,healthy
36.34,55.08,12.1,-0.66,critical
34.37,55.16,15.71,-0.03,healthy
34.98,51.27,65.32,0.04,healthy
35.33,52.78,37.4,-0.27,healthy
27.01,53.61,18.89,0.03,warning
41.32,59.86,31.35,0.15,critical
34.52,54.11,16.17,0.66,healthy
34.62,59.95,41.03,-0.27,healthy
33.57,75.28,60.12,0.29,warning
34.53,58.43,35.07,0.37,healthy
35.1,63.33,44.83,0.14,healthy
36.24,48.28,56.89,-0.05,warning
35.65,52.16,9.74,-3.23,critical
37.08,65.58,67.16,0.91,warning
33.58,53.46,45.03,0.18,healthy
35.55,38.11,40.58,0.02,healthy
34.72,53.78,34.06,1.0,healthy
37.13,55.81,41.32,0.24,warning
33.53,39.3,33.96,1.17,warning
33.49,63.0,27.04,-0.42,healthy
33.78,50.72,64.63,0.06,healthy
31.95,56.97,19.08,-0.4,healthy
33.87,53.64,70.91,0.1,healthy
33.59,47.27,36.61,0.1,healthy
34.68,43.2,40.71,-0.03,warning
41.26,85.3,37.25,0.17,critical
36.75,61.51,38.59,-0.01,warning
35.64,54.11,53.74,0.11,healthy
23.61,72.13,50.66,-2.65,critical
33.42,49.39,18.15,0.73,warning
35.09,62.18,58.42,-0.29,healthy
32.92,63.79,56.07,0.23,warning
36.7,62.11,34.92,-0.33,warning
35.92,57.95,39.76,-0.18,healthy
33.94,56.74,21.22,-0.14,healthy
32.44,47.7,82.28,0.1,healthy
36.12,53.53,52.72,0.22,healthy
34.36,50.9,46.07,-0.29,healthy
35.99,44.05,51.73,-0.02,warning
32.59,61.34,38.97,-0.25,warning
33.78,50.83,47.62,-0.26,healthy
34.51,62.18,54.55,0.6,healthy
34.56,60.29,10.38,-3.24,critical
33.96,33.39,37.43,0.18,warning
35.25,17.54,11.56,0.83,critical
33.22,51.31,17.65,0.63,healthy
34.33,59.38,31.43,0.32,healthy
34.64,71.24,39.28,-2.66,critical
35.12,56.81,31.07,-2.69,critical
35.35,51.11,32.63,0.3,healthy
33.15,49.41,33.59,-2.45,critical
32.66,57.86,54.53,0.1,warning
36.03,56.31,17.19,0.55,healthy
34.9,50.26,29.64,0.02,healthy
33.6,46.37,60.8,0.91,warning
36.36,47.38,33.73,0.09,warning
24.62,53.74,52.47,-0.5,critical
35.92,51.32,17.83,0.18,warning
34.58,58.74,15.66,0.46,healthy
36.97,63.7,33.34,0.8,warning
36.61,30.74,26.88,-0.25,critical
34.2,50.64,36.97,-0.55,warning
35.67,50.39,49.27,0.35,warning
35.27,64.71,64.57,0.34,warning
37.78,66.96,34.7,-0.41,warning
33.34,59.51,44.01,0.02,healthy
35.32,59.7,14.9,0.04,healthy
35.77,51.52,44.83,0.48,healthy
25.63,66.68,18.01,-0.93,critical
33.08,56.61,11.27,-0.02,warning
32.05,60.12,15.11,0.2,warning
34.18,54.37,54.17,-2.5,critical
35.36,53.39,10.77,-1.05,critical
36.3,52.99,46.91,0.52,healthy
34.59,58.24,56.29,-3.02,critical
36.45,63.71,46.32,-0.3,warning
32.84,56.53,46.68,-2.59,critical
32.46,49.91,37.06,0.38,warning
34.43,51.5,39.66,-0.25,healthy
34.96,55.62,34.87,0.05,healthy
34.46,70.84,37.62,-0.53,warning
32.02,48.36,57.51,0.37,healthy
34.39,62.21,63.09,0.38,healthy
38.28,51.73,32.53,0.08,warning
35.3,55.83,48.95,0.23,healthy
34.94,56.78,11.34,0.47,healthy
33.37,51.47,58.97,0.22,healthy
33.88,63.7,46.35,-1.44,warning
33.23,48.3,12.16,-0.32,critical
34.42,56.57,37.55,0.3,healthy
35.65,53.59,29.68,0.23,healthy
33.32,54.67,52.61,0.63,healthy
28.96,47.22,48.53,0.16,warning
39.38,60.22,48.77,0.11,healthy
33.55,59.46,39.01,-0.07,healthy
31.36,50.95,13.0,-1.62,critical
33.11,59.24,52.91,-0.79,warning
33.84,57.25,17.97,0.35,warning
33.06,30.8,33.22,-2.52,critical
36.86,49.88,38.67,0.08,warning
34.54,61.83,31.1,0.02,healthy
33.66,56.86,47.01,0.13,healthy
34.76,51.61,53.84,0.34,healthy
34.37,49.85,11.74,-0.17,warning
34.23,60.3,38.37,0.2,healthy
35.24,52.33,11.96,0.29,healthy
35.41,49.92,68.06,-0.23,healthy
33.86,44.55,10.76,-2.75,critical
35.12,61.84,52.31,0.29,warning
34.17,62.3,10.07,-0.17,warning
36.41,47.36,16.09,-0.33,warning
32.68,55.82,35.93,-0.17,healthy
36.14,49.59,34.38,0.2,healthy
36.47,53.43,13.42,0.12,healthy
42.68,52.93,35.46,-1.47,critical
33.58,52.43,38.92,0.0,healthy
34.87,67.02,43.98,-0.21,healthy
38.19,52.36,44.75,-2.86,critical
35.84,50.15,38.8,-0.24,healthy
34.35,50.42,49.95,-0.17,healthy
33.35,61.26,43.11,-0.16,warning
32.57,45.09,47.15,-1.05,critical
34.68,50.42,37.55,0.38,healthy
22.58,63.68,51.93,0.53,critical
32.79,56.46,39.65,0.52,healthy
33.72,56.15,61.09,0.9,warning
36.64,67.79,42.75,0.75,warning
36.52,56.48,44.05,-2.62,critical
32.58,50.75,50.94,0.59,warning
34.49,53.31,14.63,0.11,healthy
39.61,25.27,54.2,-0.02,critical
34.59,62.54,62.76,-0.15,healthy
33.47,58.45,15.4,0.04,healthy
36.33,61.75,44.33,0.28,healthy
28.12,62.28,39.7,0.78,warning
33.26,52.51,43.66,0.44,healthy
31.24,49.33,59.84,-0.16,warning
33.45,54.69,31.13,-2.91,critical
32.84,37.17,36.81,0.38,healthy
35.61,55.99,17.21,0.51,healthy
36.79,52.15,36.68,0.64,warning
32.82,53.99,15.53,0.04,warning
35.18,55.9,63.06,0.34,healthy
33.72,54.44,42.02,0.49,healthy
33.92,26.98,49.12,-0.39,warning
33.79,50.99,28.42,0.26,healthy
33.46,41.82,33.98,0.51,warning
34.56,57.83,54.33,0.35,healthy
33.5,62.72,12.6,0.12,warning
34.82,57.68,47.21,1.19,healthy
34.44,79.21,41.94,0.92,warning
37.69,48.19,13.89,0.15,critical
35.79,57.97,19.03,0.07,healthy
40.48,55.85,47.29,0.43,warning
35.41,54.25,34.54,-3.33,critical
35.1,65.93,52.94,0.66,warning
33.33,49.32,23.08,-0.36,warning
34.62,65.65,38.72,0.05,healthy
35.4,55.19,44.59,0.42,healthy
32.5,76.66,37.38,0.55,warning
35.15,64.61,41.25,-0.44,warning
33.7,36.51,54.04,-0.23,warning
35.18,52.81,44.76,-0.52,healthy
30.22,46.15,15.57,-0.2,critical
32.33,54.01,54.4,-3.22,critical
32.55,49.86,47.51,0.37,warning
34.56,54.27,47.92,0.24,healthy
34.81,59.64,18.04,0.09,warning
33.41,48.66,19.52,0.16,warning
35.27,50.77,35.94,0.63,healthy
32.51,59.54,15.71,-0.27,warning
41.08,49.85,16.42,-0.62,critical
33.05,48.51,36.58,0.43,warning
33.72,47.93,46.13,-1.43,warning
34.56,57.11,53.81,-3.18,critical
33.47,56.85,55.76,0.37,healthy
34.04,50.9,53.37,-3.55,critical
35.71,55.03,36.02,-0.19,healthy
33.81,64.16,45.59,-0.81,warning
42.95,49.16,14.39,0.25,critical
33.14,43.29,29.15,0.78,healthy
35.14,95.0,21.55,-0.66,critical
36.23,54.34,35.04,-0.17,healthy
31.53,50.74,47.94,0.86,healthy
33.54,58.91,49.13,-2.67,critical
44.68,60.04,11.65,1.1,critical
34.26,41.75,20.5,0.21,healthy
34.95,51.08,22.06,0.24,healthy
33.78,68.91,28.61,0.73,warning
34.6,58.5,48.56,0.09,warning
34.31,59.06,21.51,0.25,healthy
35.9,62.04,50.55,-4.0,critical
34.81,55.1,53.82,0.85,healthy
34.91,59.78,44.66,0.31,healthy
34.01,68.46,49.36,0.11,warning
33.91,34.41,46.44,0.51,warning
33.98,53.07,62.92,-0.32,healthy
34.97,56.03,17.31,-0.07,healthy
33.99,51.47,15.11,0.37,healthy
29.27,55.08,53.81,0.17,warning
36.99,47.99,35.71,0.33,healthy
31.38,50.26,48.92,0.25,warning
34.11,53.31,16.97,0.4,healthy
35.94,49.34,10.26,-0.38,warning
37.95,51.97,69.37,-2.77,critical
32.05,67.3,57.34,-0.04,warning
33.29,57.41,55.22,0.17,healthy
32.26,65.09,50.31,-0.09,healthy
34.08,52.22,9.89,0.04,healthy
34.52,63.01,47.61,0.24,warning
36.51,60.63,50.83,0.44,healthy
34.89,58.02,46.99,0.51,healthy
32.63,52.35,14.96,0.32,healthy
29.6,56.91,17.82,-0.09,warning
31.85,62.12,18.82,0.3,healthy
34.78,62.34,39.74,0.25,healthy
35.43,63.01,52.03,0.17,healthy
32.73,55.25,24.84,0.36,healthy
35.87,58.33,14.57,-0.36,warning
34.91,63.06,18.24,-0.66,warning
34.0,51.26,34.33,0.63,healthy
35.26,53.09,49.09,0.1,healthy
37.22,55.1,50.4,-1.48,warning
34.72,60.4,65.78,-0.2,warning
34.8,60.49,47.96,0.65,healthy
33.95,53.61,16.43,0.29,warning
33.48,45.95,46.91,-1.93,critical
40.43,56.48,14.95,0.26,warning
33.47,49.49,69.24,-0.55,warning
31.73,46.06,43.15,0.3,warning
33.93,86.15,27.06,0.74,warning
35.07,56.96,44.26,0.28,healthy
34.9,63.17,44.06,0.22,healthy
35.75,70.28,17.09,-2.99,critical
33.89,56.27,35.74,0.58,healthy
34.18,62.1,21.66,0.64,healthy
33.33,45.73,14.34,-0.02,warning
35.07,58.12,57.01,0.29,healthy
34.95,54.93,47.2,0.24,healthy
35.41,58.4,50.02,0.31,warning
33.39,52.1,52.52,-0.16,healthy
35.54,50.09,46.11,0.61,healthy
36.13,55.84,50.56,-2.4,critical
35.0,57.27,50.4,0.63,healthy
36.75,43.97,13.19,-0.3,critical
33.57,51.95,46.14,-0.27,warning
33.01,27.09,29.27,0.97,warning
32.37,44.91,44.62,0.61,warning
36.3,62.9,40.05,-0.18,warning
35.29,49.27,55.34,0.5,healthy
34.43,53.05,13.66,-0.04,healthy
34.84,62.93,49.73,-0.53,healthy
34.97,45.32,12.69,-0.69,warning
37.43,63.95,55.52,0.14,warning
34.66,53.48,29.03,0.77,healthy
34.63,48.11,36.04,0.76,healthy
35.37,53.52,57.86,0.65,healthy
35.08,50.66,13.3,0.48,healthy
34.77,57.64,23.54,0.28,healthy
33.55,51.11,59.53,0.61,warning
35.07,59.4,55.77,-0.65,healthy
36.76,55.67,10.02,0.55,warning
36.88,46.86,45.94,-0.3,warning
36.41,56.23,61.61,-0.22,healthy
34.01,47.88,57.59,0.43,warning
33.31,41.23,60.48,0.52,warning
34.35,56.1,51.96,-0.09,healthy
34.57,53.73,29.77,0.41,healthy
35.81,56.5,41.01,0.38,healthy
32.47,59.08,32.31,0.03,healthy
38.82,48.05,50.02,0.21,warning
34.31,54.61,50.85,0.98,healthy
33.99,35.02,41.5,0.04,warning
33.29,56.48,51.14,0.05,healthy
32.51,53.2,41.68,0.21,healthy
35.49,49.1,53.67,0.08,healthy
34.59,56.89,36.18,-1.99,critical
32.95,62.04,5.0,0.74,warning
32.95,52.14,42.59,-2.61,critical
34.1,49.33,53.29,-0.19,healthy
36.5,51.14,33.41,0.94,healthy
34.19,46.99,18.31,-5.18,critical
32.7,37.71,28.57,-0.53,warning
34.21,62.33,42.53,0.89,healthy
34.17,55.37,30.87,0.6,healthy
31.26,43.72,18.9,0.79,warning
42.34,44.22,48.66,-1.39,critical
34.22,55.97,43.22,1.21,healthy
35.34,60.17,31.03,-0.26,warning
36.72,45.29,22.67,-0.17,healthy
35.85,57.7,15.95,-0.05,warning
34.18,62.98,41.32,-0.06,healthy
33.17,66.33,43.01,0.2,healthy
37.59,56.99,17.18,-0.05,warning
34.57,58.04,39.18,-0.33,healthy
34.52,42.2,39.05,-0.2,warning
34.28,67.6,38.75,0.03,healthy
34.74,51.55,37.47,0.61,healthy
34.33,66.35,34.83,-0.08,healthy
33.81,53.47,16.29,0.47,healthy
33.84,64.07,38.6,-0.38,warning
34.46,68.25,34.28,-1.13,warning
33.85,59.36,52.66,0.1,healthy
33.64,60.99,17.33,-0.09,healthy
34.63,55.26,45.0,-0.2,healthy
34.19,48.77,45.66,-0.25,healthy
36.3,78.49,38.07,-0.13,warning
31.32,51.27,11.14,-0.24,warning
35.81,35.75,62.38,-2.39,critical
36.0,50.16,43.36,-0.39,warning
32.01,58.68,39.79,-0.7,warning
34.09,65.97,48.41,-0.73,critical
45.0,68.39,10.01,1.13,critical
32.81,66.71,40.0,0.12,warning
33.57,50.15,14.49,0.76,warning
33.17,43.81,15.76,0.08,warning
36.6,68.47,14.82,0.09,warning
35.62,26.25,25.08,0.27,warning
36.03,61.81,29.67,-2.59,critical
35.37,50.55,36.48,-0.35,healthy
33.15,64.23,47.34,-0.0,warning
33.87,50.8,67.47,0.27,healthy
35.09,47.85,39.37,-0.62,warning
33.03,71.5,17.74,0.67,warning
35.36,51.81,50.49,0.58,healthy
40.78,58.58,42.51,-0.69,critical
34.05,54.69,51.65,-0.2,healthy
28.16,58.77,44.29,0.19,warning
35.03,53.25,36.43,0.49,healthy
34.07,51.01,68.49,0.76,healthy
35.89,51.5,13.72,-0.1,healthy
33.2,67.27,63.2,1.09,warning
35.24,56.35,15.55,0.13,healthy
35.21,43.1,37.54,0.06,warning
34.13,51.88,63.72,-2.27,critical
34.89,55.58,31.29,-2.32,critical
33.0,66.07,55.08,0.25,healthy
35.61,61.17,24.17,0.95,healthy
34.28,49.47,20.12,-2.96,critical
33.87,69.51,7.53,-0.24,critical
35.76,54.81,17.02,-0.19,healthy
33.65,62.48,45.12,0.74,healthy
32.81,48.07,36.74,0.42,healthy
32.78,40.61,24.64,-0.47,warning
35.23,55.6,49.63,-0.49,healthy
32.96,35.5,45.49,0.16,warning
36.61,67.67,49.09,0.4,warning
32.0,56.29,46.72,-0.12,warning
36.54,49.45,54.54,-0.52,warning
34.75,57.72,18.56,-0.3,warning
34.38,56.14,10.68,0.81,warning
38.78,58.73,37.24,0.35,warning
34.98,62.26,37.81,0.55,healthy
34.45,53.26,58.76,0.62,healthy
35.82,49.72,58.56,-0.1,healthy
34.64,59.97,50.74,0.0,healthy
34.68,59.81,36.11,0.08,healthy
34.06,55.6,35.3,-3.64,critical
34.43,68.07,58.28,0.59,healthy
34.87,52.37,57.73,0.9,healthy
32.45,49.6,44.36,0.48,healthy
30.66,57.51,16.32,0.48,warning
35.39,50.95,8.8,0.92,warning
34.71,56.86,33.93,0.07,healthy
34.28,50.0,15.4,-3.14,critical
23.46,52.6,45.05,0.38,critical
34.92,66.35,45.86,-1.66,warning
33.85,52.57,57.5,-1.56,warning
33.57,50.21,35.44,-0.41,healthy
33.78,62.02,31.68,0.29,healthy
34.72,48.69,21.92,-1.97,warning
34.99,50.84,39.93,-0.08,healthy
32.46,58.46,69.24,0.11,healthy
35.73,60.63,19.39,-1.74,critical
35.07,62.32,12.92,-0.2,warning
34.81,50.52,57.13,-0.04,healthy
35.68,58.58,52.3,-0.38,healthy
36.5,52.2,19.76,-0.08,warning
35.72,51.37,43.78,0.44,healthy
32.29,61.36,49.2,-2.25,critical
32.96,51.7,23.97,0.98,warning
34.6,56.67,58.17,-0.01,healthy
34.53,55.93,10.64,-0.97,warning
25.65,48.58,40.58,0.28,critical
36.33,60.8,29.04,0.06,warning
34.72,58.36,39.99,0.31,healthy
33.59,43.08,44.26,0.59,healthy
34.41,56.66,33.03,-0.05,healthy
32.81,50.36,17.26,-0.06,warning
33.39,61.58,47.07,-0.01,healthy
32.88,52.85,18.08,-0.1,warning
33.33,52.86,41.49,-4.55,critical
35.76,57.17,54.59,-0.16,healthy
33.36,55.33,60.04,-0.09,healthy
37.66,59.58,26.0,0.27,warning
35.09,45.89,10.21,-2.9,critical
34.72,44.04,32.24,-0.01,healthy
33.47,58.15,14.83,0.82,warning
35.34,63.16,62.02,-0.1,healthy
33.81,60.25,47.24,0.08,healthy
34.65,54.93,14.22,-0.62,healthy
29.59,47.29,13.41,0.03,critical
34.38,51.62,32.89,-0.38,healthy
35.88,64.54,51.78,-0.22,healthy
33.66,63.31,57.53,-4.04,critical
34.46,51.28,48.17,-0.21,healthy
36.62,38.09,49.89,0.12,warning
33.75,53.72,32.65,-2.18,warning
36.67,53.27,52.07,-2.07,critical
35.35,53.5,10.11,0.02,healthy
33.83,58.17,49.05,-0.05,healthy
35.26,64.9,27.03,0.14,healthy
35.67,60.94,61.36,-2.45,critical
35.25,57.67,35.55,-3.48,critical
32.62,44.2,48.88,0.07,healthy
33.63,52.95,11.11,-0.02,warning
34.2,68.82,55.8,0.46,healthy
34.41,57.25,16.09,0.39,warning
35.24,57.21,46.17,0.14,healthy
34.71,57.16,45.51,0.63,healthy
32.9,57.49,59.39,0.18,healthy
34.96,40.7,49.59,0.09,healthy
35.23,53.56,59.48,-3.7,critical
35.17,54.77,14.49,-3.65,critical
35.8,44.35,21.83,-0.22,healthy
35.5,55.29,46.94,-0.6,healthy
35.05,45.12,60.24,0.26,warning
25.76,57.58,32.03,0.48,critical
34.97,50.18,54.06,-2.98,critical
35.02,47.7,38.72,-2.75,critical
34.75,50.0,36.58,-0.51,healthy
34.83,58.26,10.97,-0.07,warning
32.97,62.55,36.17,0.83,warning
33.2,57.9,48.77,0.29,healthy
35.76,58.79,40.11,0.03,healthy
34.45,57.84,21.43,0.25,healthy
35.32,55.61,49.78,0.63,healthy
34.53,39.22,46.26,-0.43,warning
34.54,40.49,25.9,0.68,warning
35.63,55.67,38.01,-0.05,healthy
33.88,48.73,26.93,0.43,warning
34.62,61.98,52.32,-0.1,warning
33.95,51.07,19.96,0.82,healthy
33.98,55.19,53.49,0.14,healthy
34.13,45.97,10.86,-0.38,warning
34.77,61.1,39.82,-3.54,critical
32.69,44.17,50.47,0.67,warning
45.0,58.34,14.32,0.63,critical
33.43,75.98,46.85,0.19,warning
34.28,50.36,13.66,0.47,healthy
33.97,56.34,13.2,-0.02,warning
36.24,50.83,8.55,0.39,critical
30.29,69.74,30.92,0.3,warning
35.74,82.96,7.3,-1.01,critical
37.92,61.93,15.12,-0.25,warning
34.82,65.78,47.85,0.23,healthy
35.57,57.64,15.2,0.22,healthy
34.6,56.0,25.85,0.14,healthy
35.78,66.91,38.29,0.19,warning
33.88,40.98,35.36,0.63,healthy
36.19,50.11,57.51,0.29,healthy
37.26,52.59,8.56,-1.81,critical
34.06,60.15,39.87,0.93,warning
33.97,29.15,50.38,-0.61,warning
36.24,49.8,39.07,-3.78,critical
36.4,60.99,44.85,-2.01,critical
33.87,52.58,14.68,-3.67,critical
34.0,62.27,62.86,0.04,healthy
41.31,48.8,40.93,0.3,critical
32.89,54.26,43.18,-0.64,healthy
33.4,52.06,38.81,-2.51,critical
33.3,63.5,25.74,0.32,healthy
33.58,51.86,55.36,-1.84,critical
34.46,54.75,69.21,-0.37,healthy
32.4,58.04,40.57,0.22,warning
24.98,58.27,36.83,0.07,critical
33.3,60.32,9.94,-2.71,critical
35.68,56.27,45.85,-0.03,warning
34.24,52.49,33.64,-3.74,critical
34.44,12.39,40.42,-0.19,critical
35.31,55.15,55.15,-0.59,healthy
33.15,56.5,46.27,-0.25,healthy
34.96,54.12,57.7,0.39,healthy
34.7,55.12,48.65,0.03,healthy
35.09,45.9,14.09,0.39,healthy
45.0,59.0,21.41,-0.65,critical
37.45,68.61,47.48,-1.04,critical
33.73,61.01,33.77,0.26,healthy
33.86,49.84,15.37,0.55,warning
33.75,44.57,33.08,-0.53,warning
33.83,52.85,50.16,0.36,healthy
33.74,53.8,41.34,0.63,healthy
35.93,59.46,17.45,0.15,healthy
27.59,42.58,13.36,0.51,critical
33.82,55.25,25.94,0.23,healthy
33.5,58.08,43.69,0.04,healthy
35.07,51.03,61.48,0.48,healthy
33.84,55.45,45.35,0.92,healthy
35.26,51.24,31.28,-0.07,healthy
34.74,50.62,28.76,0.11,healthy
40.64,52.55,56.98,-0.25,critical
36.36,50.74,36.93,0.21,healthy
36.66,59.1,21.48,0.09,warning
33.76,50.59,51.54,0.61,healthy
34.03,49.58,9.12,-0.96,critical
34.84,65.61,56.67,0.47,healthy
34.9,60.76,35.76,0.57,healthy
35.29,43.83,11.06,-0.13,warning
36.91,50.41,36.33,-0.23,healthy
34.29,56.45,52.69,0.32,healthy
33.54,40.16,56.38,0.16,healthy
32.84,38.36,41.04,0.95,warning
33.62,61.95,26.32,-0.62,warning
40.86,59.95,29.43,0.4,warning
36.65,57.89,17.29,0.39,warning
33.88,63.14,32.06,-0.15,warning
34.77,57.71,47.65,-0.24,healthy
34.48,57.69,64.38,0.01,healthy
35.93,64.35,52.96,-0.51,warning
37.53,61.61,33.72,0.73,warning
41.46,49.95,38.06,1.23,critical
33.91,58.8,40.01,0.01,healthy
35.75,60.15,7.89,-0.11,warning
35.32,58.02,60.71,-0.37,warning
36.72,57.86,40.33,-0.29,warning
35.2,46.7,60.39,-0.09,healthy
34.07,54.27,23.37,0.63,healthy
35.21,56.59,41.5,1.43,healthy
35.83,52.38,41.24,-0.14,healthy
33.36,64.73,41.39,-0.21,healthy
35.11,59.84,14.73,-0.32,warning
27.5,54.82,41.42,0.33,warning
35.9,71.43,10.51,0.29,critical
36.16,63.3,14.28,0.19,critical
35.28,57.84,18.64,-0.03,healthy
34.3,43.07,48.29,0.69,warning
34.68,49.25,53.7,0.46,healthy
35.95,59.03,66.95,0.44,healthy
33.52,56.98,32.11,0.3,healthy
34.94,54.79,38.48,0.07,healthy
34.03,55.28,22.34,-0.14,healthy
33.74,44.1,33.9,0.36,healthy
39.8,44.8,27.31,0.32,critical
34.73,59.41,39.79,0.38,healthy
34.56,51.58,42.72,-0.48,healthy
32.87,29.57,49.69,0.29,warning
35.4,55.69,10.4,0.03,healthy
35.27,54.0,49.7,-1.87,warning
37.1,54.42,15.0,0.44,healthy
34.13,49.81,34.67,0.22,healthy
34.76,54.91,28.14,-2.41,critical
34.8,51.49,50.84,0.34,healthy
36.53,80.37,61.47,-2.89,critical
34.39,53.06,70.35,0.11,warning
34.83,53.64,54.35,-0.32,healthy
35.23,60.53,59.58,0.64,healthy
25.13,68.03,49.61,0.28,critical
33.96,52.89,48.02,-1.58,warning
34.73,64.23,46.11,-0.28,healthy
40.76,60.13,43.94,0.46,critical
33.27,58.21,9.45,-0.22,critical
34.66,56.96,39.79,-0.07,healthy
33.66,60.19,43.53,0.2,healthy
35.93,55.54,33.22,-0.08,healthy
32.67,60.91,49.75,-0.17,warning
33.83,58.68,35.41,-2.22,critical
34.95,83.42,45.34,0.55,critical
36.38,60.38,50.0,0.51,warning
34.42,55.55,50.86,0.43,healthy
29.67,54.36,52.72,-2.28,critical
36.76,52.14,42.87,-2.79,critical
32.76,56.0,49.86,0.6,healthy
31.86,60.98,40.13,-0.54,warning
35.03,60.33,12.74,-3.47,critical
33.9,57.12,50.3,0.49,healthy
40.64,58.6,16.71,0.11,critical
26.6,62.63,55.13,-1.51,critical
34.79,54.1,16.51,0.14,healthy
33.82,48.31,28.97,-0.15,healthy
32.96,62.81,44.08,0.36,healthy
35.55,51.82,53.87,0.53,healthy
35.28,50.86,49.76,0.33,healthy
34.38,44.22,43.53,0.3,healthy
36.72,58.43,28.36,0.45,healthy
38.67,45.27,34.74,0.5,warning
32.67,50.5,49.77,-0.16,healthy
33.67,58.53,28.35,-0.47,warning
26.17,59.33,12.16,0.26,critical
34.79,51.09,12.91,0.52,warning
35.18,54.2,56.5,-0.48,warning
34.63,49.76,51.14,0.18,healthy
33.0,57.18,54.63,0.6,healthy
36.23,45.02,48.02,0.1,warning
34.4,21.66,36.55,0.76,warning
35.84,59.45,38.86,0.68,healthy
34.91,46.21,35.67,0.08,healthy
35.05,61.8,14.09,0.0,healthy
35.18,32.79,38.06,0.01,warning
44.77,59.76,41.06,0.2,critical
35.27,62.74,45.22,-0.32,warning
36.09,50.05,61.41,-0.39,warning
34.74,52.85,51.57,-0.76,warning
27.62,43.63,9.49,0.14,critical
41.34,73.84,46.52,0.97,critical
36.23,54.1,61.51,-0.65,warning
33.69,61.23,14.79,0.08,healthy
36.66,47.57,8.18,0.06,critical
34.45,60.98,14.87,0.09,healthy
32.78,66.15,35.08,0.65,warning
34.65,54.64,59.41,-0.21,healthy
33.68,48.93,57.56,-0.63,warning
35.51,54.17,38.75,-0.06,healthy
33.72,41.64,13.32,-0.12,warning
33.96,54.77,11.4,-0.74,warning
32.23,59.93,45.75,0.25,healthy
33.96,73.2,35.38,-0.32,warning
31.59,68.44,42.51,-1.21,critical
32.6,58.17,30.46,0.0,healthy
35.41,26.41,16.35,-0.28,warning
35.44,45.04,27.4,0.51,warning
35.01,55.53,27.29,0.04,healthy
33.34,69.62,18.34,-4.52,critical
34.44,46.99,19.97,0.38,warning
42.45,54.49,39.99,-1.71,critical
33.11,65.29,15.52,0.21,warning
36.3,61.63,51.75,-0.18,healthy
35.55,32.69,42.79,-0.29,warning
34.23,56.24,17.32,0.21,healthy
34.53,54.99,45.0,-1.6,warning
34.75,50.51,56.91,0.47,healthy
36.03,59.55,18.45,0.1,healthy
34.2,53.32,66.31,0.41,healthy
33.68,55.68,55.58,-0.24,warning
33.3,50.51,20.46,-0.31,warning
34.16,47.34,16.61,0.82,warning
36.66,54.75,42.39,0.09,warning
35.27,65.29,42.29,0.52,warning
33.81,55.49,31.97,-0.41,warning
35.19,59.17,13.13,-1.8,critical
36.18,63.37,65.61,0.67,warning
35.61,54.05,32.96,-0.48,warning
34.57,66.21,38.45,1.06,warning
31.76,54.98,44.06,0.23,warning
33.43,48.26,44.4,-3.85,critical
34.97,50.47,48.84,0.29,healthy
35.57,58.02,7.11,0.59,critical
35.26,56.65,49.45,-5.23,critical
35.76,54.66,56.42,-0.12,healthy
33.86,51.99,57.67,0.25,healthy
36.08,51.17,42.32,0.34,warning
34.74,56.69,51.11,-1.83,warning
36.99,58.77,33.54,-3.03,critical
33.67,54.24,37.78,0.49,healthy
36.58,56.72,18.77,0.22,healthy
34.74,54.77,14.74,-0.13,healthy
33.72,55.59,36.41,0.14,healthy
33.92,53.8,29.79,0.85,healthy
34.12,55.11,41.14,0.28,healthy
35.01,71.19,6.95,0.65,critical
35.13,56.87,58.27,-1.39,healthy
33.81,58.87,15.25,0.26,warning
34.47,57.63,54.85,0.47,healthy
33.12,53.42,40.08,0.75,healthy
36.57,62.76,33.05,0.64,warning
35.02,53.25,56.76,-0.3,healthy
34.55,35.84,45.89,0.61,warning
26.97,52.99,8.81,0.82,critical
35.24,49.24,40.33,-0.08,healthy
33.27,57.19,40.55,-0.21,healthy
34.19,48.37,55.05,0.14,healthy
32.38,60.9,55.12,0.22,warning
34.98,72.33,46.53,0.01,healthy
35.28,53.09,78.35,-0.32,warning
33.92,46.41,42.19,0.74,healthy
36.39,56.37,32.31,-0.19,healthy
33.03,45.08,12.81,-0.05,warning
26.03,55.06,42.25,0.19,critical
34.77,61.86,12.88,-0.44,warning
35.76,61.22,13.45,-0.47,warning
36.52,60.11,60.66,-0.02,healthy
33.95,47.57,17.31,-0.71,warning
35.79,63.11,18.94,0.23,warning
34.45,60.48,48.87,-0.67,warning
34.29,56.27,48.79,0.71,healthy
32.42,56.44,10.84,0.47,warning
35.28,53.18,39.33,0.23,healthy
32.61,49.54,39.44,0.22,healthy
36.27,62.42,48.5,0.42,healthy
36.16,61.81,13.54,1.08,healthy
33.75,49.7,29.59,0.5,healthy
39.6,54.08,24.71,0.27,warning
35.09,54.14,42.36,-0.34,healthy
34.81,54.8,55.31,0.22,healthy
33.84,55.39,11.5,0.46,warning
33.69,65.43,33.31,0.1,healthy
34.47,50.52,9.77,-0.06,warning
35.91,49.92,27.67,0.37,healthy
35.15,62.42,12.75,-0.25,warning
34.06,83.06,41.91,-4.55,critical
35.43,47.42,44.18,-0.02,healthy
31.08,52.09,49.27,-0.7,warning
35.88,53.02,47.06,-0.03,warning
32.41,64.33,39.59,0.13,healthy
34.07,44.45,15.18,-1.06,critical
33.16,61.89,52.97,0.32,healthy
32.95,59.92,27.26,-3.51,critical
35.89,53.71,42.7,0.2,healthy
33.94,50.87,34.2,-0.06,warning
34.92,53.81,20.03,0.01,healthy
34.44,49.06,50.35,-0.25,healthy
35.07,53.74,40.81,0.13,healthy
34.59,59.1,43.57,1.4,healthy
36.76,55.81,38.3,0.89,warning
35.7,62.87,48.7,-0.25,warning
33.91,48.15,51.78,0.18,healthy
28.11,38.18,66.7,0.02,critical
33.99,79.75,43.19,-3.34,critical
36.3,88.72,30.52,0.52,critical
35.52,59.44,39.96,0.1,healthy
34.08,53.71,53.47,-0.13,warning
34.08,58.31,37.27,0.61,healthy
40.61,49.24,14.2,-0.34,critical
36.99,45.02,37.48,0.23,warning
34.96,58.34,18.83,-0.44,healthy
35.02,65.46,34.17,-0.26,healthy
35.74,49.02,47.17,0.45,healthy
34.79,62.33,44.21,-0.12,warning
34.19,55.26,52.9,-0.6,healthy
34.26,46.99,40.54,-0.14,healthy
34.41,76.91,50.58,-0.18,warning
34.46,27.6,11.34,-0.35,critical
33.69,52.57,33.7,0.37,healthy
34.56,47.12,13.56,-0.47,warning
34.86,10.0,28.82,-3.78,critical
34.4,49.92,62.88,-2.68,critical
34.59,56.16,16.57,0.01,warning
32.1,54.96,37.05,-0.01,healthy
35.67,42.28,41.22,-0.14,warning
34.92,56.21,20.5,-0.34,healthy
35.7,61.24,59.34,-0.1,warning
31.02,57.36,58.37,0.41,healthy
37.01,54.27,14.03,-0.02,warning
34.33,48.49,48.19,-2.35,critical
35.83,49.24,32.32,0.6,warning
33.25,53.65,11.5,-2.19,critical
35.24,53.79,28.03,-0.36,healthy
33.24,47.58,43.39,0.33,warning
33.75,69.2,17.31,0.57,warning
36.8,42.55,41.17,-0.08,warning
34.27,66.47,48.48,-0.48,healthy
34.76,49.38,54.79,-0.03,healthy
35.54,64.52,28.76,0.23,healthy
30.14,55.23,63.46,0.39,warning
34.68,58.39,56.57,-1.83,warning
34.94,52.07,50.14,-0.66,healthy
37.38,56.25,54.24,-0.36,healthy
34.43,58.9,54.71,0.29,healthy
34.74,66.4,47.93,0.95,warning
32.78,59.65,59.28,0.14,healthy
35.83,52.79,40.47,0.68,healthy
35.92,52.12,49.62,-0.27,healthy
35.27,45.43,58.22,-0.11,warning
33.13,58.14,18.09,-0.79,warning
36.46,61.49,49.38,0.3,healthy
33.12,64.7,52.25,-0.21,warning
34.86,56.83,27.92,0.39,healthy
33.59,50.4,12.95,-0.05,warning
34.42,44.82,37.06,0.96,warning
34.89,61.25,48.97,0.87,healthy
34.89,44.22,44.05,-1.73,critical
35.01,52.96,35.54,0.39,healthy
36.44,53.65,15.97,-0.15,warning
34.67,54.58,40.82,0.41,healthy
34.21,55.21,47.7,-2.72,warning
35.66,55.83,18.85,0.73,healthy
35.93,40.51,35.83,0.56,warning
31.64,55.09,45.08,-0.42,healthy
35.22,41.62,40.05,0.08,healthy
35.34,59.39,15.73,0.21,healthy
34.14,51.67,66.56,0.44,healthy
34.27,42.06,49.57,0.15,healthy
34.32,50.11,48.14,0.46,healthy
37.92,40.73,50.24,0.12,critical
34.29,62.14,49.3,0.39,healthy
34.52,56.18,19.92,-0.4,healthy
33.18,57.07,67.97,-2.26,critical
32.77,62.09,12.72,-1.36,critical
36.41,54.42,62.33,0.71,healthy
33.48,59.53,12.67,0.22,warning
33.31,59.1,10.46,0.11,warning
30.08,67.77,41.95,0.7,warning
33.73,20.63,71.05,0.11,critical
32.91,46.48,51.04,0.61,warning
36.47,60.5,45.18,0.11,healthy
35.71,69.96,39.65,0.17,warning
33.67,58.61,15.81,-0.29,warning
37.2,66.17,45.51,-0.35,critical
35.68,53.72,35.69,-2.61,critical
26.68,53.46,51.8,0.84,critical
35.22,58.66,15.07,0.19,warning
37.25,46.79,55.05,0.08,warning
32.83,65.91,54.83,0.56,warning
26.84,56.15,44.45,0.28,critical
35.73,53.08,50.8,-0.81,warning
37.43,51.76,12.45,0.55,warning
36.16,49.4,30.38,-0.38,healthy
35.18,51.23,9.6,0.15,critical
35.21,52.9,42.44,-0.03,healthy
35.52,52.07,51.96,-0.11,healthy
35.41,51.05,52.24,0.17,healthy
34.84,67.59,20.1,0.51,healthy
32.59,48.82,38.43,0.16,healthy
34.42,50.63,53.4,0.71,healthy
33.6,58.56,11.74,0.76,warning
34.16,69.13,51.89,-0.92,warning
32.47,54.65,45.92,0.13,healthy
28.45,53.56,57.29,-0.04,warning
33.31,57.71,46.14,0.14,warning
33.18,56.6,59.24,-2.89,critical
34.72,53.45,35.2,0.58,healthy
32.97,73.23,43.72,-0.89,critical
25.85,52.19,39.07,0.27,critical
32.62,48.12,48.89,-0.8,warning
33.31,51.0,42.21,0.14,healthy
30.76,55.2,42.7,-0.06,warning
33.32,57.15,37.95,-0.18,warning
34.23,65.68,40.39,0.49,warning
34.38,51.78,44.9,-0.11,healthy
33.34,59.65,24.79,0.15,healthy
34.63,56.84,21.98,-0.22,healthy
32.9,62.78,45.59,0.18,healthy
33.78,58.46,21.98,0.53,warning
34.88,50.89,43.07,-0.2,healthy
32.59,44.66,41.23,0.41,warning
35.03,56.87,50.42,0.17,healthy
34.48,51.83,38.28,-1.59,warning
35.16,49.12,17.24,0.01,healthy
34.77,47.39,53.48,0.46,healthy
36.14,55.97,29.88,0.42,healthy
34.65,64.05,42.16,-0.75,warning
33.98,52.55,60.27,0.23,healthy
34.65,58.54,38.02,0.45,healthy
35.15,54.39,44.47,0.37,healthy
34.56,47.26,59.04,0.03,healthy
34.55,59.41,39.59,0.62,healthy
33.66,48.43,56.23,0.5,warning
35.15,55.13,10.38,0.99,warning
32.82,52.95,16.12,-0.48,warning
36.6,60.36,15.32,0.43,warning
33.01,51.52,49.39,0.61,warning
33.67,57.35,50.05,-1.96,warning
33.64,49.96,34.07,0.05,healthy
35.57,51.93,19.28,-0.4,warning
34.15,33.19,56.5,0.77,warning
26.29,59.78,47.43,-0.04,critical
33.69,58.3,43.83,0.03,healthy
34.83,50.4,47.21,0.98,healthy
33.5,48.25,18.47,-0.36,warning
41.35,40.3,52.24,0.48,critical
33.07,56.05,7.43,-0.15,warning
34.87,43.65,30.97,-0.16,warning
35.26,54.15,14.97,0.22,healthy
35.0,65.62,35.76,0.42,healthy
34.28,48.2,17.63,0.53,warning
34.34,55.48,58.16,0.58,healthy
34.55,68.22,53.72,-2.69,critical
34.32,58.79,48.86,-2.68,critical
35.66,55.76,32.62,0.01,healthy
31.34,58.04,18.77,0.29,warning
33.83,52.59,55.29,0.07,healthy
32.68,37.73,19.5,-1.3,critical
34.39,52.6,8.91,-0.58,warning
37.6,43.24,19.04,-1.66,critical
33.54,52.65,40.22,0.49,healthy
36.47,49.2,67.12,-0.21,healthy
36.51,53.31,41.14,-1.5,critical
33.84,53.45,13.99,-0.45,healthy
35.18,62.18,60.88,0.25,warning
36.3,59.17,39.31,0.26,healthy
34.05,56.58,52.86,0.34,healthy
34.26,54.98,20.21,-2.3,critical
33.8,48.65,44.41,-0.47,warning
39.14,54.69,35.27,0.44,warning
33.72,55.68,15.38,-0.46,warning
33.03,59.77,33.3,-0.16,healthy
34.54,54.35,44.76,0.71,healthy
33.58,51.79,52.73,0.22,healthy
34.78,57.79,62.18,0.3,healthy
32.63,54.5,34.12,0.4,healthy
34.9,65.11,42.5,0.39,warning
35.5,62.4,39.75,0.14,healthy
32.11,60.76,47.74,-0.21,warning
36.01,59.55,29.78,1.22,healthy
35.97,51.88,35.71,-2.89,critical
23.47,58.98,16.13,0.28,critical
36.51,57.26,30.62,0.33,healthy
35.0,58.64,38.4,-0.06,healthy
29.48,57.96,61.71,-0.02,critical
32.84,29.81,48.48,0.75,critical
35.17,71.21,45.65,-0.15,healthy
34.59,54.54,58.47,0.31,healthy
35.15,60.62,24.6,0.51,healthy
33.4,52.17,18.32,0.06,warning
31.5,59.74,40.27,0.11,warning
32.8,60.64,38.63,0.53,warning
34.37,57.19,17.54,0.1,healthy
33.42,65.02,14.4,-0.68,warning
33.62,49.69,15.54,0.75,warning
35.98,52.08,48.45,-0.24,warning
35.81,53.9,44.63,-2.12,critical
35.23,60.28,41.35,-0.38,warning
33.19,56.08,35.88,-0.05,healthy
34.12,50.69,48.99,-3.88,critical
32.48,51.03,40.02,0.22,warning
34.67,48.16,48.54,-0.2,warning
37.28,56.85,25.87,0.94,warning
34.97,54.54,19.22,0.16,healthy
28.45,58.26,52.47,0.5,warning
34.13,54.84,51.2,0.15,healthy
34.66,52.96,43.03,0.55,healthy
34.32,54.55,54.15,-0.69,healthy
35.35,55.17,32.27,-0.13,healthy
35.65,53.17,44.11,-0.06,healthy
33.56,53.78,43.07,-0.06,healthy
32.9,52.58,55.36,0.36,healthy
32.3,60.14,24.8,0.38,healthy
35.11,56.16,34.42,0.12,healthy
41.74,52.55,62.47,0.13,warning
31.92,55.96,16.37,1.13,warning
34.97,65.35,12.66,0.28,healthy
37.49,71.02,38.0,-0.74,critical
34.49,57.48,47.55,0.46,healthy
35.51,60.94,10.78,0.37,healthy
34.6,58.55,47.93,0.61,healthy
37.89,40.85,59.35,0.39,warning
35.6,58.21,18.66,-2.84,critical
34.15,48.39,41.4,-3.34,critical
34.82,57.21,52.87,0.19,healthy
34.89,47.05,23.61,0.57,healthy
33.7,53.95,50.97,0.77,healthy
35.69,50.65,56.84,0.1,healthy
34.29,54.9,53.68,0.5,healthy
33.59,57.0,29.21,-2.08,warning
35.14,57.89,11.35,0.21,critical
33.42,56.72,18.29,0.93,healthy
34.53,51.36,42.56,0.57,healthy
34.49,53.43,45.79,-0.08,healthy
35.8,60.52,47.95,-3.1,critical
35.07,89.07,9.89,-2.93,critical
33.57,48.12,43.07,0.92,healthy
35.48,45.81,33.19,0.4,healthy
28.3,50.64,40.22,0.27,warning
35.17,61.27,19.45,-1.6,critical
34.51,69.3,46.16,0.06,healthy
32.93,13.71,43.07,-0.25,critical
33.22,36.03,16.31,0.43,warning
34.13,66.01,16.01,-0.0,warning
39.29,22.83,42.55,1.24,critical
34.28,63.53,47.87,0.25,warning
40.67,60.99,38.61,0.43,warning
34.46,49.54,40.86,-1.82,warning
32.56,53.86,48.24,0.66,warning
35.08,55.21,41.68,0.14,healthy
34.58,55.62,15.81,0.1,healthy
32.13,60.5,53.07,0.11,warning
33.37,57.45,39.82,-0.37,healthy
34.33,37.38,31.68,0.05,warning
33.05,73.44,14.97,0.37,warning
35.22,41.88,59.38,-0.47,warning
36.34,56.05,54.31,0.56,healthy
35.96,58.84,19.52,0.04,healthy
32.28,56.7,40.64,0.25,healthy
33.06,49.25,31.67,-0.74,healthy
34.68,59.04,15.42,0.24,warning
34.1,59.3,44.07,-0.27,healthy
33.76,95.0,33.68,0.01,critical
34.14,46.2,12.98,-0.48,warning
34.03,55.0,27.7,-0.2,healthy
34.7,65.75,51.57,0.08,healthy
34.69,65.2,32.95,0.04,healthy
34.5,58.38,48.09,0.5,healthy
35.02,37.82,41.02,-0.6,warning
35.93,60.32,50.9,0.13,healthy
35.64,52.29,48.36,0.11,healthy
32.72,50.39,13.59,-0.03,warning
31.44,42.14,46.3,-0.22,warning
35.62,55.61,43.9,0.59,healthy
32.86,51.22,38.85,0.97,healthy
30.9,55.58,12.3,-0.54,warning
33.1,41.2,40.77,-0.22,warning
29.31,56.02,17.98,-0.25,critical
35.15,61.18,9.43,0.04,warning
35.41,61.53,47.74,0.65,healthy
33.81,58.13,15.52,-3.33,critical
31.39,53.33,40.23,0.09,warning
33.84,62.12,36.6,0.16,warning
34.97,49.13,43.76,0.02,healthy
32.73,55.43,24.94,0.45,healthy
27.0,18.4,51.82,0.49,critical
38.99,36.43,44.61,0.39,critical
40.12,73.18,18.2,-0.73,critical
34.64,54.86,29.52,0.16,healthy
33.33,53.82,49.33,-3.28,critical
35.94,57.81,38.66,0.55,healthy
34.31,48.26,58.06,0.25,healthy
34.47,51.27,49.86,0.37,healthy
33.38,43.5,60.35,-0.05,warning
33.97,64.06,46.37,0.53,warning
33.44,53.52,55.78,0.64,healthy
34.29,33.53,15.44,-0.5,critical
33.56,54.69,40.49,-0.37,healthy
40.09,58.82,46.87,-4.35,critical
32.56,57.08,10.09,0.08,warning
36.27,70.89,16.9,0.56,healthy
39.99,57.72,43.99,0.25,warning
33.7,46.06,45.26,-3.41,critical
35.75,64.81,7.47,-0.15,warning
39.03,52.64,10.75,0.29,warning
36.69,45.99,16.67,0.29,warning
35.31,80.84,34.75,-0.13,healthy
27.31,59.7,32.49,0.55,warning
37.09,51.32,43.33,-0.61,warning
33.77,50.16,32.21,0.23,healthy
35.39,64.1,60.62,-0.37,warning
34.86,46.44,10.87,-0.26,warning
36.06,42.59,12.79,0.54,critical
36.37,48.08,47.0,-0.29,warning
34.54,45.76,17.77,-0.31,warning
33.6,57.32,15.12,0.38,warning
35.05,52.84,31.44,-0.29,healthy
33.69,53.68,43.97,0.56,warning
36.92,61.92,40.18,0.41,warning
34.66,50.85,19.0,-3.16,critical
34.06,59.65,9.94,0.54,warning
34.72,64.07,9.03,-0.63,warning
32.88,68.08,54.03,0.34,warning
33.33,59.42,49.62,-0.35,warning
35.94,53.55,21.77,-0.06,healthy
33.71,60.54,51.15,-0.03,warning
33.24,45.57,52.72,0.66,warning
35.14,45.13,58.94,-0.05,warning
35.92,52.65,35.5,0.12,healthy
35.36,49.67,19.49,-0.03,healthy
35.7,51.9,50.68,-0.24,healthy
33.59,83.55,39.72,-0.26,critical
34.09,59.32,50.52,0.27,healthy
36.3,52.55,11.82,0.14,warning
34.11,50.06,36.54,0.46,healthy
35.41,52.89,37.39,0.05,healthy
36.09,50.39,57.49,-1.86,critical
35.17,49.4,35.04,-2.51,critical
35.05,35.52,18.76,0.0,healthy
37.1,55.42,48.44,-0.43,warning
33.73,51.59,44.69,0.49,healthy
35.61,60.8,31.88,-0.12,healthy
34.57,46.32,15.4,0.18,healthy
34.82,51.75,36.83,-0.1,healthy
36.33,65.88,38.58,-2.85,critical
35.11,49.36,10.61,-2.84,critical
28.81,53.58,41.97,0.29,warning
35.79,47.7,19.46,-1.21,critical
34.06,46.91,17.83,0.67,warning
33.49,64.28,53.88,0.56,warning
33.25,56.03,52.25,-2.08,warning
32.14,56.53,10.55,0.79,warning
36.97,44.82,56.91,0.97,warning
33.18,57.15,13.79,0.04,warning
34.23,61.94,19.69,0.31,healthy
34.17,61.9,27.84,0.2,warning
34.87,59.01,44.8,-3.94,critical
35.48,48.22,8.28,-3.57,critical
35.53,56.88,47.2,0.06,healthy
33.8,59.01,41.24,0.52,warning
34.3,13.1,18.39,0.48,critical
34.84,48.27,43.41,0.13,healthy
34.2,60.33,37.0,0.71,healthy
36.43,60.26,44.59,-4.62,critical
35.09,45.71,59.43,0.2,warning
35.38,59.77,58.29,0.43,healthy
35.3,55.57,17.81,0.13,healthy
33.86,59.69,57.76,0.17,healthy
34.72,51.19,52.61,-0.16,warning
32.94,58.87,51.33,1.32,healthy
34.98,60.06,49.32,-0.04,healthy
33.72,65.85,35.7,0.44,warning
33.87,55.11,40.94,-2.75,critical
35.2,51.11,53.33,-0.39,healthy
35.99,64.91,32.93,0.39,warning
36.18,54.28,34.59,0.16,warning
34.87,49.47,48.06,-1.94,critical
39.35,50.71,37.1,-0.21,warning
34.79,55.76,53.24,-0.15,healthy
37.62,59.52,37.46,0.13,warning
35.18,46.99,19.54,-2.95,critical
32.39,66.09,48.28,-0.03,warning
35.4,36.29,40.18,0.96,warning
34.96,57.8,23.46,0.2,healthy
36.05,54.42,38.2,-0.16,healthy
35.12,55.12,44.81,-0.01,warning
34.33,54.11,35.38,0.31,healthy
33.03,61.11,42.76,0.28,warning
33.66,54.95,52.48,-0.08,healthy
33.48,59.6,33.63,-0.5,warning
33.8,52.4,40.13,0.13,healthy
35.21,56.17,50.18,0.12,healthy
36.5,50.18,24.22,-0.11,healthy
34.97,62.3,63.56,0.66,healthy
33.06,50.0,55.45,0.38,healthy
31.18,53.05,15.29,0.2,healthy
35.94,28.2,23.96,0.01,critical
33.77,52.88,45.3,0.84,healthy
34.34,59.33,33.8,-0.31,healthy
34.52,53.1,54.61,-0.05,healthy
33.56,63.36,11.22,-0.03,warning
35.28,50.09,46.23,0.27,healthy
34.35,56.02,39.3,0.41,healthy
35.0,50.35,61.0,-2.97,critical
33.44,57.53,52.53,-0.12,healthy
33.98,54.9,7.19,-1.73,critical
37.97,54.07,57.0,-0.12,healthy
34.05,62.13,34.81,-0.01,healthy
36.57,51.07,57.85,0.22,warning
34.02,58.52,42.35,-0.24,healthy
34.77,50.39,48.35,0.26,healthy
35.62,55.68,43.44,0.4,healthy
32.8,47.83,26.22,0.17,healthy
32.39,51.02,9.8,-1.6,critical
32.67,54.51,22.24,-3.01,critical
36.02,65.89,35.33,-3.76,critical
33.84,55.6,40.47,0.02,healthy
29.97,64.93,25.46,0.85,warning
39.29,56.32,33.99,-0.11,healthy
37.82,52.68,47.45,0.04,warning
36.35,64.24,16.27,-0.01,healthy
36.41,57.62,42.36,0.31,healthy
36.97,51.14,35.85,1.05,healthy
35.95,57.82,45.46,0.25,warning
35.73,53.24,16.18,0.02,healthy
35.21,43.07,28.59,0.23,healthy
35.43,60.62,12.1,-0.38,warning
33.84,61.57,32.58,0.07,healthy
33.52,66.03,12.79,-2.57,critical
27.65,59.73,41.08,0.41,critical
34.3,53.51,9.69,0.64,warning
33.96,60.01,19.62,0.56,healthy
35.34,64.29,8.32,-0.13,warning
35.65,64.83,22.17,0.91,warning
34.61,54.73,24.1,-0.56,healthy
36.27,54.01,54.62,0.28,healthy
42.26,50.71,36.8,-0.67,critical
34.27,58.22,45.9,-0.54,healthy
30.69,45.71,18.59,0.52,warning
32.26,16.49,38.79,-0.13,critical
34.4,58.53,43.19,0.65,healthy
34.35,58.51,45.77,-0.72,healthy
36.32,55.83,44.73,0.11,healthy
35.26,64.2,44.98,-0.34,healthy
33.27,60.23,28.74,0.02,healthy
36.72,52.42,68.32,0.77,healthy
35.97,51.46,47.32,0.87,healthy
35.2,49.72,49.38,0.36,healthy
34.23,58.31,17.19,-0.49,warning
38.54,49.0,36.26,-0.33,warning
34.05,61.5,17.82,0.21,healthy
35.81,62.94,47.89,-0.19,warning
32.8,68.24,58.02,0.41,healthy
34.29,53.89,65.78,0.82,healthy
33.91,55.1,59.77,-0.24,healthy
33.16,60.3,17.08,-0.21,warning
34.67,64.66,40.4,-3.14,critical
32.38,44.89,21.71,0.05,warning
34.89,36.63,16.31,0.17,warning
34.32,53.4,44.56,0.16,healthy
33.94,46.6,23.55,0.51,healthy
32.59,72.98,54.14,0.31,warning
35.12,57.57,26.25,0.13,healthy
33.86,49.73,29.28,0.17,healthy
33.1,50.48,6.88,0.18,critical
31.05,72.24,44.02,0.13,warning
34.47,56.61,28.77,-0.12,healthy
21.13,55.67,34.4,-0.33,critical
25.75,48.41,11.94,0.21,critical
33.95,56.56,43.88,-0.05,healthy
33.78,13.56,49.34,0.36,critical
35.06,43.67,32.64,0.18,healthy
33.3,48.58,44.46,0.16,warning
30.41,59.77,43.64,0.54,warning
36.46,66.66,15.71,-0.41,warning
35.97,57.2,44.49,0.86,healthy
34.38,61.62,26.08,-0.72,warning
34.26,54.07,49.39,0.73,healthy
33.45,54.48,41.01,0.23,healthy
33.51,61.55,42.43,-0.06,warning
34.23,64.98,53.52,-3.04,critical
34.94,55.48,49.32,-2.21,critical
35.6,48.6,41.82,-3.47,critical
33.54,54.6,33.83,0.23,healthy
36.29,56.67,11.31,0.73,warning
41.51,53.44,31.6,-3.69,critical
32.99,57.33,51.29,0.28,warning
41.23,59.92,17.81,0.29,critical
33.53,61.02,54.18,0.02,healthy
35.56,65.12,55.11,0.07,healthy
35.38,53.02,25.87,0.11,healthy
34.16,46.82,49.49,0.4,healthy
34.58,57.15,48.67,-0.22,healthy
35.12,66.3,52.03,-2.41,critical
32.62,52.14,12.53,0.29,warning
33.87,59.12,8.13,-0.28,warning
35.45,59.17,13.28,0.2,healthy
32.99,26.4,8.06,-0.07,critical
34.85,55.04,33.92,0.35,healthy
32.87,49.46,48.23,0.7,healthy
35.06,69.76,19.44,-0.07,warning
34.46,48.33,35.09,0.45,healthy
32.56,82.97,30.83,0.23,critical
29.46,61.58,32.34,-0.0,critical
35.77,95.0,9.71,0.15,critical
33.53,51.89,32.25,0.67,warning
34.74,49.65,43.65,0.08,healthy
35.88,58.94,58.71,0.67,healthy
33.15,54.0,15.11,0.1,healthy
34.57,61.38,37.22,-0.41,warning
35.01,58.64,46.25,0.09,healthy
35.33,46.15,44.31,-0.45,healthy
34.71,52.89,49.53,-2.62,critical
34.06,42.13,61.19,0.01,warning
33.51,51.33,48.97,0.88,healthy
34.6,45.77,65.34,0.79,healthy
33.21,54.67,17.23,0.18,healthy
28.61,57.18,37.33,0.63,warning
35.02,50.43,15.3,-0.01,healthy
35.58,41.14,43.75,-0.42,warning
31.66,55.59,11.4,0.36,warning
33.29,50.27,68.24,0.29,healthy
35.24,50.3,37.67,-2.3,critical
36.97,52.87,37.28,-0.21,warning
34.52,54.2,39.49,0.53,healthy
43.2,54.95,46.65,-0.52,critical
34.28,49.7,54.31,-2.79,critical
36.15,53.68,18.51,0.02,healthy
33.72,44.46,54.27,0.37,warning
33.54,59.34,39.45,0.55,healthy
33.92,37.86,40.87,-0.2,warning
33.36,53.26,62.15,-0.31,healthy
34.65,60.52,47.13,0.74,healthy
36.45,48.64,15.01,-1.59,critical
34.89,59.3,17.72,0.28,warning
34.2,60.64,52.64,0.51,healthy
34.15,35.15,13.14,-2.54,critical
32.62,54.09,14.01,0.51,healthy
35.56,37.75,55.85,-2.02,critical
34.41,54.29,60.47,0.74,healthy
34.28,54.96,50.01,0.73,healthy
38.33,40.1,6.39,0.18,critical
34.86,66.55,17.92,0.45,healthy
33.6,51.11,68.62,0.17,healthy
27.31,49.91,35.95,0.21,critical
35.88,63.79,60.18,-0.3,warning
34.64,44.23,48.91,0.06,healthy
32.77,47.62,65.46,-3.36,critical
35.6,41.2,5.0,0.1,warning
34.3,65.81,28.92,0.68,healthy
36.75,56.99,45.02,0.46,healthy
24.25,58.96,30.14,0.19,critical
33.96,56.81,71.77,-1.86,warning
36.04,58.44,51.29,-3.26,critical
34.58,55.47,52.78,-0.22,healthy
36.7,68.85,52.79,0.48,warning
35.08,82.66,15.93,-0.46,critical
33.48,51.35,15.73,-0.47,warning
33.73,54.72,46.1,0.51,healthy
35.74,56.64,16.86,0.23,healthy
30.7,55.66,33.43,0.17,warning
34.02,38.32,37.71,0.23,warning
33.35,46.93,41.37,0.95,warning
35.01,61.5,38.26,0.17,healthy
32.51,53.16,30.41,0.27,healthy
33.22,58.51,17.95,0.97,warning
34.53,48.45,16.61,-2.41,critical
36.19,46.16,55.99,-1.92,warning
34.4,49.94,14.52,-3.29,critical
35.04,53.66,53.36,-0.31,healthy
33.23,51.01,39.17,-0.12,warning
35.01,62.76,44.02,0.38,healthy
34.28,56.08,25.04,-2.0,warning
35.68,66.09,19.46,-0.09,healthy
40.03,57.43,54.42,0.54,warning
35.5,40.52,47.02,1.04,warning
35.2,61.34,50.18,-2.86,critical
32.78,45.94,48.71,-0.01,healthy
30.75,56.38,43.33,0.5,warning
36.19,50.35,18.08,0.29,warning
34.91,67.86,56.22,-0.11,healthy
34.15,63.64,32.04,0.32,healthy
34.7,45.86,59.87,-0.04,healthy
36.08,54.24,42.25,0.2,healthy
33.29,46.95,31.86,-0.4,healthy
35.87,49.99,13.26,-0.56,warning
36.08,55.17,17.02,0.04,warning
34.36,48.85,39.24,-2.08,warning
38.82,50.69,39.06,-0.3,warning
20.96,54.97,38.66,0.36,critical
30.9,62.41,41.92,0.17,warning
34.47,57.57,44.35,0.41,healthy
33.3,50.36,11.71,0.53,healthy
33.89,58.89,9.39,0.69,warning
35.51,55.11,48.26,0.39,healthy
35.16,60.34,45.08,0.03,healthy
34.21,17.19,50.41,-1.85,critical
34.06,52.85,45.47,1.08,healthy
34.03,59.81,38.53,-2.12,critical
33.39,50.53,35.82,0.18,healthy
39.18,54.33,11.67,0.09,critical
34.11,55.18,57.73,-0.09,healthy
35.96,53.84,42.71,-0.32,warning
30.01,62.44,37.99,0.83,warning
35.7,19.89,42.44,0.34,warning
33.98,58.52,13.29,-0.36,warning
34.98,65.64,38.33,0.1,healthy
34.47,57.59,30.56,0.66,healthy
38.08,79.66,8.04,-0.03,critical
34.89,51.83,47.36,-0.18,healthy
33.09,38.81,34.18,0.29,warning
35.93,54.77,36.22,0.41,healthy
31.92,55.1,35.52,-0.03,healthy
34.74,59.34,31.13,-0.09,healthy
34.84,67.07,11.99,0.33,warning
34.19,52.72,43.02,-0.3,healthy
35.2,49.86,31.58,-0.07,healthy
33.93,48.0,43.62,0.1,healthy
35.55,56.19,16.52,0.45,healthy
32.88,57.88,35.71,-0.02,warning
34.65,51.73,48.77,0.38,healthy
36.83,59.67,38.6,0.62,healthy
39.49,57.79,40.3,-0.05,warning
33.69,65.26,57.98,1.44,warning
35.12,60.37,35.8,0.72,healthy
34.72,52.11,60.66,0.26,healthy
34.92,40.42,14.43,0.08,warning
35.09,56.41,33.64,-0.07,healthy
35.26,55.16,39.46,0.81,healthy
35.83,56.13,45.69,-1.87,critical
34.99,58.03,57.55,-0.43,healthy
34.21,57.31,52.99,-0.53,healthy
35.31,54.34,45.64,0.19,healthy
36.78,55.29,57.6,-1.39,warning
34.34,46.57,26.19,-0.22,healthy
33.33,51.5,47.49,-3.25,critical
35.83,55.3,10.74,-0.64,warning
41.64,50.58,48.22,-0.15,warning
31.89,60.16,28.9,0.0,healthy
35.52,51.05,34.83,-2.8,critical
33.86,65.1,18.93,0.1,healthy
36.8,55.7,56.15,0.58,healthy
34.9,59.48,64.15,0.39,healthy
34.73,80.95,38.36,0.36,warning
35.35,59.16,31.9,0.54,healthy
33.98,42.36,53.16,-0.4,warning
35.12,62.16,71.14,-0.06,healthy
34.19,64.16,56.07,1.11,healthy
36.17,89.22,12.79,-0.61,critical
35.24,56.42,73.61,0.03,healthy
32.0,49.66,51.87,0.34,healthy
35.8,79.53,37.09,-0.6,critical
33.86,50.57,64.34,-0.15,healthy
35.47,51.76,36.3,0.95,healthy
34.94,44.74,15.37,0.22,healthy
43.42,49.25,52.27,-0.08,critical
34.23,50.6,44.75,0.23,healthy
30.08,54.93,45.37,-0.08,warning
35.24,50.38,45.39,0.84,warning
34.14,58.26,56.14,-0.25,healthy
37.57,59.09,21.76,-0.06,warning
32.56,69.28,47.85,-0.45,warning
33.24,68.58,42.1,-3.32,critical
36.16,56.46,37.48,0.08,healthy
45.0,51.28,37.45,0.63,critical
36.55,56.76,18.63,-0.26,healthy
34.37,56.96,37.02,0.34,healthy
34.3,51.92,57.9,0.18,healthy
34.58,59.7,53.32,-0.61,warning
35.89,46.61,10.46,-0.14,warning
33.39,53.53,30.89,-0.16,healthy
34.79,58.34,53.22,0.82,healthy
35.67,53.27,58.1,0.37,healthy
35.1,53.76,14.68,0.21,healthy
34.73,54.17,35.31,-1.57,warning
35.7,49.99,17.99,-0.61,warning
31.26,62.04,61.56,-1.67,critical
35.31,48.89,16.62,-1.43,critical
33.72,56.91,49.78,-0.15,warning
32.3,57.48,27.22,0.16,healthy
35.11,49.31,42.0,0.13,healthy
22.58,61.92,50.85,0.22,critical
34.34,49.54,44.7,0.0,healthy
35.64,63.35,15.63,0.48,warning
36.43,48.17,32.74,0.59,warning
35.29,51.08,15.08,-0.23,healthy
36.47,47.65,13.42,-0.33,warning
33.52,49.0,51.97,-0.17,healthy
34.59,11.05,18.1,0.17,critical
32.58,44.36,13.67,0.29,warning
23.88,55.84,28.43,0.47,critical
33.49,51.06,40.34,-2.2,critical
37.11,60.45,63.23,0.29,warning
34.29,50.05,57.83,0.24,healthy
34.65,10.0,51.34,0.81,critical
35.16,49.76,17.71,0.15,warning
34.55,51.13,55.35,0.39,healthy
36.53,59.55,49.29,0.28,warning
33.75,60.18,29.83,0.08,healthy
34.73,58.58,54.96,0.08,healthy
29.02,48.7,36.34,0.68,warning
32.92,52.32,52.6,0.11,warning
33.77,55.94,28.84,0.01,healthy
34.46,49.9,60.99,-0.14,healthy
33.98,63.23,42.25,0.32,healthy
33.67,73.62,33.91,-0.05,warning
32.81,50.33,15.9,0.28,healthy
34.4,51.94,41.63,0.22,healthy
32.69,37.94,18.25,-0.02,warning
35.41,46.62,58.18,-0.41,warning
34.6,58.75,14.0,-0.26,healthy
32.75,91.52,23.29,-0.2,critical
34.13,64.44,32.7,-0.25,healthy
33.6,64.27,7.13,0.33,critical
34.88,70.8,46.35,1.0,healthy
37.94,56.88,9.28,-0.05,critical
32.25,55.4,41.92,-0.0,healthy
34.64,39.07,34.95,-0.08,warning
34.31,46.63,40.19,0.49,healthy
35.31,69.12,46.28,0.32,warning
34.76,58.7,40.4,0.14,healthy
41.5,63.23,64.18,-0.34,critical
34.12,49.65,15.58,-0.24,healthy
33.54,60.62,14.68,0.22,warning
35.79,63.89,53.09,0.24,warning
34.53,60.63,54.32,-2.25,warning
36.78,60.94,45.3,0.42,healthy
34.43,51.64,38.98,-0.34,healthy
33.65,61.46,25.99,0.27,warning
32.68,55.87,57.21,0.25,healthy
30.18,58.07,15.99,-0.23,warning
32.6,42.04,14.65,-0.09,warning
34.82,54.27,45.6,0.43,healthy
35.11,49.84,12.89,-0.31,warning
32.6,54.51,61.29,1.14,healthy
35.57,60.92,34.62,-2.56,critical
33.92,52.35,38.8,0.13,healthy
34.68,60.36,37.83,0.05,healthy
30.31,59.42,48.1,-3.48,critical
35.58,53.21,45.56,-0.01,healthy
27.38,63.33,47.0,0.0,warning
33.43,52.87,36.19,0.73,healthy
24.68,64.06,59.85,-0.04,critical
33.64,57.6,17.64,0.2,healthy
34.49,54.9,56.88,-0.15,healthy
33.32,49.67,76.39,-5.11,critical
34.34,54.47,15.29,0.38,healthy
34.59,53.78,17.13,-1.18,warning
34.23,47.45,17.62,-0.22,warning
33.72,53.69,15.37,-0.43,warning
34.7,50.18,42.19,0.04,healthy
31.51,58.52,47.49,-0.1,warning
33.19,62.84,47.27,0.14,healthy
36.19,47.64,44.0,0.36,healthy
34.38,57.42,52.55,1.06,healthy
34.52,54.23,45.93,-1.01,healthy
35.35,44.4,49.82,-0.73,warning
34.78,80.33,47.14,0.05,warning
35.64,52.32,17.67,0.29,warning
34.84,54.51,42.31,-0.24,healthy
36.43,52.57,50.55,0.24,healthy
34.93,50.1,17.52,0.2,warning
39.14,59.34,15.08,0.25,warning
34.63,53.28,63.59,0.47,healthy
34.46,46.38,39.79,0.12,healthy
34.25,58.31,46.35,0.37,healthy
34.35,47.77,15.86,-0.57,warning
32.24,48.08,21.87,-1.92,critical
33.84,62.16,20.31,0.01,healthy
34.61,47.82,52.78,-0.25,healthy
45.0,41.1,34.23,0.15,critical
33.27,58.74,14.41,0.01,healthy
36.02,53.18,40.28,-0.03,healthy
33.46,53.69,18.44,0.5,healthy
35.66,53.11,44.64,0.18,healthy
35.01,63.41,15.05,-0.28,warning
33.72,50.48,46.59,-0.09,healthy
36.63,63.86,47.69,0.45,warning
33.07,46.14,48.93,0.23,warning
35.6,57.67,49.41,0.63,healthy
35.7,58.85,60.31,0.49,healthy
33.7,45.9,36.91,-0.01,warning
36.17,48.86,37.42,0.72,warning
34.2,61.1,7.94,0.76,warning
34.85,49.05,12.02,-0.56,warning
34.81,51.36,17.16,0.16,healthy
34.34,60.32,50.62,-0.07,healthy
35.47,55.21,14.93,-1.98,critical
35.45,44.22,44.09,-1.66,warning
32.4,65.48,30.18,-2.62,critical
34.44,51.82,48.41,0.51,healthy
32.51,52.58,44.28,-0.32,healthy
35.74,72.83,50.34,0.19,warning
35.85,56.9,51.63,-0.39,healthy
33.19,66.77,39.65,0.66,warning
34.01,45.04,15.63,-2.69,critical
33.17,59.96,21.6,0.45,warning
34.24,59.46,21.19,0.23,warning
34.13,54.18,45.81,0.05,healthy
35.44,59.72,40.93,0.18,healthy
36.07,39.36,53.62,0.75,critical
36.17,46.71,25.14,-0.21,warning
33.83,65.5,18.42,-0.87,warning
34.25,45.65,60.76,-0.16,healthy
32.48,48.19,51.75,-0.33,warning
33.53,53.43,54.81,-2.88,critical
35.66,38.22,48.4,0.08,healthy
36.44,53.15,6.21,0.48,warning
33.02,54.81,13.67,-3.61,critical
33.55,63.59,49.08,0.15,warning
34.47,53.2,34.22,0.22,healthy
34.84,47.93,43.73,0.74,warning
33.53,52.5,8.84,0.22,warning
35.01,63.22,41.66,0.59,healthy
33.93,55.43,13.95,0.57,healthy
34.48,66.58,13.82,0.08,warning
35.16,59.43,38.97,-1.44,warning
45.0,51.49,16.01,-3.35,critical
33.98,55.31,44.21,0.66,healthy
36.75,49.88,39.1,-2.86,critical
34.39,56.67,52.2,-0.14,healthy
34.06,81.87,25.08,0.04,warning
34.19,61.11,56.37,-0.31,healthy
28.87,60.17,11.66,-0.09,critical
35.17,51.26,17.75,0.6,healthy
34.15,64.42,17.53,0.41,healthy
35.34,34.31,20.64,-4.18,critical
34.1,66.29,7.65,0.47,critical
35.91,66.0,17.93,0.98,warning
34.94,46.13,39.45,0.28,warning
34.37,48.34,15.97,0.72,healthy
35.04,48.98,54.81,0.49,warning
32.61,49.34,51.66,0.03,healthy
33.15,56.94,14.79,0.23,warning
33.07,60.77,45.96,0.36,warning
34.67,67.44,38.85,-0.15,healthy
23.95,66.43,44.45,-0.89,critical
37.18,54.96,34.76,-0.18,warning
35.27,54.5,17.71,-0.71,healthy
40.32,63.93,50.14,-0.15,critical
32.34,52.3,18.27,-0.53,healthy
33.85,41.91,37.62,0.5,warning
33.55,53.69,49.49,-0.32,healthy
33.75,51.13,12.42,0.37,healthy
34.3,56.24,6.01,0.46,warning
33.93,71.1,43.51,0.43,warning
32.12,69.33,49.16,-0.6,critical
31.35,58.14,54.69,-2.65,critical
33.21,47.72,14.92,0.32,warning
34.79,57.47,33.08,0.47,healthy
36.99,52.36,42.79,0.88,warning
33.4,56.2,21.45,0.47,healthy
31.46,60.74,34.47,-0.32,warning
34.16,47.65,49.98,0.41,healthy
35.82,53.31,50.75,-0.45,healthy
36.85,54.29,52.26,0.12,warning
33.02,51.91,35.09,-1.01,warning
35.1,60.4,46.57,0.15,healthy
33.94,50.68,44.94,-0.45,warning
34.37,64.18,48.07,-0.41,healthy
38.89,50.74,46.3,-0.03,warning
32.7,61.55,13.83,0.06,warning
34.8,12.92,43.67,-0.02,critical
35.06,57.76,56.07,0.73,healthy
35.8,66.85,36.38,-2.3,critical
34.62,54.55,43.27,0.31,healthy
34.87,61.67,55.81,-0.0,healthy
34.03,65.03,36.89,-2.25,critical
34.82,37.96,37.4,-5.1,critical
34.09,54.9,11.52,0.87,warning
35.25,81.58,30.76,-1.66,critical
34.06,47.28,13.79,0.6,warning
34.95,50.32,40.1,0.65,healthy
34.46,51.37,49.1,0.37,healthy
35.85,68.44,32.79,0.24,warning
34.44,50.12,56.85,-0.25,healthy
32.37,50.04,32.83,0.07,healthy
36.01,48.74,52.25,0.01,healthy
33.41,58.36,20.37,0.28,healthy
33.72,55.86,63.08,-0.42,healthy
33.79,61.52,44.29,-2.75,critical
36.15,59.03,64.51,0.27,healthy
31.94,46.72,20.72,-0.13,warning
38.27,50.16,40.57,-0.22,warning
35.77,63.19,57.11,-0.17,healthy
34.77,56.24,14.86,0.04,healthy
34.43,62.13,38.01,-0.8,warning
35.66,54.1,12.51,-0.15,warning
35.13,49.19,34.81,0.53,healthy
35.27,53.18,50.22,-2.23,critical
35.17,49.19,46.7,-3.89,critical
34.61,51.61,29.86,-0.58,healthy
34.26,56.21,54.68,-0.02,healthy
34.32,58.07,23.21,0.1,healthy
34.27,45.46,52.71,0.34,healthy
35.86,54.9,46.28,0.59,warning
35.21,51.48,40.45,0.53,healthy
30.97,51.11,33.95,-0.08,warning
35.29,68.87,48.29,-0.07,warning
34.73,51.7,36.27,-2.55,critical
34.48,38.39,57.08,0.01,warning
34.03,62.13,14.1,-0.28,warning
35.85,62.09,61.42,0.07,healthy
35.64,52.03,47.81,0.69,warning
33.57,49.23,40.96,-0.21,healthy
34.99,55.49,42.03,-0.02,healthy
33.33,54.1,41.3,-2.99,critical
32.84,51.35,47.48,0.53,healthy
33.75,47.95,49.37,-1.72,warning
35.53,54.75,57.32,0.52,healthy
35.64,52.58,45.2,0.78,healthy
35.12,78.9,30.97,-0.45,warning
35.37,58.99,13.39,-0.15,warning
35.12,61.6,60.56,-0.02,healthy
33.73,47.44,15.56,0.18,healthy
35.02,57.41,17.06,0.35,healthy
35.46,50.64,18.23,-0.05,warning
35.41,47.68,36.17,-0.13,healthy
35.93,52.43,48.96,0.53,healthy
35.35,61.41,60.61,0.37,warning
34.92,52.77,48.4,0.28,healthy
35.78,64.39,42.37,-0.71,warning
38.35,58.29,13.92,0.63,warning
33.44,52.64,10.93,0.22,warning
34.47,61.96,31.68,-1.86,critical
33.61,57.67,41.9,-0.18,warning
33.69,49.4,12.98,-2.24,critical
34.33,66.15,21.39,-0.21,warning
33.55,56.56,17.05,-0.65,warning
34.13,55.11,23.0,-0.18,healthy
38.04,41.45,43.14,-0.49,warning
34.76,69.59,12.44,0.13,warning
34.5,58.1,15.15,-2.62,critical
41.27,58.78,37.08,0.44,warning
35.29,51.95,14.35,-0.52,healthy
35.63,60.0,11.09,0.63,warning
32.57,60.47,32.51,0.48,healthy
33.58,50.99,48.59,-0.28,healthy
33.58,46.2,16.33,-0.69,warning
38.16,58.49,12.48,-0.19,critical
35.5,45.56,14.76,0.38,warning
36.52,68.29,40.39,-1.86,critical
34.18,52.32,19.16,0.62,healthy
32.1,62.31,31.62,-0.13,healthy
35.26,52.64,46.23,0.2,healthy
33.01,61.64,44.12,0.76,warning
34.57,71.16,16.95,0.36,warning
34.83,61.0,49.49,0.55,healthy
36.13,67.36,13.58,0.41,warning
32.93,48.59,32.15,0.18,healthy
30.88,56.75,52.61,0.12,warning
34.72,71.49,60.24,-0.33,warning
36.66,53.8,35.33,-0.16,healthy
35.99,55.37,47.59,-0.21,healthy
28.72,59.73,19.5,-1.36,critical
33.91,55.25,47.38,-3.42,critical
35.47,44.76,42.51,0.11,healthy
33.33,61.79,11.46,0.24,warning
35.07,42.98,64.85,-0.28,healthy
29.59,52.5,14.72,-0.02,warning
35.77,62.24,11.73,0.45,warning
37.81,52.86,16.06,0.61,warning
34.97,50.84,36.88,0.32,healthy
33.89,60.28,8.79,-0.07,warning
34.47,49.89,17.81,0.53,healthy
32.38,82.01,41.6,0.34,critical
33.67,56.65,48.17,0.4,healthy
32.43,53.9,35.84,0.76,healthy
33.87,47.54,32.95,0.43,healthy
26.89,58.82,50.03,0.78,critical
33.51,57.79,17.69,0.09,warning
35.85,52.84,41.55,-0.02,warning
34.5,53.25,25.71,0.61,healthy
34.04,47.07,54.63,-0.24,healthy
34.11,62.14,50.24,0.91,healthy
34.69,53.3,52.08,0.67,healthy
35.49,58.93,48.87,0.19,warning
33.46,58.39,29.84,0.63,healthy
33.71,60.28,21.87,0.41,healthy
36.12,54.64,38.91,-0.37,warning
32.88,49.53,35.37,-0.18,healthy
33.52,52.23,50.0,-1.47,critical
33.93,61.77,61.59,-3.2,critical
35.55,65.91,59.93,0.67,healthy
34.82,52.1,51.22,0.27,healthy
34.73,59.83,14.07,-0.36,healthy
35.52,53.03,42.84,-0.07,healthy
34.34,91.55,13.63,0.45,critical
34.97,64.09,13.42,-0.58,critical
35.09,59.59,54.09,-0.41,healthy
34.82,47.55,19.18,0.0,healthy
33.8,51.57,21.41,0.52,healthy
31.57,62.54,25.05,0.06,warning
33.47,55.85,39.69,0.33,healthy
42.53,48.11,18.51,0.15,critical
35.61,50.09,10.07,0.09,healthy
35.66,59.22,9.96,-0.11,warning
35.98,60.97,12.69,-0.36,warning
34.61,55.11,20.78,-0.35,healthy
34.74,10.0,36.79,0.06,critical
33.76,59.94,7.43,0.61,warning
34.12,53.54,38.35,-0.16,healthy
38.5,50.11,54.14,-2.22,critical
35.94,49.15,61.24,-0.7,warning
34.33,57.01,12.65,0.42,healthy
33.96,52.07,42.45,0.44,healthy
36.21,65.04,34.33,0.01,warning
35.22,63.8,43.87,-0.36,healthy
32.77,58.8,47.03,0.09,healthy
31.74,47.93,13.51,0.62,critical
33.84,50.97,54.21,-0.36,warning
33.04,62.53,13.95,0.57,warning
33.89,51.62,53.61,-3.9,critical
34.32,61.73,44.89,-0.3,warning
33.96,57.85,47.97,-1.99,critical
36.24,55.31,37.98,0.53,warning
34.89,50.78,5.0,0.74,warning
42.89,54.43,51.42,-1.17,critical
35.25,56.14,43.69,0.77,healthy
33.13,61.2,33.95,0.22,healthy
37.88,49.69,17.4,-0.1,warning
34.41,53.42,48.86,0.62,healthy
35.3,55.27,58.73,-1.89,warning
33.21,58.98,56.53,0.52,warning
32.64,49.55,44.35,0.4,healthy
35.48,49.45,13.31,0.71,warning
34.95,59.04,42.72,0.29,healthy
33.86,45.89,39.76,0.14,healthy
33.46,62.71,50.06,0.44,warning
35.85,54.06,55.42,0.34,warning
33.07,45.71,57.4,0.5,healthy
36.47,52.12,40.88,-3.61,critical
33.42,57.27,39.88,0.51,healthy
35.27,51.8,40.8,0.49,healthy
34.11,55.12,25.68,0.24,healthy
36.27,59.44,32.97,-0.15,warning
33.85,53.79,44.65,0.65,healthy
34.3,49.38,14.62,-0.33,warning
34.55,53.21,49.91,-0.23,warning
33.3,38.66,37.2,-0.96,critical
35.39,65.11,40.09,-2.14,critical
33.88,42.88,42.3,0.77,healthy
34.23,61.55,41.19,0.16,healthy
33.31,79.67,51.88,0.77,warning
31.43,60.54,31.92,0.87,warning
34.27,47.82,14.75,0.09,healthy
32.32,61.81,11.58,0.69,warning
35.44,58.51,31.34,-0.27,healthy
34.48,49.35,18.99,0.32,healthy
34.18,46.67,10.3,-0.04,warning
34.53,47.09,42.57,0.43,healthy
35.16,58.61,51.31,0.5,healthy
33.08,55.84,51.51,0.09,healthy
35.84,59.69,60.88,0.37,warning
35.36,56.47,16.28,-1.25,warning
35.36,52.47,47.36,0.23,healthy
35.03,54.58,17.76,1.17,healthy
34.52,51.93,42.98,-2.09,critical
35.31,53.74,65.81,0.81,healthy
35.21,49.2,47.61,0.61,healthy
34.08,57.34,12.79,-0.59,warning
37.08,61.45,21.78,0.75,healthy
31.24,50.1,49.1,0.58,healthy
36.36,62.69,51.58,0.2,warning
33.01,45.43,56.1,0.3,healthy
32.74,56.45,17.48,0.35,healthy
34.7,79.82,43.73,-2.22,critical
34.56,44.16,16.02,-0.02,healthy
34.71,32.7,44.28,0.78,warning
34.79,59.74,15.63,-2.17,critical
34.23,50.97,57.68,-0.55,healthy
36.29,65.02,55.73,0.39,warning
32.58,77.64,52.53,-3.19,critical
33.51,49.55,65.29,0.08,healthy
34.38,55.19,16.59,-0.76,healthy
32.53,69.86,40.4,-2.06,critical
37.93,47.54,44.89,0.32,warning
36.49,58.17,38.28,0.15,healthy
34.53,42.68,35.7,0.66,warning
37.8,59.24,27.83,0.18,healthy
32.99,62.6,41.89,-0.15,healthy
33.76,35.68,53.94,-2.92,critical
34.05,61.71,52.74,0.56,healthy
30.62,68.33,37.48,0.69,healthy
36.04,76.88,47.2,0.11,warning
35.17,32.97,58.58,0.18,warning
33.17,51.46,29.8,0.46,healthy
34.8,64.38,43.41,-0.15,healthy
35.1,53.94,47.86,0.44,healthy
35.87,59.78,45.1,0.06,healthy
36.4,74.36,13.92,0.12,warning
33.28,54.34,17.66,0.15,healthy
33.53,64.2,17.22,0.2,warning
32.99,64.18,51.82,0.92,healthy
34.22,60.08,27.98,-0.04,healthy
35.06,95.0,53.12,-0.02,critical
35.68,51.33,49.5,0.73,healthy
34.41,50.13,14.87,0.33,healthy
34.12,60.69,40.31,0.46,healthy
34.68,47.73,50.1,-0.26,healthy
33.5,59.06,14.33,-1.31,critical
37.01,48.51,40.85,0.47,warning
32.57,59.94,17.05,-0.12,healthy
34.72,55.1,16.85,0.4,healthy
36.93,63.0,47.18,-5.57,critical
34.51,39.85,33.56,-0.11,healthy
34.27,63.61,47.69,0.56,healthy
34.07,63.76,62.42,-1.18,warning
34.28,55.86,19.27,0.2,healthy
36.15,48.05,14.43,0.33,healthy
31.85,48.68,19.98,0.68,warning
36.34,42.48,36.67,-0.01,healthy
32.79,54.85,52.02,-1.22,critical
34.18,55.41,40.69,-0.0,healthy
33.98,51.64,52.42,-0.26,warning
35.21,31.65,48.56,-0.01,warning
32.58,57.96,44.35,-0.3,warning
35.05,53.18,34.71,0.32,healthy
36.93,48.27,51.85,-0.16,warning
32.86,54.68,48.04,-0.41,healthy
38.24,49.61,29.72,0.45,warning
33.71,59.1,35.35,0.42,warning
35.01,63.06,17.31,0.02,warning
33.98,53.38,31.34,0.43,healthy
33.73,65.63,41.87,-0.17,warning
35.09,22.41,34.44,0.0,critical
35.2,51.52,20.61,0.31,healthy
34.27,48.33,58.91,-1.59,warning
35.36,54.68,55.29,-0.0,warning
32.95,61.92,38.05,-0.09,healthy
33.35,52.06,52.94,0.54,healthy
35.07,60.45,57.15,-1.68,warning
36.28,67.84,11.59,0.21,critical
34.93,50.36,47.99,0.62,healthy
28.15,50.94,55.98,0.93,warning
34.5,59.28,52.7,0.3,healthy
33.0,55.91,32.87,-0.09,healthy
32.61,50.88,43.11,0.35,healthy
35.56,20.93,39.48,-0.18,critical
33.96,54.58,56.52,0.65,healthy
33.94,45.61,39.2,-0.13,healthy
34.82,59.59,37.48,0.07,healthy
33.98,44.5,55.27,-0.19,healthy
34.42,38.3,47.6,0.22,healthy
37.02,54.86,66.12,0.24,healthy
25.8,50.55,36.38,0.45,critical
34.07,65.13,10.63,0.2,critical
33.72,51.49,56.22,0.17,healthy
35.39,48.41,18.07,-0.08,warning
34.28,80.81,58.2,0.04,critical
34.44,51.04,6.35,-0.41,warning
36.09,50.32,51.1,0.71,healthy
34.21,46.51,26.57,0.11,healthy
34.25,48.76,45.45,0.81,healthy
32.26,77.25,31.3,0.1,warning
35.71,65.36,64.26,-0.61,warning
29.3,58.48,34.28,-0.03,warning
35.45,53.41,36.71,0.15,healthy
35.73,76.77,50.35,0.18,warning
35.57,60.85,38.99,0.42,warning
31.36,60.84,52.0,0.22,healthy
35.38,50.46,37.89,0.02,warning
34.52,57.2,12.55,-0.22,healthy
33.36,51.96,44.72,-0.01,healthy
34.01,53.87,32.83,-4.66,critical
35.32,55.96,48.96,-1.26,warning
37.94,54.96,19.45,-0.12,healthy
32.28,59.41,50.53,0.55,healthy
36.87,57.92,51.43,0.38,healthy
32.62,45.95,18.8,-0.2,warning
36.44,46.85,40.38,0.25,healthy
34.63,52.78,42.73,0.3,healthy
33.42,65.97,59.54,-0.28,warning
34.58,29.24,39.19,-0.39,warning
34.27,53.75,13.51,0.34,warning
35.61,59.33,34.96,-0.03,healthy
34.35,51.68,38.39,0.75,healthy
36.31,56.07,23.44,0.84,healthy
32.76,63.4,54.69,0.38,warning
34.49,57.74,29.3,0.53,healthy
33.0,50.18,49.46,-0.26,warning
34.94,71.52,34.08,-0.38,warning
35.56,42.36,12.33,0.09,warning
34.0,51.54,42.24,-0.36,healthy
31.37,63.47,40.21,0.27,warning
34.74,52.19,50.28,-0.16,healthy
44.42,71.05,34.93,0.23,critical
34.99,49.78,19.11,0.08,healthy
36.43,63.58,18.17,0.4,warning
33.21,56.21,39.05,-2.36,critical
35.32,62.75,44.12,-0.01,healthy
35.93,66.41,18.32,-0.4,warning
38.87,48.2,15.68,-1.88,critical
34.88,62.65,48.39,-0.55,warning
33.89,46.55,21.91,0.65,healthy
34.4,48.72,17.98,0.36,healthy
34.92,50.18,16.39,0.49,healthy
33.92,57.31,26.45,-0.24,healthy
33.69,55.2,24.9,0.29,healthy
34.54,54.0,53.42,-0.12,healthy
41.68,55.88,52.65,0.21,warning
33.2,58.55,51.23,-0.25,healthy
29.23,59.01,5.0,0.12,critical
33.12,61.57,63.29,-0.4,warning
34.09,65.92,37.45,0.09,healthy
35.06,54.87,12.53,-0.51,warning
32.43,51.87,47.52,0.85,healthy
33.69,58.68,17.86,0.21,healthy
35.93,48.13,46.25,0.15,healthy
34.3,36.48,49.16,0.42,warning
33.94,61.0,44.23,-0.37,healthy
35.05,54.26,33.03,-3.29,critical
35.44,47.75,21.81,-2.94,critical
34.2,46.06,45.33,0.21,healthy
33.78,55.29,30.88,-0.14,healthy
36.21,61.85,12.91,0.41,warning
36.59,61.77,46.49,0.27,healthy
35.67,55.67,11.28,0.35,warning
34.6,45.77,23.53,0.31,healthy
33.53,54.37,55.37,-0.12,healthy
33.5,54.17,49.75,0.12,healthy
32.41,39.6,33.18,-3.69,critical
35.0,52.32,65.69,-0.05,healthy
36.18,60.11,42.89,0.05,healthy
35.28,64.38,31.66,0.4,healthy
32.7,58.58,37.42,0.35,warning
35.76,57.77,29.91,-0.15,warning
33.3,61.28,58.59,-0.16,healthy
34.04,55.07,16.12,0.67,healthy
34.8,41.3,52.39,0.03,warning
36.89,56.48,15.15,0.2,warning
38.23,55.32,57.48,0.46,warning
39.61,49.32,42.58,0.12,warning
34.28,53.48,49.23,0.09,healthy
35.14,48.07,36.88,0.02,healthy
35.57,39.58,43.47,-0.05,warning
34.12,61.16,49.5,0.21,warning
36.65,54.98,13.4,-0.58,warning
34.78,35.29,38.8,0.01,warning
35.1,60.14,12.89,0.37,warning
35.3,52.87,44.22,0.32,healthy
35.01,54.5,40.48,-2.78,critical
35.51,58.4,50.89,0.48,healthy
33.76,66.87,37.92,0.31,healthy
33.83,56.94,13.27,0.16,healthy
33.18,61.63,18.79,-0.03,warning
35.03,53.22,55.43,0.35,healthy
35.43,49.02,39.01,0.28,warning
35.05,54.61,10.81,0.0,healthy
36.51,56.23,53.46,-0.2,healthy
34.49,47.79,45.44,0.13,healthy
35.3,46.98,50.3,0.61,healthy
33.19,57.68,49.76,0.19,healthy
34.04,52.56,41.81,0.16,healthy
35.33,67.84,50.16,0.32,warning
32.13,52.84,35.35,0.34,warning
34.15,64.12,48.94,0.25,healthy
34.41,62.57,44.26,0.13,healthy
32.68,47.58,41.39,-0.05,healthy
34.07,51.8,32.53,0.55,healthy
35.57,27.66,46.32,-0.02,warning
36.01,58.61,45.39,-3.57,critical
35.1,54.75,36.6,0.21,healthy
34.56,48.17,15.47,0.17,healthy
34.51,50.9,28.56,0.45,healthy
33.71,51.9,16.05,-0.11,healthy
35.34,56.66,48.06,0.38,healthy
35.01,65.22,63.5,0.2,healthy
38.76,50.88,44.55,-1.35,critical
33.87,48.84,28.75,-0.12,healthy
31.92,59.43,42.93,-0.13,warning
35.82,61.19,16.64,-0.58,warning
33.93,46.32,38.17,-0.03,healthy
33.46,63.72,16.67,-0.05,warning
35.33,53.97,46.76,-0.12,healthy
34.03,50.59,9.79,0.1,warning
35.77,45.4,63.59,0.18,healthy
35.24,59.24,26.63,0.35,healthy
35.32,53.97,53.97,0.38,healthy
32.86,56.02,12.73,0.41,warning
41.06,83.73,35.51,0.43,critical
34.81,53.09,43.99,0.26,healthy
36.03,52.08,61.91,0.17,healthy
34.67,54.4,21.9,0.52,healthy
32.37,50.98,24.99,0.43,warning
34.99,45.79,37.3,-0.44,warning
33.26,71.37,14.29,0.08,warning
32.88,46.82,44.78,-0.57,warning
32.67,56.09,44.82,-0.58,healthy
35.84,44.37,12.41,-0.05,warning
39.69,43.02,37.55,0.1,critical
36.34,55.59,31.42,-0.02,healthy
33.86,56.05,28.47,-0.56,healthy
32.45,62.57,16.09,0.46,healthy
33.16,57.4,35.72,-0.13,healthy
35.98,69.84,13.75,0.35,warning
34.31,49.3,36.58,-0.12,healthy
33.84,63.99,55.2,-0.05,healthy
34.69,60.57,35.93,0.32,healthy
24.95,47.52,59.26,0.01,critical
35.84,44.76,40.16,0.22,warning
36.24,55.86,49.39,0.26,healthy
34.07,42.29,14.54,-0.42,warning
32.91,59.63,14.94,0.34,healthy
37.36,59.99,41.72,-0.23,warning
34.81,53.86,39.97,-0.29,healthy
33.34,12.68,48.72,-0.14,critical
33.35,63.99,43.71,0.48,healthy
34.91,60.6,37.52,-0.49,warning
34.44,55.43,46.19,0.41,warning
33.26,45.22,14.12,0.29,warning
33.59,57.06,63.5,0.18,healthy
34.22,36.85,45.68,-1.9,critical
33.39,30.62,45.1,0.03,warning
36.7,56.51,49.28,0.42,warning
35.74,52.5,35.51,-0.02,healthy
32.28,53.67,27.74,-0.5,warning
33.38,49.56,41.88,0.12,healthy
27.96,54.11,55.72,0.47,warning
33.72,63.35,57.34,0.35,healthy
34.72,52.32,26.21,0.88,healthy
32.76,60.79,51.66,0.05,healthy
41.44,50.16,15.05,0.09,critical
33.3,59.55,49.59,0.06,healthy
36.41,55.01,10.59,-0.16,warning
34.58,57.11,27.76,-0.04,healthy
31.35,55.04,55.0,-0.27,warning
34.71,58.85,62.44,-0.77,healthy
33.84,39.59,44.38,-0.08,warning
34.17,46.48,14.43,0.16,warning
36.51,57.5,59.79,0.4,healthy
42.83,42.74,33.74,-0.08,critical
32.94,51.82,33.99,-0.08,healthy
35.5,54.67,36.61,-2.66,critical
25.12,50.03,45.37,-0.38,critical
33.12,50.85,45.34,0.08,healthy
39.76,56.63,39.47,0.53,warning
36.35,61.06,42.0,-1.47,critical
33.15,49.25,7.76,-2.09,critical
33.4,45.16,17.93,-1.05,warning
35.72,50.61,18.95,0.47,warning
25.68,40.47,20.21,0.48,critical
35.16,55.85,8.89,0.11,warning
29.94,60.61,42.76,0.41,warning
34.97,61.1,25.44,-0.85,healthy
33.26,49.78,52.51,-0.02,healthy
35.76,69.59,39.4,0.53,warning
35.9,55.13,43.81,-0.41,healthy
34.22,59.98,41.27,0.02,healthy
34.45,55.93,42.56,0.28,healthy
32.66,56.74,57.63,-2.21,critical
35.12,61.85,31.49,0.15,healthy
35.19,50.57,28.77,0.3,healthy
34.43,53.68,46.19,0.27,healthy
35.85,64.81,40.04,-0.01,healthy
34.1,53.82,48.6,-0.18,healthy
35.18,75.81,52.17,0.31,warning
27.39,50.98,33.94,0.29,critical
34.47,49.37,51.03,0.27,healthy
29.88,57.14,34.78,0.2,healthy
34.77,49.62,45.75,0.29,healthy
34.06,56.63,32.63,0.5,healthy
34.34,50.58,46.32,0.27,healthy
35.49,42.26,44.79,0.19,warning
26.93,56.84,18.19,-2.14,critical
32.57,55.89,31.42,0.7,healthy
36.6,58.11,52.51,-0.3,warning
45.0,50.96,40.47,0.07,critical
32.95,50.32,11.25,-0.05,warning
35.33,57.41,11.29,-0.58,warning
33.9,64.11,58.02,0.29,healthy
42.01,55.07,35.52,0.07,critical
34.85,57.55,59.73,0.16,healthy
34.22,53.07,46.74,-2.61,critical
33.56,18.71,49.0,0.45,warning
33.67,18.18,34.96,0.5,critical
32.21,94.06,52.29,-2.82,critical
33.5,59.26,52.64,0.86,healthy
34.42,53.91,41.76,0.05,healthy
39.61,58.58,23.66,0.39,warning
35.32,60.36,33.87,0.22,warning
36.28,64.72,33.87,0.19,healthy
33.8,60.93,49.49,0.37,healthy
34.79,55.38,40.35,0.68,healthy
35.1,47.15,40.54,0.46,healthy
35.07,55.93,39.34,0.05,healthy
34.59,56.54,59.69,0.12,healthy
35.39,59.25,45.45,-0.08,warning
35.08,73.31,46.98,0.44,warning
33.01,54.43,38.81,0.39,healthy
35.54,67.61,44.7,0.01,warning
30.2,44.44,15.72,-1.97,critical
33.58,57.52,13.01,0.58,warning
32.66,50.21,14.11,0.88,warning
32.39,57.4,52.44,-0.17,healthy
34.25,53.79,37.65,0.11,healthy
35.79,46.26,54.48,0.07,healthy
37.34,54.03,64.07,1.19,healthy
33.56,55.21,45.01,0.15,healthy
32.84,61.71,58.12,0.66,warning
34.86,69.31,8.77,0.56,warning
35.37,60.45,19.4,0.12,healthy
34.22,55.59,18.57,0.17,healthy
36.24,61.17,50.01,0.36,warning
32.89,56.33,50.98,0.65,healthy
35.33,40.88,10.14,0.08,warning
33.77,47.7,12.81,-0.05,warning
35.98,47.25,18.86,0.52,healthy
36.89,57.87,46.33,-0.31,warning
33.58,63.86,9.03,0.25,warning
33.84,51.61,16.62,-0.98,warning
35.53,58.77,30.47,0.32,healthy
34.04,45.86,40.02,-0.08,healthy
34.45,56.08,39.09,-0.25,healthy
34.53,59.01,38.45,0.62,healthy
32.2,46.31,34.48,0.08,warning
34.48,53.78,47.69,-0.21,warning
33.67,59.3,41.82,0.61,healthy
33.91,43.71,40.8,0.47,healthy
36.23,63.01,30.92,-0.27,healthy
32.99,57.12,13.69,1.16,warning
35.48,59.3,56.46,-0.96,warning
34.17,83.18,9.85,0.46,critical
34.16,44.66,48.74,0.94,warning
20.63,81.09,42.05,-3.26,critical
34.91,51.79,50.59,0.25,healthy
35.18,55.19,38.33,-0.42,healthy
35.66,61.53,42.01,0.97,healthy
34.1,59.57,37.57,0.5,healthy
35.0,66.53,54.08,-0.42,healthy
33.2,55.92,52.8,-3.11,critical
33.51,50.85,44.65,-2.82,critical
38.04,53.87,62.31,0.04,warning
35.99,27.89,12.44,-0.08,critical
32.88,61.1,48.56,0.22,healthy
32.91,46.2,47.49,0.47,healthy
35.08,55.05,32.38,-0.05,healthy
45.0,64.66,36.06,0.2,critical
35.59,53.56,44.45,1.5,healthy
34.19,60.59,11.01,0.34,warning
34.35,57.96,50.9,0.54,healthy
34.89,60.74,18.01,-0.23,healthy
43.41,50.14,45.71,-0.39,critical
31.84,50.17,5.09,0.74,critical
34.22,55.12,46.28,0.62,healthy
33.48,45.81,45.16,0.84,warning
34.71,53.38,30.96,-1.54,healthy
38.08,37.19,22.39,0.65,critical
34.94,65.71,35.58,-2.51,critical
36.76,57.42,39.69,0.37,warning
35.61,58.75,33.22,0.56,healthy
35.08,61.99,10.95,-1.07,critical
35.0,23.13,55.9,0.48,critical
35.23,54.01,52.26,0.08,healthy
36.97,37.8,49.66,0.12,warning
33.14,54.53,54.85,0.05,warning
35.07,61.7,35.75,0.78,warning
33.39,60.78,40.43,-0.03,warning
35.17,46.13,51.15,-0.08,healthy
33.4,56.86,40.25,-2.84,critical
34.0,55.88,40.8,0.0,healthy
34.15,63.35,63.62,0.23,healthy
35.67,67.08,23.16,0.41,warning
35.6,48.3,62.64,-0.15,warning
33.01,52.14,26.77,0.3,healthy
34.57,51.98,18.36,0.39,healthy
37.55,62.11,49.09,-0.22,warning
34.3,65.9,45.94,0.18,healthy
34.24,63.38,24.44,0.12,healthy
34.13,60.16,42.7,0.18,healthy
37.41,48.97,69.73,-0.06,warning
36.85,79.74,15.65,0.1,critical
32.85,56.26,51.04,0.16,healthy
33.82,51.21,38.56,-4.04,critical
35.73,58.46,47.43,0.17,warning
42.9,59.32,12.9,0.69,critical
32.6,58.22,13.38,0.72,warning
32.24,61.15,16.52,-0.38,warning
36.75,73.7,49.08,0.03,warning
34.97,60.6,14.87,0.72,warning
33.46,50.83,28.21,0.22,healthy
35.14,49.35,11.68,0.1,warning
41.07,58.19,45.82,0.45,warning
34.42,62.3,13.77,0.58,warning
30.16,57.93,27.63,0.14,warning
35.61,55.12,36.1,0.04,healthy
33.28,56.86,29.91,-0.8,warning
34.6,55.82,54.33,0.17,healthy
33.39,48.24,36.85,-0.0,healthy
34.81,47.54,16.89,-0.25,warning
33.43,54.53,16.46,0.07,warning
34.01,55.48,39.89,-0.02,healthy
32.71,55.07,58.2,0.22,healthy
35.28,59.06,14.57,-2.65,critical
35.53,53.71,37.63,0.33,healthy
34.22,58.38,58.98,0.22,healthy
34.55,54.13,46.25,0.66,healthy
34.65,41.18,55.61,-0.06,warning
34.14,55.48,58.27,0.86,healthy
34.44,69.04,42.37,0.58,healthy
37.64,80.97,50.71,0.74,warning
33.17,53.72,40.93,0.25,healthy
36.26,49.6,13.8,0.04,warning
35.7,59.6,45.9,-2.09,critical
34.84,49.05,54.6,0.85,healthy
36.61,49.72,60.25,-3.09,critical
34.95,57.37,50.47,-0.25,healthy
34.97,51.84,13.73,0.54,warning
34.36,56.12,44.23,-0.18,healthy
35.97,62.69,15.43,0.28,warning
35.82,54.47,37.87,0.48,healthy
33.75,67.47,54.33,0.73,healthy
32.92,47.95,54.7,-2.75,critical
34.26,54.1,37.65,0.1,healthy
33.54,51.76,46.65,0.17,healthy
34.42,60.62,11.98,0.58,warning
35.98,41.56,51.9,0.47,warning
33.95,46.34,67.09,-1.72,warning
34.45,54.36,52.08,-0.6,warning
34.57,64.31,22.02,-0.82,warning
35.52,56.36,44.22,0.24,healthy
31.8,46.89,59.02,-0.32,warning
33.77,47.82,30.91,-0.06,healthy
34.75,65.04,38.85,0.06,healthy
35.94,51.27,52.1,-3.12,critical
33.91,49.34,57.94,-1.55,critical
32.25,63.86,51.09,0.44,healthy
31.95,61.07,38.93,0.35,healthy
36.93,49.87,50.37,-0.82,warning
33.07,49.3,49.14,-0.01,healthy
33.75,45.85,15.43,-0.34,warning
34.28,55.8,44.03,0.84,healthy
33.77,57.01,45.53,-0.58,healthy
31.85,74.1,35.93,-3.16,critical
35.58,63.87,69.8,0.05,healthy
36.03,44.6,46.57,-0.24,warning
35.28,60.16,50.49,0.19,healthy
33.13,48.42,12.56,0.13,healthy
34.26,60.13,53.45,0.22,healthy
34.49,52.15,32.02,0.35,healthy
35.22,50.12,27.54,0.24,healthy
35.3,51.34,44.7,0.3,healthy
33.62,73.62,14.65,0.59,warning
34.6,55.24,57.08,-0.51,warning
35.05,50.36,36.92,0.43,warning
36.25,59.72,13.0,-0.27,warning
35.35,58.84,38.64,-0.11,healthy
35.45,65.13,49.26,0.2,warning
34.6,57.2,50.04,0.31,healthy
36.19,58.12,54.26,0.36,warning
34.99,63.4,29.34,-0.23,warning
33.47,51.23,32.34,0.8,healthy
36.18,46.07,23.05,-0.02,healthy
35.34,56.2,34.68,-0.14,warning
33.97,46.46,18.54,-1.59,critical
33.92,69.72,20.34,-0.4,warning
34.86,63.73,35.84,-2.64,critical
35.06,67.98,12.2,0.28,warning
34.74,55.37,17.3,0.39,healthy
34.87,58.3,42.3,-0.2,healthy
36.54,52.24,17.78,-0.31,warning
35.79,60.3,23.29,0.07,healthy
34.73,47.71,50.09,0.19,healthy
32.69,39.74,48.41,0.26,warning
33.26,50.26,41.51,-0.24,healthy
34.98,53.21,47.74,0.08,healthy
36.67,63.87,49.28,0.78,warning
34.95,65.89,59.35,-0.33,warning
33.48,46.58,70.0,0.14,healthy
33.72,62.75,34.38,-2.95,critical
33.19,60.71,32.03,-3.15,critical
31.74,45.58,46.03,0.39,warning
34.06,52.66,24.21,-0.39,healthy
32.81,51.52,16.81,0.4,warning
29.51,59.49,46.13,0.17,warning
35.58,47.63,9.87,-0.42,critical
33.41,54.41,41.96,0.43,healthy
36.32,50.88,47.55,-0.21,healthy
35.11,62.29,49.72,-2.3,critical
35.74,53.7,47.0,0.4,healthy
39.92,51.79,31.55,-0.24,warning
35.53,46.74,46.72,-0.06,healthy
33.19,67.22,13.31,0.6,warning
35.57,52.5,47.41,-0.68,healthy
34.71,48.75,46.37,0.72,healthy
35.16,58.5,16.61,-0.44,healthy
33.09,54.14,37.54,-0.13,healthy
33.43,46.51,53.9,0.26,healthy
31.14,68.39,39.7,0.39,warning
33.36,52.89,55.87,0.27,healthy
35.06,52.73,52.98,0.17,healthy
32.86,55.96,40.88,-0.02,healthy
35.52,65.38,42.34,0.77,warning
33.02,42.35,54.78,0.46,warning
34.48,56.66,26.45,0.62,healthy
35.25,67.52,40.58,-0.02,healthy
33.66,55.77,20.1,-0.78,warning
24.43,47.59,41.92,0.56,critical
34.81,51.29,46.35,0.29,warning
33.85,56.24,24.59,0.22,healthy
33.29,62.98,36.46,-0.08,warning
30.79,52.96,11.74,0.01,warning
34.92,59.96,37.49,-2.28,critical
32.62,46.39,31.98,0.17,healthy
34.61,46.34,11.67,-0.3,warning
34.18,52.1,50.16,-1.68,warning
35.31,63.63,34.11,0.96,healthy
34.14,55.41,46.39,-0.09,healthy
33.42,56.74,34.44,-1.53,warning
35.38,56.67,43.48,0.11,healthy
34.9,61.66,46.76,0.28,healthy
34.88,51.34,36.92,-1.79,warning
35.06,59.13,14.15,0.79,warning
32.66,50.01,53.97,0.48,healthy
35.41,31.71,47.64,-0.57,warning
35.23,50.2,49.14,-0.34,warning
33.28,49.71,30.47,0.31,healthy
34.21,58.3,58.62,-2.59,critical
34.45,55.48,44.09,0.76,healthy
33.7,56.96,35.65,-0.22,healthy
37.59,56.36,46.46,0.53,warning
41.78,48.46,19.04,-0.11,critical
35.8,64.68,50.12,0.25,warning
27.46,61.46,34.15,-0.18,warning
35.25,63.15,16.24,0.37,healthy
36.09,65.97,44.39,0.58,warning
38.96,57.5,50.01,0.25,warning
35.81,56.18,36.98,0.91,healthy
36.91,61.77,55.46,-0.14,warning
35.73,61.96,46.83,0.19,healthy
34.8,56.16,18.36,0.49,healthy
35.75,45.89,29.65,-0.23,warning
42.38,65.68,14.7,0.17,critical
34.53,58.34,42.6,0.42,healthy
34.08,51.35,59.68,0.52,healthy
36.38,57.44,64.63,0.61,healthy
33.52,45.93,36.12,-0.2,healthy
36.34,61.33,45.53,0.27,healthy
35.1,46.17,46.55,-0.38,warning
32.82,53.67,52.18,-0.14,warning
41.0,56.47,18.63,0.08,warning
31.98,57.8,33.86,0.61,healthy
35.25,55.64,45.65,0.36,healthy
35.56,58.81,9.52,0.17,warning
33.79,54.83,53.11,0.33,healthy
34.65,54.81,41.61,0.36,healthy
36.84,55.51,32.95,0.3,warning
33.89,53.87,48.33,-0.08,healthy
35.33,44.88,23.87,-0.23,warning
36.28,50.39,17.31,0.06,warning
36.86,56.47,36.07,-0.17,warning
34.5,53.51,11.35,-3.96,critical
35.71,54.07,53.55,0.76,healthy
36.11,53.06,57.88,0.38,warning
33.61,49.82,34.71,-0.57,warning
33.92,52.04,62.88,-0.1,healthy
35.98,53.16,19.32,0.16,warning
36.52,55.03,42.9,-3.01,critical
35.18,57.36,58.05,0.16,healthy
33.44,53.92,50.07,0.34,healthy
36.88,48.82,32.61,0.71,warning
33.86,31.24,56.35,0.88,warning
34.1,52.63,48.4,-0.33,healthy
34.91,48.22,40.84,0.1,warning
36.36,51.89,29.58,0.11,warning
35.52,58.1,49.35,-0.14,healthy
35.0,42.52,43.37,0.19,warning
35.06,14.6,46.56,0.12,warning
34.55,72.68,29.15,0.4,healthy
35.17,56.43,40.81,0.69,healthy
31.46,55.37,49.8,0.2,healthy
34.14,53.13,16.26,-0.05,healthy
34.79,56.47,42.95,-0.26,healthy
33.12,61.33,11.98,0.97,warning
34.96,54.87,52.87,0.51,healthy
34.25,63.78,47.34,-2.19,critical
36.61,37.87,17.74,0.08,warning
36.39,60.77,23.6,0.79,warning
33.94,45.05,51.18,0.09,healthy
34.32,44.46,39.74,-0.53,healthy
34.41,60.43,13.94,0.26,healthy
33.96,58.61,43.19,-0.34,healthy
34.73,49.69,43.36,0.26,healthy
33.59,56.51,54.01,0.69,warning
33.14,61.31,39.95,-3.31,critical
28.01,50.03,16.64,-0.21,critical
35.26,57.66,49.4,0.5,healthy
33.53,60.23,28.26,-0.05,healthy
35.57,48.57,47.95,0.32,warning
33.74,54.15,18.32,0.32,healthy
34.8,73.0,11.29,0.51,critical
35.48,50.22,49.63,-0.11,healthy
34.46,45.28,44.89,-0.87,warning
25.88,54.19,27.32,0.31,critical
33.88,59.81,33.81,-0.48,warning
40.33,58.86,18.91,0.52,warning
34.25,49.83,31.57,0.13,healthy
33.48,58.91,50.79,0.03,healthy
34.29,49.98,39.43,-2.23,warning
32.64,45.34,25.53,-0.55,warning
33.91,59.23,45.14,0.07,healthy
34.16,61.74,45.33,0.33,healthy
34.19,75.64,55.23,0.25,warning
34.21,54.99,42.97,-0.05,healthy
34.43,52.5,21.31,-0.04,healthy
35.08,52.66,20.23,0.77,healthy
35.55,72.75,56.11,0.52,warning
33.72,48.59,32.1,-0.12,healthy
33.06,59.59,34.27,0.69,healthy
33.25,53.71,11.02,0.45,warning
33.92,46.89,55.84,0.35,healthy
34.08,49.97,36.11,0.36,healthy
33.58,57.46,38.44,-0.31,healthy
32.94,55.06,35.38,0.75,healthy
33.95,53.15,47.55,0.53,healthy
40.14,49.53,52.44,-2.92,critical
35.21,64.35,10.95,0.25,warning
33.83,49.97,69.0,0.11,healthy
34.0,56.51,10.78,-0.08,warning
33.39,52.07,48.66,0.36,healthy
34.46,55.22,32.83,-0.17,healthy
33.48,57.75,64.09,0.21,healthy
35.19,46.78,47.15,0.19,healthy
32.36,54.96,42.11,0.3,healthy
34.07,62.14,48.88,0.53,healthy
34.86,65.57,17.04,0.31,warning
34.72,54.22,13.44,-1.31,warning
37.73,55.25,50.72,-0.63,warning
30.52,68.27,58.42,0.33,warning
33.3,47.93,11.75,0.18,warning
34.39,51.3,44.93,0.3,healthy
31.72,51.29,45.13,-0.06,healthy
34.4,60.74,46.72,0.61,healthy
43.12,48.93,46.42,-1.87,critical
35.6,61.53,44.39,-0.15,warning
33.84,62.82,45.25,-0.08,healthy
34.36,58.11,60.55,0.51,healthy
33.74,53.46,49.72,0.12,healthy
36.59,51.22,15.22,0.15,warning
34.11,63.77,51.59,0.07,healthy
36.7,53.52,11.03,0.55,warning
35.48,52.53,54.46,0.34,healthy
35.08,54.52,37.43,-0.32,healthy
34.94,56.16,40.19,-0.24,healthy
34.97,48.82,36.86,0.15,warning
35.67,51.61,52.67,-0.11,warning
34.17,51.29,52.18,-0.71,warning
35.51,60.07,16.23,-0.15,healthy
34.44,49.68,48.91,0.04,healthy
32.81,44.47,58.72,-0.01,warning
34.44,40.85,42.65,0.44,healthy
36.54,46.18,8.92,-0.74,critical
36.0,63.17,52.3,-0.16,warning
34.43,45.95,31.79,0.47,healthy
35.64,58.01,46.52,-0.12,warning
28.75,58.22,57.72,-0.33,critical
33.53,55.34,39.07,-0.12,healthy
33.39,67.39,53.32,-1.86,critical
36.38,61.27,12.16,-2.79,critical
34.17,55.88,38.25,-0.14,healthy
34.21,63.39,44.03,0.34,healthy
34.14,49.18,39.74,-4.66,critical
36.78,51.29,36.12,-2.43,critical
36.45,32.32,42.46,-2.51,critical
37.16,50.64,45.68,-0.37,warning
34.31,62.31,14.74,0.62,warning
34.85,52.57,42.35,0.64,healthy
32.68,50.21,47.26,-3.95,critical
36.27,56.92,50.31,0.58,healthy
33.1,54.42,33.56,-0.15,warning
34.76,56.77,42.48,0.09,healthy
33.18,66.34,25.26,-0.08,healthy
33.79,60.48,43.38,0.14,healthy
34.85,55.16,46.51,0.18,healthy
31.25,46.74,50.7,0.15,warning
33.85,52.0,46.54,0.11,healthy
33.84,59.27,14.86,-2.38,critical
35.5,47.97,45.65,0.65,healthy
36.3,67.85,38.24,-0.65,warning
34.76,55.09,5.54,0.92,warning
35.96,55.29,42.37,0.01,healthy
33.88,73.46,37.34,0.12,warning
33.64,57.98,14.5,0.68,healthy
30.07,48.05,11.31,-2.25,critical
35.92,67.99,49.19,0.36,healthy
34.73,65.33,45.49,0.65,healthy
33.86,60.91,18.56,0.08,healthy
35.08,46.66,49.42,0.52,healthy
27.42,41.65,43.2,-0.35,critical
35.32,62.25,43.82,0.32,healthy
34.99,58.56,50.02,-1.55,critical
29.41,48.99,69.46,0.61,critical
33.49,51.1,35.11,0.43,healthy
33.44,52.29,45.42,0.23,healthy
35.14,47.36,33.04,0.02,warning
35.97,64.17,8.99,-3.16,critical
33.74,43.47,38.26,0.02,healthy
35.05,58.94,43.8,-0.37,warning
32.0,47.25,46.55,0.85,warning
33.8,49.23,40.11,-2.31,critical
45.0,42.94,27.16,0.25,critical
33.41,55.87,15.84,0.48,healthy
33.38,64.06,53.39,0.45,healthy
33.7,56.59,43.69,-2.83,critical
34.85,47.81,36.05,0.4,warning
34.28,61.1,45.85,0.66,healthy
27.9,62.39,48.61,-0.12,critical
31.96,59.54,52.7,-0.46,warning
33.77,67.21,15.89,-0.31,warning
35.05,59.93,55.51,0.11,healthy
35.21,59.1,13.4,-0.34,warning
36.88,50.18,41.95,0.08,warning
33.87,58.76,54.93,-0.11,healthy
36.17,56.3,13.45,0.15,warning
34.04,48.02,57.19,-0.05,healthy
34.96,50.89,63.1,-3.39,critical
34.67,55.77,56.91,0.39,healthy
31.94,50.1,18.99,-0.23,warning
35.42,42.12,40.52,0.26,healthy
34.76,60.99,47.82,-0.19,warning
35.11,45.99,31.54,0.15,healthy
39.21,52.15,37.19,0.12,warning
32.0,57.0,15.73,-2.96,critical
36.57,56.96,45.62,0.22,healthy
34.16,53.3,41.08,0.65,healthy
34.84,56.63,47.62,-2.97,critical
34.45,57.83,53.78,-0.1,healthy
33.99,50.41,37.9,0.52,healthy
33.82,65.4,46.49,0.28,warning
34.9,56.41,40.84,0.5,healthy
32.68,55.38,46.9,-3.02,critical
35.4,49.56,15.42,-0.37,warning
34.0,57.62,20.35,1.05,healthy
33.14,59.0,51.7,-0.09,warning
33.96,35.06,49.14,-0.31,healthy
36.01,58.27,30.8,0.44,healthy
33.86,53.24,13.02,-0.23,healthy
34.93,59.03,12.28,-0.01,warning
33.62,60.48,48.59,0.2,healthy
35.41,60.39,17.48,0.09,healthy
35.32,55.71,48.38,0.0,healthy
36.72,48.76,21.63,0.79,healthy
33.13,51.33,25.64,0.11,healthy
35.3,58.57,34.12,-0.21,healthy
34.62,69.69,55.44,0.54,healthy
36.06,52.96,51.97,-0.14,healthy
41.05,57.74,20.34,0.11,warning
40.36,51.66,34.65,-0.21,warning
34.27,49.16,12.19,0.23,warning
34.42,50.94,59.71,0.17,healthy
34.61,42.51,18.75,0.14,healthy
34.8,63.12,13.8,0.21,warning
29.97,38.04,43.08,0.48,critical
34.76,88.7,15.31,0.43,critical
36.07,47.93,53.91,-0.27,healthy
35.68,66.84,61.39,-0.12,warning
35.54,63.26,50.01,0.52,warning
33.95,56.21,45.02,-3.1,critical
33.43,49.21,45.28,0.35,healthy
35.65,51.46,34.54,0.49,healthy
35.55,50.41,20.03,-0.51,warning
36.27,54.74,45.51,-0.01,healthy
33.78,56.04,58.82,0.48,healthy
34.22,66.37,40.7,0.09,healthy
32.53,43.5,55.63,-0.01,warning
34.03,54.79,44.18,0.48,healthy
35.7,53.11,57.44,0.59,healthy
33.94,60.68,13.4,-0.12,warning
35.27,57.9,12.8,0.86,healthy
34.27,58.54,54.79,-0.56,warning
34.89,57.07,53.33,-0.45,healthy
33.12,49.41,11.06,-0.03,healthy
34.6,26.11,66.32,0.02,warning
30.91,59.79,61.17,0.03,warning
34.28,60.49,49.66,-0.06,healthy
32.54,62.58,40.58,-0.14,warning
35.95,57.51,21.38,0.06,healthy
35.43,63.89,17.77,-0.09,warning
35.06,57.27,17.72,0.42,warning
36.33,53.69,12.58,0.16,warning
33.36,54.96,56.22,0.06,healthy
36.6,54.86,64.8,0.12,warning
35.62,51.88,30.49,0.6,healthy
34.22,64.79,44.5,-1.77,critical
35.86,56.78,34.36,-4.28,critical
33.17,79.19,27.72,-0.24,warning
33.51,57.33,23.78,0.06,healthy
42.69,72.88,51.35,0.34,critical
33.87,48.21,52.54,0.5,healthy
33.23,49.93,46.54,0.81,healthy
35.97,46.72,28.36,0.45,warning
34.19,53.6,46.23,-1.61,warning
34.92,56.47,30.07,0.07,healthy
32.6,52.21,30.73,-0.72,warning
32.32,51.76,35.03,0.03,warning
40.16,49.05,55.5,-0.09,warning
32.21,51.99,50.45,-0.78,warning
34.42,56.86,48.23,0.99,healthy
32.86,61.69,36.37,-0.0,warning
36.88,59.06,41.12,-0.69,warning
35.59,60.29,31.3,0.04,healthy
34.63,61.93,11.49,0.81,warning
36.02,56.7,14.77,0.91,warning
33.48,54.05,50.57,0.17,healthy
35.15,50.37,52.32,0.19,healthy
34.74,52.65,43.41,0.64,healthy
34.82,73.39,28.81,0.09,healthy
31.98,73.21,36.56,0.33,warning
34.14,57.08,40.35,0.49,warning
34.85,59.18,12.22,-0.28,critical
32.51,48.04,38.85,0.76,healthy
33.35,63.59,45.48,-0.2,warning
34.35,52.44,13.2,-0.1,warning
34.61,48.4,66.68,0.19,healthy
33.14,52.36,31.35,0.53,healthy
37.39,69.9,53.87,0.42,warning
36.32,52.67,42.38,0.13,warning
35.22,47.8,49.63,0.26,healthy
34.59,53.85,50.08,0.58,healthy
39.04,77.17,46.57,0.15,warning
33.36,50.31,16.34,-0.17,healthy
34.59,55.86,19.54,-0.09,healthy
34.81,61.45,46.69,0.51,healthy
33.01,22.83,46.06,-0.17,critical
34.9,48.33,14.25,-0.48,warning
44.89,52.93,57.91,0.03,critical
32.21,55.86,20.06,-2.23,critical
31.98,55.32,42.5,0.49,warning
34.0,62.98,35.79,-1.12,critical
36.77,54.11,46.82,0.29,healthy
35.17,55.01,55.17,0.61,healthy
32.9,65.67,15.58,-0.18,warning
35.08,60.26,13.68,0.18,warning
32.64,58.44,47.02,-0.71,warning
35.8,66.75,48.82,0.5,healthy
33.93,57.94,30.6,0.47,healthy
34.39,43.08,44.53,0.14,warning
36.09,36.11,12.59,-0.38,critical
32.96,45.45,47.1,0.42,warning
34.22,57.71,20.41,-1.59,warning
32.61,54.98,44.48,-0.96,warning
35.75,52.2,31.22,-0.46,healthy
32.68,52.82,11.44,-1.06,critical
31.1,70.01,56.69,0.69,warning
33.96,52.91,12.58,-0.36,warning
39.39,61.2,17.48,-0.62,critical
35.94,50.72,9.51,-0.78,warning
33.94,58.27,43.42,0.36,warning
34.01,49.21,11.16,-2.09,critical
35.88,37.73,32.71,-0.49,warning
32.26,70.48,16.6,0.44,warning
33.82,49.02,23.69,-0.75,warning
34.73,47.13,36.45,-2.05,critical
35.04,49.61,44.68,0.16,healthy
33.89,61.74,33.83,0.08,healthy
34.54,54.53,26.03,0.12,healthy
31.51,52.26,45.76,0.01,warning
33.71,55.93,50.34,-0.03,healthy
35.04,55.33,57.15,-0.29,healthy
38.43,56.46,16.84,0.34,warning
34.57,39.83,64.65,0.65,healthy
44.43,48.59,58.61,-0.05,critical
34.09,49.93,9.37,-2.23,critical
34.7,55.91,49.69,-1.05,healthy
33.34,56.12,57.3,0.25,healthy
45.0,58.82,22.87,0.41,critical
35.23,88.42,40.2,0.54,critical
34.69,47.2,26.42,-0.03,warning
27.29,63.68,51.63,0.37,critical
34.77,62.63,37.57,0.57,healthy
39.27,47.45,12.58,-0.0,critical
32.04,57.0,39.82,0.15,healthy
31.35,49.87,46.06,-0.16,warning
34.1,55.83,40.98,-0.05,healthy
28.03,61.32,20.68,0.01,warning
35.94,67.78,32.53,-0.21,warning
32.85,59.51,21.93,0.12,healthy
33.65,56.77,23.21,0.28,healthy
34.15,52.96,16.9,-1.59,warning
32.05,56.09,40.75,-0.17,warning
36.58,63.16,64.34,-0.09,warning
36.83,54.73,32.56,-2.45,warning
33.83,71.9,7.14,-2.7,critical
33.06,45.28,60.72,0.48,healthy
33.06,58.08,57.77,-0.14,healthy
34.03,56.48,20.24,0.3,healthy
34.88,51.12,41.62,0.45,healthy
34.1,61.16,57.76,-0.91,warning
34.39,52.47,37.09,0.5,healthy
33.86,54.19,47.71,0.67,warning
32.68,38.36,11.4,-1.91,critical
34.89,52.89,36.09,0.29,healthy
36.61,56.42,47.78,-0.19,warning
34.52,61.91,52.42,-0.39,healthy
34.77,48.15,14.57,1.13,warning
35.33,57.93,49.6,-2.19,critical
32.98,56.03,22.71,-0.05,healthy
36.54,56.55,34.51,0.47,healthy
34.74,41.96,40.43,0.65,healthy
36.46,55.3,48.57,-0.4,warning
33.62,57.88,53.69,-0.11,healthy
36.68,59.3,45.83,-0.08,healthy
35.43,51.97,50.67,-0.11,healthy
35.16,56.8,18.66,-5.01,critical
34.78,53.5,49.05,-2.46,critical
41.17,54.2,19.06,0.05,warning
31.01,53.07,15.04,-0.22,warning
40.19,57.83,41.45,0.12,warning
32.14,55.49,51.0,-0.13,healthy
33.16,57.37,63.12,0.08,healthy
34.28,54.89,57.07,-0.26,healthy
34.87,45.38,33.71,0.53,warning
34.43,55.19,33.74,0.02,healthy
35.96,55.38,39.64,0.16,healthy
32.16,56.46,45.99,0.09,healthy
34.67,51.44,45.48,-3.24,critical
29.25,47.83,57.4,-2.84,critical
38.73,58.75,57.95,0.47,warning
33.98,53.36,45.06,0.04,healthy
35.0,56.03,42.72,-0.14,healthy
33.46,53.31,50.17,0.17,healthy
45.0,54.96,55.63,-0.1,critical
40.27,52.3,50.52,0.12,warning
35.2,49.19,40.68,-0.27,healthy
34.34,57.84,38.88,0.57,healthy
35.2,51.38,11.26,-0.16,warning
33.65,58.16,46.93,0.63,healthy
35.53,57.46,51.23,0.13,healthy
36.48,51.48,52.35,0.49,warning
25.13,47.78,56.52,-0.16,critical
33.62,69.56,25.13,-0.64,warning
34.93,51.83,31.25,-0.51,warning
32.95,58.74,49.05,1.15,warning
35.19,66.64,49.39,-0.09,warning
35.04,59.74,44.26,0.59,healthy
32.26,53.2,36.72,-0.37,healthy
29.68,54.6,59.45,0.22,warning
34.16,50.0,39.11,0.29,healthy
25.72,60.29,23.07,1.28,critical
33.05,58.4,45.2,0.02,healthy
34.97,39.58,16.41,-0.13,warning
34.8,48.75,63.58,0.29,healthy
34.27,78.58,10.3,-0.22,critical
33.59,73.24,41.95,0.31,healthy
35.76,55.72,20.38,0.13,healthy
36.49,56.29,42.92,-0.15,healthy
33.92,50.06,67.17,0.35,healthy
33.77,46.22,19.64,0.19,warning
35.09,60.78,30.93,0.45,healthy
34.07,55.25,11.07,0.81,warning
34.33,60.44,18.53,-3.33,critical
35.39,34.53,33.92,-0.01,warning
32.21,53.58,27.17,-2.1,critical
36.08,59.28,19.5,0.36,healthy
34.59,59.39,36.95,-0.11,healthy
34.01,59.79,57.49,0.29,healthy
33.13,53.23,22.9,0.62,healthy
37.43,49.67,40.26,-0.12,healthy
32.42,50.62,20.83,-0.04,healthy
36.29,54.37,57.22,0.56,healthy
34.55,51.92,47.94,0.43,healthy
35.03,63.06,40.52,0.39,healthy
35.64,51.07,36.1,-0.01,warning
37.52,58.78,60.99,-0.42,warning
26.41,54.65,34.36,-0.13,critical
34.18,34.49,7.98,-0.25,warning
35.52,67.32,50.7,0.38,healthy
31.95,38.45,59.51,0.26,warning
27.27,43.1,42.84,-0.09,critical
32.17,58.16,37.65,-0.02,healthy
35.02,58.16,43.93,0.34,healthy
35.06,51.17,54.04,0.02,healthy
33.65,55.89,56.29,-0.08,warning
33.65,39.81,31.25,0.94,warning
34.37,67.3,21.67,-0.07,healthy
33.42,56.5,30.66,0.42,healthy
36.84,84.07,53.84,0.31,warning
34.06,55.13,49.22,-0.46,healthy
31.98,39.32,35.79,-0.12,warning
34.05,54.83,12.82,0.48,healthy
33.25,43.76,48.35,-2.95,critical
32.54,41.28,47.25,-0.44,warning
35.41,62.2,14.78,0.31,healthy
34.63,26.17,44.92,-0.08,warning
36.09,52.93,41.19,0.32,healthy
34.88,53.58,37.59,1.23,healthy
33.77,61.47,13.9,0.3,warning
38.89,42.04,21.97,0.39,warning
33.95,52.01,39.74,0.05,healthy
33.67,44.44,43.71,-0.3,warning
33.11,53.29,59.25,0.56,healthy
45.0,52.16,56.31,-0.09,critical
34.03,55.48,41.05,0.06,healthy
34.69,51.37,57.27,0.87,healthy
34.38,50.49,46.08,0.01,healthy
34.0,59.54,36.57,0.64,healthy
33.37,57.73,40.24,0.3,warning
35.23,58.31,58.73,-0.07,healthy
32.92,83.24,17.22,0.29,critical
35.43,51.57,48.2,-0.14,healthy
33.3,54.29,13.39,-2.14,critical
33.6,58.01,43.75,0.65,warning
42.5,41.94,37.38,-3.02,critical
33.9,57.36,38.83,-3.28,critical
35.67,56.85,37.85,0.21,healthy
35.12,83.83,8.56,0.52,warning
18.29,54.1,8.84,-1.11,critical
35.13,39.6,43.52,1.14,healthy
33.18,52.36,42.79,-3.0,critical
34.1,65.74,52.6,0.27,healthy
33.56,55.08,42.71,-0.27,healthy
36.1,53.16,43.35,0.47,healthy
33.06,55.1,43.23,0.31,healthy
35.57,57.13,60.43,-0.16,healthy
35.57,58.95,9.67,-3.23,critical
36.7,53.63,50.96,0.04,warning
37.52,57.55,37.52,-0.06,healthy
35.35,65.06,15.15,0.31,warning
34.15,61.04,50.46,-0.04,healthy
33.76,69.04,55.84,0.14,healthy
32.66,20.89,15.08,0.85,critical
32.24,65.06,33.86,-0.1,warning
35.36,50.26,37.16,0.42,healthy
44.89,57.12,54.65,-0.08,critical
34.05,59.39,65.82,-0.24,healthy
35.02,51.94,53.34,0.12,healthy
34.72,59.51,32.38,1.22,healthy
35.01,60.46,53.01,0.46,healthy
34.77,50.74,19.48,0.33,healthy
30.49,65.02,41.51,-0.06,warning
33.36,46.69,46.87,-3.58,critical
33.69,66.64,48.55,-0.44,warning
33.57,61.01,23.77,0.87,healthy
35.5,54.46,38.99,0.26,warning
35.58,18.82,55.6,-2.02,critical
36.22,51.96,39.72,0.23,healthy
37.61,54.19,57.55,0.99,warning
33.09,54.71,31.41,0.27,healthy
30.56,62.53,20.09,-3.74,critical
36.33,66.81,32.74,0.87,warning
35.38,56.2,36.66,0.1,healthy
36.64,49.93,39.87,-1.91,critical
32.51,51.73,60.21,-0.46,warning
33.87,53.9,58.08,-2.11,warning
33.62,48.82,53.74,0.27,healthy
35.37,47.93,45.33,0.48,healthy
33.24,67.58,17.54,-0.22,warning
35.41,56.82,57.66,-2.83,critical
37.22,50.0,52.01,-0.17,warning
35.33,59.9,45.18,0.6,warning
34.84,47.93,23.48,0.66,healthy
33.31,54.88,53.15,0.93,healthy
33.48,50.18,14.49,0.29,warning
36.0,64.93,40.41,-1.03,warning
35.44,53.48,39.51,-0.13,healthy
34.45,65.61,15.55,0.24,warning
34.53,62.26,49.57,-0.27,healthy
25.26,48.19,21.07,0.38,critical
33.21,43.9,30.56,0.26,warning
36.79,53.1,25.53,-0.83,warning
32.96,58.13,18.22,0.59,warning
34.73,57.42,40.92,0.49,healthy
35.71,65.79,56.96,-0.07,healthy
29.56,49.88,42.2,0.26,warning
34.72,55.28,8.64,-0.45,warning
29.68,50.8,49.18,-0.16,warning
34.51,45.75,34.76,0.82,warning
37.94,38.15,59.6,-1.83,critical
32.5,57.78,38.35,0.15,healthy
35.77,56.7,60.6,-2.68,critical
34.29,57.56,43.74,0.29,healthy
27.75,50.89,41.62,0.38,critical
35.03,48.97,19.7,0.44,healthy
33.62,55.23,46.97,0.34,healthy
34.77,80.5,67.54,0.72,warning
32.27,64.65,17.6,-0.07,warning
35.22,59.77,47.7,-0.27,warning
34.86,55.18,38.33,-0.08,healthy
35.27,50.48,50.92,-2.37,critical
35.77,55.07,46.58,0.18,healthy
34.94,48.84,44.37,0.09,healthy
34.68,57.23,49.95,0.34,healthy
40.11,46.99,26.84,-0.5,critical
33.65,54.26,43.99,0.14,warning
35.92,64.82,15.98,0.64,warning
36.22,59.94,45.29,-1.31,warning
34.21,49.46,15.42,-0.61,healthy
34.56,54.57,18.19,0.15,healthy
33.55,49.99,31.67,-0.14,warning
35.91,54.62,56.16,0.16,warning
35.3,61.25,38.22,-0.0,healthy
33.52,58.92,38.76,0.85,healthy
33.45,69.9,8.01,0.18,warning
29.16,62.15,50.68,0.28,warning
34.78,56.22,24.65,0.13,healthy
35.28,59.06,58.85,0.34,healthy
34.24,53.79,61.48,0.06,healthy
33.45,48.23,60.54,0.46,healthy
35.56,62.83,11.86,-0.01,warning
35.37,61.05,33.98,0.7,healthy
33.4,53.55,44.51,0.35,healthy
36.39,56.64,30.52,0.09,healthy
35.9,62.45,15.41,0.49,healthy
34.66,60.08,33.89,0.35,healthy
34.6,46.22,38.73,-2.83,critical
35.16,56.46,8.16,0.18,warning
33.47,68.73,40.55,0.05,healthy
34.54,61.68,40.12,0.2,healthy
31.92,61.19,42.09,-0.05,healthy
19.78,62.91,8.92,0.54,critical
32.63,48.57,66.64,0.74,healthy
36.3,42.08,40.49,0.38,warning
34.1,61.68,7.01,-0.91,warning
34.25,44.95,36.59,0.6,healthy
33.75,56.81,52.68,0.04,healthy
34.15,58.2,40.24,0.48,healthy
36.2,51.72,37.89,-0.36,healthy
45.0,65.74,11.81,-2.18,critical
36.03,56.78,31.44,-0.32,healthy
34.91,55.96,20.03,0.11,healthy
33.05,52.78,10.87,-0.43,warning
33.21,64.55,41.32,0.59,healthy
36.51,65.24,38.54,-0.01,warning
33.37,52.55,72.32,0.51,healthy
33.12,50.24,52.3,0.12,healthy
35.86,54.56,44.41,-0.59,healthy
34.91,49.13,37.92,-0.04,healthy
33.37,61.17,49.46,-0.06,warning
34.76,44.15,20.32,0.14,healthy
35.19,54.16,15.97,0.75,warning
35.82,58.66,13.19,0.82,warning
35.77,57.05,47.13,-2.39,critical
35.14,50.7,23.63,-0.35,healthy
34.93,58.96,38.07,-4.73,critical
36.61,49.68,54.21,0.34,warning
34.5,54.87,15.76,-2.99,critical
33.08,58.91,42.22,-0.48,warning
35.04,57.78,39.82,-0.05,healthy
37.0,50.95,55.12,0.67,healthy
33.28,62.18,16.39,0.27,warning
34.07,55.52,49.38,0.17,healthy
35.0,59.46,48.33,-0.01,healthy
34.44,64.17,26.65,-0.03,healthy
33.32,61.71,14.53,0.37,warning
35.85,61.72,15.01,0.21,warning
37.28,56.16,17.35,0.46,healthy
34.74,59.76,21.98,0.37,warning
33.42,56.28,56.87,0.16,healthy
32.64,47.74,43.19,-2.49,critical
34.81,56.82,37.3,-0.09,healthy
35.82,56.54,57.0,0.13,healthy
35.07,58.5,18.54,0.69,healthy
34.5,54.23,17.66,0.15,healthy
33.28,50.43,49.68,0.06,warning
33.19,41.9,41.35,0.23,warning
35.5,47.12,31.64,-0.32,healthy
35.6,63.75,57.42,-1.73,critical
32.65,50.92,17.77,0.83,healthy
35.25,56.47,37.28,-0.17,warning
38.06,58.35,47.45,0.26,healthy
36.18,58.54,55.06,0.14,healthy
36.44,46.55,46.12,0.13,healthy
32.86,36.88,47.38,0.12,warning
34.32,65.79,55.32,0.44,warning
35.1,51.19,60.37,-0.29,healthy
33.64,59.59,43.8,0.43,healthy
35.35,59.76,31.63,-0.84,warning
34.21,47.21,11.87,-0.56,warning
45.0,65.33,38.09,0.3,critical
35.98,63.92,35.65,0.2,healthy
33.34,28.72,9.62,-0.2,warning
36.45,53.66,63.48,0.21,healthy
34.16,53.82,50.28,-0.38,warning
36.41,59.55,9.57,-0.12,warning
35.31,65.55,22.78,0.16,healthy
34.34,51.58,27.14,-0.52,warning
33.88,48.29,56.57,-0.31,healthy
34.09,64.29,25.5,-0.25,healthy
35.01,44.28,50.1,0.18,healthy
34.59,48.95,26.62,0.33,healthy
45.0,53.52,40.86,-0.21,critical
34.3,45.64,57.43,-0.23,healthy
34.59,61.67,28.66,0.21,healthy
31.95,60.66,14.85,0.19,critical
35.05,51.55,51.28,-2.72,critical
33.32,29.69,49.64,-3.84,critical
33.12,63.7,45.7,0.22,warning
32.48,54.32,49.96,0.08,healthy
32.35,71.57,17.5,-3.36,critical
32.87,68.56,64.33,0.55,warning
33.65,59.33,28.89,0.37,healthy
36.84,56.54,14.56,-0.55,warning
33.87,63.18,46.89,-0.13,warning
34.71,56.81,16.88,-0.03,healthy
34.98,51.97,52.95,0.15,healthy
34.66,55.48,50.56,0.4,warning
34.41,61.23,36.89,-0.28,healthy
33.07,43.05,42.14,0.12,healthy
35.75,53.27,30.48,0.83,healthy
36.67,63.3,42.02,0.16,warning
33.58,51.93,48.23,-0.13,healthy
33.27,64.28,51.07,-0.38,warning
34.16,58.53,48.91,-0.04,healthy
33.34,54.61,27.45,-0.28,warning
35.11,51.59,14.8,-0.01,healthy
33.63,53.28,38.38,0.37,healthy
37.1,70.99,31.9,-3.33,critical
35.93,66.25,36.64,-0.04,warning
34.76,39.27,45.01,-0.57,warning
35.73,51.35,7.66,0.48,warning
35.83,30.4,18.72,0.01,warning
33.82,56.46,33.71,0.19,healthy
33.52,47.54,39.01,-2.74,critical
34.59,36.93,48.37,-0.01,warning
35.53,89.92,57.24,-0.08,warning
34.67,56.14,44.13,-0.38,healthy
32.61,59.96,30.54,-0.21,warning
33.91,63.25,32.67,0.14,warning
34.41,51.64,46.88,0.27,healthy
32.77,65.17,54.95,-0.12,warning
30.31,50.86,63.16,-0.33,warning
32.84,52.42,12.68,0.01,healthy
39.13,33.51,46.4,0.46,critical
36.29,53.16,34.7,-0.23,healthy
37.88,62.84,36.01,0.16,warning
34.01,59.19,35.17,-0.11,healthy
35.67,60.09,41.66,0.6,healthy
40.32,54.61,16.0,-0.05,warning
34.73,46.84,69.79,0.41,warning
34.38,57.42,40.4,0.56,healthy
35.02,57.53,54.88,0.77,healthy
31.46,53.7,15.45,-1.72,critical
35.32,66.2,67.33,-0.41,warning
34.65,45.62,48.39,0.62,warning
34.23,41.7,14.19,0.55,warning
34.3,50.61,16.11,-0.1,healthy
33.69,59.26,54.76,-1.14,warning
39.53,48.66,48.35,0.18,warning
36.89,49.11,41.21,-0.46,warning
33.5,60.71,34.2,-0.18,healthy
33.84,57.78,10.79,0.22,warning
34.32,57.26,16.17,0.28,healthy
35.51,59.69,15.65,0.78,warning
34.75,52.45,12.13,-2.16,critical
32.95,52.73,25.78,-0.24,healthy
33.86,59.86,15.54,0.52,warning
33.77,46.93,14.13,0.3,healthy
34.41,42.14,14.67,0.0,warning
35.01,65.01,63.05,0.16,healthy
35.0,60.59,58.97,-0.0,healthy
32.37,56.53,14.68,0.43,warning
35.78,60.14,19.26,-2.05,warning
34.8,42.9,55.53,-0.14,healthy
36.16,56.89,31.3,0.32,healthy
35.03,58.92,38.32,-0.46,healthy
35.82,46.9,31.85,-0.28,warning
35.06,60.17,45.06,0.38,healthy
36.12,54.33,59.65,0.12,healthy
35.13,73.43,48.75,-0.29,warning
38.21,55.36,55.18,0.15,warning
37.23,63.21,41.48,0.5,warning
35.25,52.64,45.97,-0.43,warning
35.19,45.3,32.74,0.85,warning
32.97,51.84,44.03,0.38,healthy
32.95,56.66,37.54,0.39,healthy
34.85,42.05,43.4,-4.66,critical
30.52,65.33,42.71,0.85,warning
33.76,63.53,41.86,0.53,warning
34.67,49.01,66.08,-3.1,critical
36.41,61.78,62.68,0.45,warning
35.33,57.35,59.16,-0.14,healthy
33.13,46.69,62.95,0.04,healthy
34.37,53.73,59.19,0.74,healthy
33.53,50.74,44.78,0.31,warning
34.03,46.81,43.75,-2.3,critical
34.0,50.62,47.35,0.62,healthy
33.93,46.99,42.89,0.37,warning
32.99,57.87,34.6,-0.17,warning
34.35,78.03,13.17,-0.63,critical
33.83,53.87,29.34,0.36,healthy
30.98,63.21,19.55,0.38,warning
36.96,53.44,35.05,0.17,healthy
35.81,53.18,44.19,0.59,healthy
34.05,58.96,46.91,0.92,healthy
34.52,54.21,7.51,-0.0,warning
33.09,55.51,28.59,0.58,healthy
36.53,39.88,9.49,0.16,critical
36.78,55.1,49.58,-0.65,warning
34.69,44.04,39.43,-0.41,warning
35.73,47.67,50.61,0.32,healthy
34.71,46.99,15.89,0.55,healthy
32.59,48.74,12.09,0.39,warning
34.01,51.71,48.48,0.46,healthy
34.66,52.08,18.23,1.19,healthy
33.95,58.99,49.0,0.36,healthy
34.24,56.33,40.8,0.04,healthy
34.39,43.59,70.36,0.1,healthy
42.19,55.5,33.66,0.8,critical
34.56,56.91,16.56,-0.36,warning
33.23,53.03,41.83,0.65,healthy
33.64,86.77,31.48,0.16,warning
32.96,56.14,21.32,-0.18,healthy
35.67,59.59,40.71,-0.43,healthy
26.74,45.55,13.49,0.74,critical
35.88,53.53,51.95,-1.52,critical
36.16,64.05,38.64,-3.08,critical
34.14,63.5,14.47,-0.24,warning
31.38,60.11,7.98,0.94,critical
34.07,25.82,12.38,0.19,critical
34.42,64.93,20.76,-0.39,healthy
33.29,66.51,69.65,-0.02,warning
33.88,54.23,23.46,0.71,healthy
36.34,49.18,14.52,-0.24,warning
35.3,59.53,7.45,0.01,warning
33.39,73.58,62.89,0.62,warning
30.88,45.58,38.55,0.29,warning
34.11,52.18,47.4,-0.34,healthy
34.24,46.52,40.26,0.24,healthy
35.1,55.75,51.03,0.09,healthy
33.86,69.17,15.08,-4.48,critical
35.11,31.73,17.18,0.53,warning
36.82,51.94,57.87,0.25,warning
35.48,58.71,49.4,0.11,healthy
34.44,62.33,37.65,0.09,healthy
34.28,52.7,12.69,0.58,warning
34.07,58.07,69.19,-0.14,healthy
35.92,54.02,50.65,-0.72,warning
33.75,56.09,46.52,0.06,healthy
43.98,46.3,31.29,0.3,critical
34.56,59.61,18.03,-0.02,healthy
33.9,62.4,13.78,-0.06,healthy
32.85,31.09,48.13,0.0,warning
34.89,53.14,46.14,0.14,healthy
34.43,60.41,73.33,-0.37,warning
35.1,46.47,53.55,0.41,healthy
33.86,43.18,57.4,-4.25,critical
35.96,56.36,45.67,0.37,healthy
33.45,57.98,43.68,0.28,healthy
36.55,50.67,51.32,0.35,warning
32.4,43.26,43.67,-0.62,critical
35.02,50.44,44.5,0.27,healthy
35.07,49.8,49.63,-0.07,healthy
29.86,59.16,39.87,0.79,warning
35.01,47.92,47.2,0.29,healthy
36.04,53.41,45.8,-0.32,warning
31.84,49.57,20.29,-0.53,warning
35.1,46.27,38.89,-0.1,healthy
31.51,60.22,25.0,0.47,warning
33.34,51.88,41.89,-3.33,critical
29.42,56.13,48.97,0.22,warning
33.8,52.48,54.64,0.18,healthy
33.09,50.55,38.07,0.02,healthy
34.26,59.54,16.76,0.14,healthy
36.98,70.52,56.35,-3.38,critical
32.3,43.14,52.51,0.01,warning
32.27,53.79,37.09,0.41,healthy
36.3,57.47,38.17,-0.06,healthy
36.73,51.3,49.35,0.56,healthy
34.38,60.1,12.14,0.38,warning
33.01,49.8,13.61,0.54,warning
37.02,55.92,43.35,-2.96,critical
36.41,66.9,18.0,-0.88,critical
35.31,62.32,41.36,0.45,healthy
42.99,50.94,16.93,-2.6,critical
34.44,52.89,45.27,0.33,healthy
34.31,60.7,29.87,0.25,healthy
34.9,48.83,41.71,0.25,healthy
36.24,74.71,34.91,0.28,warning
35.56,44.06,15.23,0.51,warning
34.45,48.47,15.72,0.48,warning
36.15,57.29,14.05,-1.72,critical
34.88,49.06,9.5,0.08,warning
35.32,51.73,21.51,-1.66,warning
36.26,57.96,68.59,-0.02,warning
32.32,51.52,54.31,0.86,warning
34.46,59.94,45.17,-0.36,healthy
33.86,56.29,12.27,0.45,warning
32.62,57.61,21.45,0.45,healthy
34.92,62.45,11.83,-0.06,healthy
37.51,56.92,50.12,0.27,healthy
32.29,64.23,44.27,0.66,warning
34.46,60.47,50.66,0.02,healthy
32.74,51.86,51.88,0.67,healthy
34.65,78.16,40.84,0.6,warning
34.03,49.31,48.8,-0.13,healthy
32.94,52.63,55.49,-0.29,healthy
32.49,56.67,14.0,0.22,healthy
33.59,61.67,42.47,-0.35,healthy
31.87,57.73,47.97,-1.01,critical
35.54,65.93,58.82,-0.05,warning
35.65,61.52,52.84,1.02,healthy
34.56,58.14,18.11,-0.03,healthy
34.77,48.84,50.87,0.3,warning
35.79,53.92,12.21,0.43,warning
36.73,55.43,14.82,0.13,warning
35.58,59.18,45.33,0.02,healthy
34.14,49.53,41.31,0.64,healthy
36.07,56.02,31.32,0.17,healthy
34.88,55.72,14.68,0.11,healthy
34.73,59.32,57.08,0.47,healthy
32.98,49.85,16.5,-0.26,warning
34.84,65.17,44.0,-0.36,warning
33.5,42.72,57.96,-0.5,warning
33.73,63.73,55.9,0.38,healthy
33.52,54.73,37.64,0.08,healthy
33.22,45.89,57.01,0.48,healthy
37.05,57.18,28.41,0.17,healthy
31.41,57.08,49.6,-0.4,warning
36.8,58.33,48.41,0.01,healthy
33.03,59.85,56.5,0.51,healthy
33.17,53.03,48.81,0.05,healthy
32.95,61.21,42.55,0.62,healthy
43.82,48.49,43.34,-0.03,critical
33.4,54.97,8.67,0.44,warning
35.99,60.02,13.19,-0.56,warning
33.45,60.97,50.97,0.06,healthy
41.77,57.76,21.56,-0.0,warning
35.22,70.08,36.73,-0.41,critical
37.26,60.38,15.11,0.59,warning
32.72,50.98,28.85,-0.11,healthy
36.01,65.51,50.49,-0.15,warning
35.88,54.49,37.75,0.67,healthy
33.33,45.76,34.66,-3.23,critical
35.71,47.83,18.06,-2.85,critical
34.9,55.26,60.28,-0.53,healthy
34.23,55.84,48.33,-0.17,healthy
33.51,66.82,14.39,0.98,warning
33.64,48.77,52.75,0.49,warning
36.96,55.24,53.3,-0.28,warning
34.5,48.64,41.19,0.24,healthy
35.44,52.04,54.59,-0.25,warning
33.55,65.1,55.07,0.71,healthy
33.56,48.18,53.51,-0.76,warning
35.8,58.52,38.26,0.26,healthy
32.88,57.36,33.21,0.25,healthy
34.0,54.85,15.65,-0.3,warning
34.54,58.12,38.44,0.04,healthy
34.63,48.04,41.32,0.3,healthy
34.29,64.94,42.14,-0.56,healthy
34.97,66.55,44.53,-0.36,warning
35.33,55.28,62.33,0.09,healthy
35.38,69.54,41.6,-0.18,warning
33.32,52.61,44.51,-0.04,healthy
34.16,57.4,15.7,-2.38,critical
35.93,63.59,67.28,-0.21,warning
35.57,52.25,31.84,0.14,healthy
30.55,46.71,37.93,0.27,critical
37.96,45.33,51.96,0.46,warning
32.13,67.36,47.46,-2.85,critical
34.56,51.83,61.43,-0.1,healthy
36.78,53.89,52.2,0.39,warning
33.36,60.16,14.2,-0.44,warning
33.5,60.69,55.44,0.19,healthy
35.42,50.31,12.03,0.16,healthy
32.65,52.05,13.81,-0.88,critical
33.74,50.43,54.63,-3.81,critical
35.22,56.78,42.78,0.28,healthy
33.74,53.07,43.97,0.07,healthy
34.22,63.41,46.43,-0.04,healthy
35.39,57.57,41.19,0.21,healthy
35.01,72.11,40.65,0.55,warning
34.82,56.29,54.85,0.37,healthy
34.09,47.81,29.71,-0.15,healthy
34.94,66.98,34.38,-0.43,healthy
34.35,50.13,51.75,0.36,healthy
31.42,56.27,44.27,-0.32,warning
33.9,55.69,15.22,-0.06,warning
34.28,61.05,10.15,0.23,healthy
33.31,61.62,11.48,0.61,critical
34.46,54.81,45.63,-1.21,warning
35.76,56.74,50.35,0.17,healthy
33.16,56.97,47.34,-0.05,healthy
34.81,83.09,40.32,-0.33,warning
34.76,45.47,42.26,-4.33,critical
35.44,51.37,15.73,0.03,warning
33.98,51.63,31.75,0.42,healthy
34.99,47.8,8.16,-2.55,critical
35.16,59.5,48.9,-0.05,warning
35.03,55.01,36.29,-0.07,healthy
33.51,53.71,50.76,-0.4,healthy
34.68,47.46,39.05,0.6,warning
34.94,54.73,31.87,-3.04,critical
34.51,39.24,40.92,0.72,healthy
32.0,54.02,17.73,-0.03,warning
34.69,55.38,44.04,0.03,healthy
35.13,56.45,9.67,-0.3,warning
34.07,45.62,46.69,0.03,healthy
33.63,56.35,30.95,-0.35,healthy
34.95,48.75,59.49,-2.89,critical
34.87,50.13,42.52,0.19,healthy
35.93,59.31,31.89,0.74,warning
32.99,67.08,5.43,-0.43,critical
35.38,55.31,13.64,0.64,warning
35.21,50.1,52.49,-0.24,healthy
34.33,87.54,38.19,0.29,warning
34.91,60.63,71.2,-0.31,healthy
35.74,58.73,35.63,0.23,healthy
35.55,62.94,51.12,-0.85,warning
34.16,50.71,25.26,-0.12,healthy
35.48,56.51,43.76,0.19,healthy
34.42,64.29,48.67,0.85,healthy
34.59,63.92,33.8,-2.71,critical
34.59,43.3,59.99,0.15,healthy
34.32,54.98,49.34,-2.83,warning
35.93,63.91,41.82,-0.62,warning
26.48,72.34,49.24,-0.3,critical
33.16,59.22,12.23,-0.04,warning
35.01,52.79,57.51,0.34,healthy
26.06,48.94,55.15,0.19,critical
35.98,68.31,48.73,-0.37,warning
38.86,59.37,51.12,-0.58,warning
33.48,49.91,30.23,0.32,warning
37.48,53.78,13.66,0.07,warning
34.82,56.86,44.01,-2.01,warning
44.69,45.2,55.25,0.01,critical
34.32,49.6,13.83,0.61,warning
35.14,51.31,55.1,0.37,healthy
35.51,78.83,34.52,0.48,healthy
35.96,61.24,17.76,0.32,healthy
35.77,52.95,12.16,0.33,warning
35.55,51.62,29.81,-0.77,healthy
34.12,63.53,13.74,0.06,warning
45.0,56.32,13.22,-0.12,critical
34.9,43.95,14.53,-1.2,critical
35.62,56.16,14.84,-0.25,warning
34.23,55.38,19.7,0.04,healthy
35.78,62.48,54.02,0.47,healthy
31.56,56.87,44.82,0.27,healthy
33.4,51.73,42.32,0.22,healthy
33.5,61.29,44.78,0.59,warning
34.33,62.38,16.98,0.25,healthy
34.87,46.97,28.02,-0.07,warning
35.52,31.0,48.01,-0.37,warning
36.12,57.19,52.66,0.34,healthy
35.01,56.7,43.46,-0.16,warning
34.55,61.04,22.35,0.05,healthy
32.78,51.6,39.28,0.58,healthy
32.92,60.72,54.06,0.06,healthy
28.66,52.74,30.62,-1.9,critical
31.94,46.15,51.96,0.04,warning
35.72,49.01,13.61,0.05,warning
34.31,59.65,44.81,-3.19,critical
38.39,49.33,38.14,-3.43,critical
37.27,64.66,33.64,-0.07,healthy
37.12,62.14,14.68,0.46,warning
34.37,63.0,10.69,-0.26,warning
35.69,55.75,12.11,0.37,warning
35.46,32.69,54.09,0.22,warning
32.53,47.84,15.98,0.16,healthy
32.36,60.97,16.7,0.22,healthy
33.75,57.28,38.36,0.32,healthy
35.2,58.4,58.78,0.06,healthy
35.1,43.9,57.88,0.08,warning
35.78,51.36,48.8,0.38,healthy
33.06,54.24,42.12,-0.31,healthy
31.72,56.96,10.03,-0.37,critical
32.24,49.39,47.29,0.22,warning
33.51,53.87,61.85,-0.65,warning
32.08,57.96,15.41,-0.52,healthy
34.67,53.05,55.18,0.87,healthy
35.45,62.85,40.29,0.77,healthy
34.35,45.93,41.14,-0.08,healthy
33.95,61.74,14.13,0.55,warning
34.31,58.97,37.48,0.56,healthy
34.06,51.59,51.47,0.34,healthy
32.88,49.45,52.71,0.12,healthy
33.64,42.52,47.36,0.4,warning
35.13,50.23,39.99,0.47,healthy
34.89,61.28,33.96,0.41,healthy
34.7,54.66,14.53,-0.47,warning
33.31,61.98,41.35,0.96,warning
34.28,51.28,47.11,1.11,healthy
31.89,59.24,41.79,-3.36,critical
34.71,50.7,42.04,0.35,healthy
36.21,49.21,46.59,0.97,healthy
32.73,54.36,48.52,0.55,warning
33.8,51.01,57.24,0.56,warning
34.89,45.74,41.63,-0.43,warning
36.0,53.91,50.45,-2.59,critical
33.96,55.64,63.04,0.25,healthy
33.67,62.61,50.72,0.46,warning
32.14,60.62,56.64,-0.26,healthy
34.62,62.32,38.79,-4.36,critical
36.95,59.32,37.8,0.09,warning
34.83,57.0,43.41,-0.0,healthy
34.47,47.63,44.47,0.09,healthy
34.89,55.9,55.71,-0.04,healthy
34.49,58.58,37.7,0.07,healthy
33.52,21.0,44.11,-0.12,critical
35.49,59.12,55.75,0.13,warning
34.77,62.44,47.16,-0.42,healthy
34.52,48.81,44.89,0.36,healthy
33.33,53.04,47.38,0.25,healthy
36.06,57.58,33.72,-0.35,healthy
35.3,61.97,13.28,0.68,warning
33.84,54.13,29.12,-0.18,healthy
35.7,54.51,47.07,0.63,healthy
33.9,62.94,54.19,0.28,healthy
33.56,48.24,52.66,0.55,warning
33.59,64.64,56.44,0.22,healthy
32.37,49.73,59.54,0.38,warning
35.07,43.49,46.45,0.55,healthy
32.78,55.06,44.35,0.91,healthy
33.03,65.19,15.17,0.58,warning
32.01,68.45,37.99,0.33,warning
34.4,59.51,33.21,-0.39,healthy
34.32,55.25,41.61,-0.82,healthy
34.11,54.09,40.44,0.1,healthy
33.25,45.73,45.48,-0.14,healthy
33.09,41.44,36.5,-0.12,warning
28.48,56.18,48.7,0.12,warning
33.84,57.12,39.31,0.42,healthy
37.65,57.06,8.16,-3.72,critical
33.44,58.74,33.05,0.51,healthy
34.72,64.5,43.61,0.16,healthy
36.06,56.97,41.65,0.17,healthy
35.2,55.23,15.72,0.9,warning
34.01,50.09,54.27,0.22,healthy
34.82,67.13,47.66,0.13,healthy
34.21,58.16,43.71,-3.07,critical
34.51,49.34,12.3,0.87,healthy
34.11,47.97,53.43,0.13,healthy
34.3,45.32,47.69,0.33,warning
38.99,55.42,14.52,0.11,warning
33.31,66.12,51.47,0.11,warning
33.28,38.46,15.55,-0.05,warning
32.83,63.54,41.49,-0.07,warning
32.58,57.92,48.76,0.83,healthy
33.04,55.71,42.08,-0.07,healthy
34.69,91.03,42.12,-0.47,critical
33.43,66.34,16.1,0.2,healthy
35.12,59.24,14.3,0.56,warning
34.54,49.58,49.67,0.65,healthy
32.14,44.69,37.08,-0.33,warning
36.94,56.06,30.82,0.6,healthy
35.47,54.99,53.04,0.97,healthy
33.31,45.88,37.58,-0.12,warning
35.0,54.67,36.88,0.08,healthy
33.47,51.56,17.47,-3.55,critical
34.62,55.06,56.51,0.89,healthy
36.06,59.36,9.62,-0.45,critical
32.35,63.96,48.43,-0.01,warning
34.04,25.12,51.9,0.46,warning
34.35,50.67,44.58,-0.12,healthy
34.02,57.21,14.05,-0.25,healthy
33.08,55.38,33.03,0.13,healthy
34.02,47.01,34.14,1.11,warning
34.82,57.39,33.59,0.05,healthy
35.83,82.18,49.22,0.07,warning
34.72,55.19,50.06,-0.3,healthy
33.7,45.43,20.29,0.3,healthy
35.91,55.18,42.68,0.5,healthy
29.09,47.72,57.68,-0.09,critical
35.09,60.18,18.46,0.36,warning
35.92,37.07,47.95,-0.09,warning
28.27,53.97,15.46,-0.61,critical
34.26,53.01,55.96,0.33,healthy
33.87,53.73,15.94,0.98,warning
35.74,55.05,31.01,-0.33,warning
32.79,50.37,42.39,0.22,warning
33.34,46.67,15.51,0.67,healthy
34.02,61.83,12.09,0.11,warning
35.99,82.94,16.09,-0.42,critical
34.96,56.0,23.2,-4.08,critical
33.34,50.66,30.73,0.75,healthy
34.13,56.93,46.67,-0.05,healthy
33.76,47.96,13.81,-2.75,critical
38.1,44.94,40.89,-0.27,warning
35.67,51.47,27.62,0.11,healthy
32.85,57.37,48.23,-1.11,warning
36.43,50.63,53.88,0.2,healthy
35.49,52.87,73.47,-2.24,warning
35.81,67.76,7.85,-4.89,critical
33.94,43.93,32.01,0.42,warning
34.32,50.47,15.34,0.44,healthy
32.78,66.38,50.92,0.03,warning
33.87,66.62,17.43,-2.19,critical
30.73,50.76,52.8,-1.84,critical
36.06,55.13,13.58,0.21,warning
33.17,55.33,57.37,0.05,healthy
34.06,52.91,23.68,-0.44,warning
34.32,56.15,47.85,-0.22,healthy
32.83,51.05,38.62,-0.11,warning
35.21,59.29,12.17,0.33,warning
33.63,54.32,47.19,0.01,healthy
34.27,48.93,40.96,0.16,healthy
35.98,55.06,41.93,-0.42,warning
33.55,57.13,56.22,-3.78,critical
34.49,60.12,58.69,-0.14,healthy
34.24,61.77,32.65,0.24,healthy
34.05,52.57,42.9,-0.06,healthy
33.63,58.0,13.82,0.02,warning
34.88,57.96,48.15,-0.17,healthy
36.48,37.97,5.0,0.27,warning
34.67,52.12,16.76,-0.24,warning
35.7,44.01,43.83,0.28,warning
32.83,58.01,7.46,0.1,warning
34.69,44.76,16.63,0.4,healthy
25.66,53.39,51.72,0.44,warning
32.73,39.68,46.97,0.02,warning
33.61,46.98,10.25,0.3,warning
35.93,68.43,59.86,-0.03,warning
35.64,61.58,37.4,0.68,healthy
34.79,59.13,53.84,0.01,healthy
32.66,51.68,50.08,0.07,warning
31.26,59.38,70.05,-0.04,warning
34.86,60.33,37.02,-0.14,warning
32.64,85.9,43.83,0.96,critical
32.29,46.69,34.68,0.34,warning
33.43,53.75,35.27,0.18,healthy
34.42,54.41,48.86,-0.04,healthy
35.14,47.61,47.06,0.6,healthy
31.86,57.2,50.41,-0.07,warning
34.31,56.68,50.2,0.2,healthy
34.67,57.67,42.64,1.03,healthy
35.52,56.67,42.57,-0.23,warning
35.33,59.38,35.29,0.37,healthy
35.2,53.92,16.33,0.27,healthy
29.82,56.21,44.43,0.36,warning
32.21,52.61,12.1,-0.91,warning
34.03,51.49,52.11,-0.09,healthy
35.7,63.03,51.09,0.24,warning
36.17,42.74,60.57,-0.03,warning
35.35,60.26,35.27,-0.78,warning
35.02,51.28,42.67,-0.18,healthy
34.96,50.5,36.15,0.02,healthy
33.83,56.57,14.17,-0.28,warning
34.34,46.06,39.98,0.21,healthy
36.5,50.1,56.55,-0.15,healthy
33.37,73.87,59.53,0.13,healthy
36.44,53.67,49.13,1.02,healthy
34.11,50.18,47.93,0.64,healthy
38.17,64.61,45.39,0.39,warning
32.81,65.78,41.83,0.87,healthy
35.2,42.87,14.72,0.12,healthy
33.62,58.27,43.53,0.13,healthy
30.1,60.15,63.24,-0.27,warning
34.76,53.42,34.58,0.66,healthy
35.71,51.05,47.05,-1.45,warning
33.49,53.54,52.11,0.51,healthy
32.7,50.51,42.16,0.72,healthy
34.39,52.48,9.29,-0.94,critical
34.4,47.74,29.95,-1.62,warning
35.16,54.31,58.25,0.11,healthy
35.64,45.98,56.31,1.09,warning
34.43,58.72,44.02,-2.89,critical
42.92,47.51,36.2,0.46,critical
34.77,56.24,52.93,0.01,healthy
34.08,66.32,33.52,0.21,healthy
32.57,64.93,34.95,-0.61,critical
34.18,61.49,18.89,0.52,healthy
34.1,64.54,13.57,-0.87,warning
35.65,39.83,51.41,0.03,warning
33.0,49.99,38.53,0.77,healthy
33.08,68.27,8.98,-2.11,critical
34.71,57.76,45.42,-0.46,warning
35.31,45.1,47.51,-0.39,warning
36.33,49.11,11.48,-0.09,warning
35.57,55.78,63.06,0.18,healthy
35.41,60.07,43.68,0.5,warning
34.57,57.27,18.49,0.39,healthy
34.97,57.66,40.93,-0.27,warning
36.0,57.03,49.55,0.4,warning
32.9,56.16,9.73,0.44,warning
34.08,55.33,18.11,0.35,healthy
33.57,41.07,41.58,1.14,healthy
34.95,41.56,25.0,0.44,healthy
35.98,64.27,19.88,0.54,healthy
33.78,41.77,41.61,0.9,healthy
31.63,48.53,47.49,0.49,warning
34.01,53.64,49.91,-0.07,healthy
33.76,48.65,57.41,0.65,healthy
35.15,37.03,14.22,-0.01,warning
35.01,54.83,32.06,-0.24,healthy
34.16,59.75,39.26,-0.21,healthy
32.97,60.97,37.64,0.64,warning
35.69,50.82,36.75,0.4,healthy
33.5,53.19,59.45,0.57,healthy
37.12,51.3,46.48,0.4,warning
35.18,52.64,64.72,0.23,healthy
33.8,48.81,44.97,-3.89,critical
33.77,49.66,33.28,0.39,healthy
34.39,57.61,36.92,-0.09,healthy
34.21,55.79,55.24,-0.37,healthy
35.84,57.95,33.66,-0.04,healthy
34.72,56.28,16.19,0.37,healthy
33.62,95.0,41.43,-2.18,critical
36.77,60.27,35.7,1.0,healthy
35.78,44.55,58.87,0.33,warning
35.42,49.87,39.11,0.2,healthy
33.77,53.61,36.72,-0.09,healthy
26.77,54.86,44.21,-2.79,critical
34.87,66.6,39.92,-0.33,warning
32.23,60.47,67.15,0.28,warning
36.92,62.18,55.6,-0.02,healthy
41.96,56.12,39.09,0.2,critical
34.02,51.89,40.25,0.34,healthy
33.18,60.1,17.54,-0.31,healthy
34.92,43.8,46.37,-0.52,warning
34.6,55.17,37.53,-0.22,healthy
34.93,60.87,11.15,-2.46,critical
34.73,57.04,25.34,0.3,healthy
35.11,47.64,9.58,-0.01,warning
36.24,53.89,61.99,0.94,healthy
35.18,54.64,45.54,0.66,healthy
33.24,61.67,37.25,0.57,healthy
32.96,67.58,20.27,-0.14,warning
36.47,52.13,44.36,0.56,warning
34.01,48.08,15.92,0.29,healthy
38.63,54.44,41.67,-0.14,warning
34.79,60.45,32.97,-3.11,critical
32.0,55.1,7.91,-0.27,critical
35.16,57.91,17.98,-0.14,healthy
33.84,49.77,16.51,-0.31,warning
36.81,63.93,52.56,0.53,warning
32.28,50.01,64.56,0.12,warning
32.47,61.29,39.04,-0.23,warning
38.96,57.19,38.13,0.36,warning
32.13,59.95,23.63,0.15,healthy
25.43,49.76,51.62,-2.42,critical
32.02,52.05,15.11,0.2,warning
34.53,63.08,53.92,-1.92,critical
32.01,64.36,40.08,-0.05,warning
34.12,48.12,62.26,-0.31,healthy
36.47,52.63,30.66,0.38,healthy
34.93,52.41,55.23,0.58,healthy
33.46,50.82,14.46,-2.92,critical
34.46,56.71,50.27,0.1,healthy
34.52,61.85,33.83,0.61,healthy
35.07,57.71,50.31,-0.47,healthy
32.86,53.08,17.45,-0.02,warning
35.21,58.09,26.7,0.15,healthy
31.25,52.84,60.58,0.58,warning
33.74,57.47,41.54,0.37,healthy
33.91,63.38,59.81,0.45,warning
35.26,42.54,44.32,0.39,healthy
36.21,59.78,54.82,0.0,warning
32.81,18.82,36.4,0.81,critical
33.32,62.37,12.73,-0.12,warning
34.74,51.18,46.44,-3.4,critical
33.43,47.69,14.05,-0.57,warning
33.81,59.17,20.87,-1.09,warning
33.92,57.19,14.33,0.02,warning
35.34,49.0,36.54,-0.06,healthy
33.88,54.06,52.01,0.21,healthy
34.39,53.88,31.05,0.63,healthy
37.1,65.36,14.94,0.33,warning
32.79,48.63,30.65,-2.33,critical
32.28,55.69,17.09,-0.28,warning
35.44,49.2,36.07,-0.06,warning
33.69,57.56,57.2,0.43,healthy
34.12,75.0,52.35,-4.03,critical
33.56,54.11,47.0,0.34,healthy
34.19,55.78,48.04,0.4,healthy
36.42,67.11,37.37,0.22,warning
35.46,47.87,37.37,0.78,healthy
35.53,62.15,9.95,-0.06,critical
33.3,61.43,54.13,-0.18,warning
33.12,47.94,13.6,-2.89,critical
28.6,62.75,40.29,0.45,critical
34.35,39.43,41.09,-0.08,healthy
35.65,70.71,35.68,0.66,warning
35.12,61.78,52.68,0.25,healthy
41.23,61.8,12.57,0.01,critical
34.47,61.63,22.96,-0.27,warning
33.67,55.27,24.95,0.49,healthy
34.75,50.7,23.57,-2.8,critical
35.42,56.15,58.57,0.26,healthy
32.56,60.65,11.4,0.39,warning
34.86,61.15,33.01,0.26,healthy
35.62,52.42,43.94,-0.19,healthy
34.0,64.8,59.66,0.36,healthy
35.34,47.15,50.0,0.48,healthy
37.88,60.91,66.14,0.29,warning
34.37,50.3,43.86,0.4,healthy
34.97,59.71,38.45,0.44,warning
33.61,53.29,34.19,-0.01,healthy
34.72,61.19,45.24,-3.06,critical
35.05,56.93,12.86,-3.31,critical
34.73,50.31,45.99,0.68,healthy
33.28,59.15,18.1,0.13,healthy
34.75,51.46,13.19,0.42,healthy
36.25,70.16,50.29,-0.23,warning
35.04,53.36,43.87,-0.09,healthy
27.09,54.95,37.33,-0.35,critical
40.26,47.9,42.46,0.26,warning
35.4,62.14,49.73,0.27,healthy
34.84,63.21,22.16,0.58,healthy
33.36,60.41,15.73,0.07,healthy
30.56,64.74,40.2,0.58,warning
33.31,64.92,44.51,-3.46,critical
33.74,51.79,15.58,-1.25,critical
34.73,39.74,33.4,0.82,healthy
34.86,52.53,10.17,0.75,warning
33.07,50.97,9.26,0.48,warning
35.76,43.95,42.72,-0.21,warning
35.19,54.91,60.39,0.27,healthy
33.65,47.29,45.81,1.05,warning
32.65,54.79,35.86,0.35,healthy
34.33,67.69,53.89,-0.18,healthy
33.96,51.94,16.86,0.28,warning
34.64,56.17,34.99,-0.25,healthy
34.06,60.44,33.07,-0.78,warning
32.09,56.68,8.55,-3.55,critical
34.03,56.75,44.67,0.45,healthy
26.08,52.83,40.29,-0.17,critical
35.26,53.61,55.56,-0.07,healthy
33.66,49.24,9.71,-0.42,warning
36.51,60.08,49.22,0.1,warning
32.21,44.55,56.75,-0.63,warning
36.07,60.83,41.61,0.03,warning
34.23,46.58,26.71,0.18,warning
35.53,60.78,40.97,-0.55,warning
34.6,85.96,46.89,-0.25,warning
35.87,80.27,55.03,0.13,warning
34.04,58.48,39.79,0.07,healthy
33.18,60.57,62.23,0.09,warning
36.2,52.37,32.01,0.27,warning
28.72,59.32,46.64,-0.52,warning
34.77,41.29,42.61,0.43,warning
35.98,73.71,58.47,-2.5,critical
33.26,62.75,30.26,-0.09,warning
35.21,53.66,49.26,-0.6,warning
33.79,43.83,42.56,0.04,warning
34.34,45.86,12.76,0.35,warning
34.59,49.46,36.71,0.21,healthy
32.7,54.0,49.15,0.22,healthy
33.57,52.78,13.68,0.01,warning
36.12,56.07,46.88,0.13,healthy
35.56,54.58,41.31,-0.29,healthy
34.42,63.16,41.15,-2.69,critical
34.79,57.55,12.06,-0.05,warning
34.15,44.91,49.15,-0.3,healthy
36.13,61.99,34.18,0.45,warning
34.26,52.67,33.83,-0.48,healthy
34.78,33.54,29.45,0.36,warning
35.88,62.24,13.96,0.38,warning
33.57,41.47,50.0,-0.06,warning
36.37,54.3,18.2,-1.1,warning
32.66,51.2,51.64,-0.07,healthy
34.57,51.3,34.73,-0.09,warning
34.05,60.08,15.87,-0.33,warning
34.21,60.91,38.85,0.15,warning
32.23,59.44,10.94,-0.23,warning
33.95,58.82,49.26,-0.17,healthy
33.25,58.41,38.43,0.12,healthy
33.77,55.79,55.41,-2.89,critical
34.34,53.95,50.07,0.65,healthy
35.65,62.26,19.21,0.52,healthy
34.57,52.76,28.28,0.37,warning
34.87,57.22,31.52,0.09,healthy
33.19,50.18,61.49,-0.01,warning
33.44,51.04,10.31,0.14,warning
30.43,53.58,15.62,-3.35,critical
37.35,50.18,34.33,-0.13,warning
36.49,59.79,33.26,0.12,warning
40.6,46.91,53.8,-0.2,warning
34.5,55.6,54.26,-0.18,healthy
35.78,55.8,50.56,0.53,healthy
36.03,44.14,5.98,-0.4,critical
34.37,52.35,36.98,-0.27,healthy
34.03,72.56,53.33,0.66,warning
34.43,57.57,47.4,-0.01,healthy
34.91,53.77,22.54,0.7,healthy
35.57,68.68,45.95,-1.93,critical
34.51,54.34,55.61,0.18,healthy
35.24,55.08,20.0,0.46,healthy
33.61,56.51,23.42,-0.21,healthy
34.96,60.56,53.91,0.82,healthy
34.87,50.95,53.15,-0.01,healthy
32.68,52.08,41.21,0.35,healthy
31.34,50.99,13.0,-0.12,warning
34.97,53.01,46.13,0.75,healthy
32.1,63.56,25.21,-2.83,critical
33.88,58.44,40.98,0.99,healthy
36.58,48.21,16.33,0.62,warning
34.43,61.05,43.41,0.48,healthy
35.85,46.42,10.89,-0.23,warning
34.6,49.56,51.63,0.18,healthy
33.6,50.65,36.91,0.02,healthy
35.69,63.07,54.1,0.16,healthy
32.19,51.32,51.16,0.21,healthy
35.13,60.73,24.47,-1.68,critical
37.37,38.56,62.34,0.09,warning
33.72,50.6,62.4,0.11,healthy
40.46,49.66,33.14,-1.81,critical
31.79,53.34,10.49,0.47,warning
35.08,48.47,37.82,-2.51,critical
34.18,55.73,77.8,-1.67,warning
39.84,53.77,51.14,-1.83,critical
33.98,57.16,59.16,-0.54,warning
35.45,63.38,13.24,-0.18,warning
34.14,59.9,18.65,0.81,healthy
29.51,57.94,11.75,0.46,critical
35.68,43.2,5.28,-3.08,critical
33.65,57.66,41.1,0.34,healthy
29.01,65.34,15.27,-0.18,critical
34.31,36.94,50.01,-0.69,warning
33.92,59.14,18.73,-2.89,critical
33.34,54.04,42.63,0.18,healthy
34.29,49.9,40.14,-1.58,warning
35.09,59.81,58.81,-0.35,warning
34.49,65.26,50.92,-0.31,healthy
34.87,18.04,43.17,-0.49,critical
36.68,67.05,47.24,0.72,warning
34.09,49.34,10.27,-0.51,warning
34.83,55.87,51.61,0.8,healthy
33.89,60.24,41.04,-3.32,critical
33.48,52.68,21.35,-0.34,warning
36.17,53.26,17.51,0.13,healthy
33.93,71.93,47.74,-0.12,warning
34.93,61.47,38.35,0.19,warning
37.32,61.9,38.96,-0.2,warning
33.64,46.24,48.66,-1.82,critical
34.0,50.76,47.88,-0.15,healthy
42.55,55.45,45.29,0.49,critical
34.97,48.99,32.97,0.36,warning
34.82,64.6,34.45,0.25,healthy
36.04,76.99,16.64,0.57,warning
31.59,51.8,43.04,0.26,warning
31.64,25.71,44.59,0.22,critical
33.9,54.97,18.97,0.1,healthy
35.82,70.54,43.86,-0.14,warning
32.62,55.87,63.81,-0.14,healthy
30.89,58.46,53.49,0.21,warning
35.19,63.4,15.52,0.56,warning
34.79,62.67,49.64,0.38,healthy
33.19,79.8,6.3,0.38,critical
33.32,54.15,49.1,-0.29,healthy
33.34,58.08,47.26,0.36,healthy
28.9,50.1,53.08,-0.01,critical
33.75,55.91,20.71,0.22,healthy
35.09,46.16,52.25,0.37,warning
31.07,34.07,46.67,-0.31,critical
35.74,63.01,26.93,0.21,healthy
33.15,62.57,45.86,0.24,healthy
34.19,60.55,31.94,0.55,healthy
33.85,54.51,39.65,-2.61,critical
35.46,65.48,21.76,0.13,warning
32.27,43.3,29.93,0.22,warning
34.55,43.49,44.46,-0.54,healthy
35.17,41.91,5.94,-0.06,critical
36.73,47.91,52.55,-0.08,warning
33.92,59.9,40.46,0.1,healthy
34.89,51.19,13.4,0.85,healthy
32.34,57.77,44.05,-2.53,critical
31.63,64.88,40.82,0.35,warning
35.51,48.4,28.29,0.16,healthy
34.49,57.87,43.88,0.03,healthy
35.91,58.23,15.93,0.14,healthy
27.03,49.84,35.66,0.46,warning
35.12,63.13,42.82,0.13,healthy
36.74,53.27,44.3,0.09,healthy
35.0,52.7,56.02,0.06,healthy
25.66,67.67,45.3,-0.25,critical
34.51,47.52,47.88,0.57,healthy
32.61,60.55,7.08,-0.03,warning
36.13,63.13,40.08,0.74,warning
33.77,51.1,33.66,0.25,healthy
35.11,62.5,42.15,-2.01,warning
32.62,51.99,48.93,0.07,warning
33.08,51.73,46.23,-0.14,warning
36.22,53.37,18.85,0.57,healthy
34.08,51.27,54.46,-0.07,healthy
36.24,59.93,57.41,0.66,warning
28.44,72.54,19.07,0.38,critical
32.29,52.05,60.79,0.74,warning
34.17,59.05,47.67,-0.24,healthy
33.79,77.38,10.41,0.53,critical
35.34,37.91,53.96,-0.15,warning
34.53,55.29,14.8,-0.81,warning
32.65,57.78,10.02,0.51,warning
36.42,57.34,15.36,0.15,warning
37.14,52.82,37.32,0.53,warning
35.09,72.91,35.14,0.19,warning
34.43,53.67,42.66,-2.68,warning
35.79,51.07,41.14,0.75,healthy
34.75,46.19,13.62,0.2,healthy
34.75,60.9,44.02,-1.25,warning
33.19,55.07,7.44,0.11,warning
34.78,56.27,49.59,0.21,healthy
35.74,61.27,14.35,-0.99,warning
33.5,52.14,37.79,0.35,healthy
36.21,46.75,41.12,0.69,warning
34.39,55.42,41.16,0.13,healthy
33.43,56.85,39.85,-0.02,healthy
24.87,48.53,33.98,0.31,critical
34.16,63.84,47.9,0.85,healthy
35.41,57.1,40.44,-2.93,critical
34.15,61.72,35.48,0.24,healthy
34.43,59.75,49.85,-0.01,healthy
37.87,57.74,15.35,-0.28,warning
34.85,34.98,42.54,0.16,warning
32.11,62.7,17.04,0.17,healthy
33.15,48.84,67.16,-4.25,critical
35.62,51.95,12.83,-0.14,warning
34.34,53.98,40.31,0.61,healthy
33.87,57.44,47.69,0.05,healthy
32.87,58.84,32.76,-0.83,warning
39.67,60.36,36.28,0.79,warning
32.07,59.9,28.17,-4.61,critical
34.38,56.52,38.72,-0.04,healthy
33.78,57.5,32.67,0.57,healthy
36.49,48.46,51.24,-0.15,warning
34.42,50.49,16.52,-0.64,healthy
34.94,60.37,47.77,0.24,healthy
40.22,60.02,52.48,0.47,critical
32.69,59.34,19.97,-0.04,healthy
35.89,51.91,41.47,-1.17,warning
38.01,39.55,48.11,-0.32,warning
33.57,48.03,48.43,-0.25,warning
34.74,61.46,57.72,0.02,healthy
33.95,53.43,52.84,-1.57,warning
34.72,65.11,58.03,0.19,warning
36.31,37.79,28.35,0.56,healthy
35.23,65.58,38.36,0.81,healthy
35.11,52.83,14.96,0.5,healthy
33.98,52.72,19.01,-0.49,healthy
32.72,56.17,14.36,0.04,warning
34.25,50.82,40.26,0.5,healthy
35.95,54.57,16.87,0.1,healthy
32.67,50.57,11.49,-2.8,critical
33.23,32.11,52.92,-0.07,critical
34.65,57.92,13.2,-0.76,warning
33.32,49.59,9.65,0.04,warning
33.55,50.39,50.02,-0.12,healthy
33.99,46.76,41.14,0.01,healthy
32.86,51.98,45.29,-3.61,critical
33.33,62.87,44.54,-0.38,warning
35.34,49.92,52.45,-0.14,healthy
32.93,50.61,46.59,-0.31,healthy
32.58,56.16,25.91,0.58,warning
33.74,52.78,31.08,0.6,healthy
35.38,68.65,34.16,0.29,healthy
34.26,54.02,14.48,0.27,healthy
33.94,57.01,50.57,-3.27,critical
44.12,60.66,61.7,0.23,critical
32.41,60.55,34.86,-0.3,warning
35.09,56.4,58.09,0.17,healthy
34.96,54.03,25.62,0.01,healthy
34.01,67.14,45.18,-0.09,healthy
35.71,54.4,47.45,0.16,healthy
33.15,52.35,16.84,0.42,healthy
29.51,51.12,41.9,0.86,critical
34.69,44.64,46.18,0.37,healthy
34.1,68.02,32.65,1.06,healthy
34.48,40.91,53.65,0.23,healthy
34.37,54.97,47.5,-0.96,warning
34.98,53.77,48.62,0.32,healthy
33.21,68.44,16.57,0.25,warning
33.58,44.01,41.72,0.08,warning
36.31,49.59,50.25,0.27,warning
33.79,54.18,16.53,0.32,healthy
35.58,53.81,11.18,-2.54,critical
36.54,48.04,30.56,0.43,warning
34.02,61.01,15.08,-0.44,healthy
35.32,47.44,20.35,0.43,warning
32.95,52.67,46.24,-1.74,warning
35.41,41.07,44.76,0.72,warning
34.74,54.85,51.22,-1.84,warning
35.07,51.4,42.14,-4.21,critical
33.73,61.1,32.92,0.59,healthy
32.51,65.53,15.08,-0.28,warning
35.1,53.01,43.4,-0.32,healthy
32.02,21.91,32.45,-1.51,critical
34.12,56.97,44.63,0.13,healthy
35.63,49.2,45.61,-2.47,critical
34.73,65.48,41.42,0.37,healthy
36.84,58.12,12.07,0.37,warning
35.73,55.03,28.86,0.12,healthy
33.72,62.93,11.06,0.17,warning
33.69,56.65,18.16,0.12,healthy
34.44,54.58,53.8,0.16,healthy
32.6,28.67,68.06,-0.4,critical
33.37,55.75,36.19,0.45,healthy
32.84,58.74,42.65,0.57,healthy
32.06,54.26,38.07,0.4,healthy
34.56,60.41,47.21,0.37,healthy
34.2,57.3,38.92,-0.25,healthy
32.49,49.73,47.83,-0.42,warning
34.99,79.58,51.65,-2.31,critical
36.91,54.06,32.76,0.16,healthy
34.77,51.85,19.32,0.22,healthy
34.11,57.02,27.06,0.24,healthy
35.21,54.08,42.43,0.25,healthy
35.32,51.31,41.76,0.41,healthy
34.87,61.32,42.71,0.11,healthy
33.51,55.89,41.88,-0.61,warning
34.83,49.95,40.05,0.43,healthy
35.93,55.11,42.34,0.38,warning
33.78,63.27,47.38,-0.37,warning
37.02,31.06,47.66,-2.65,critical
33.87,58.56,46.15,0.5,warning
34.54,50.49,39.26,-2.6,critical
39.38,61.16,12.6,-0.92,critical
36.35,68.91,18.41,0.33,warning
32.41,50.25,32.12,0.06,healthy
33.84,47.91,46.64,0.18,healthy
33.19,78.37,40.32,0.2,warning
34.66,60.25,54.26,-0.15,healthy
35.69,54.45,44.87,0.41,warning
35.28,48.68,45.53,-0.13,healthy
24.18,54.35,49.95,0.45,warning
36.95,58.59,42.02,0.54,healthy
34.85,52.56,61.77,-0.2,healthy
33.57,58.64,50.1,-0.19,healthy
34.69,61.99,54.32,-2.54,critical
29.16,56.44,42.79,0.75,warning
33.7,54.83,43.77,-0.09,healthy
29.47,59.98,53.12,-0.01,warning
33.77,56.84,52.11,0.28,healthy
36.33,49.27,32.51,0.41,warning
33.68,53.4,46.28,-3.08,critical
43.23,41.57,49.74,0.16,critical
34.68,50.18,43.7,0.03,healthy
35.2,65.98,48.79,0.28,healthy
35.12,68.03,12.4,-1.13,critical
42.07,52.88,13.97,-3.36,critical
34.89,55.55,12.08,-1.73,critical
33.86,53.87,17.71,0.22,healthy
35.51,71.87,42.56,0.99,healthy
38.01,47.35,15.3,-0.15,critical
33.42,44.34,44.96,1.08,healthy
33.34,57.86,36.75,-0.65,warning
35.8,47.16,40.33,0.33,healthy
35.63,65.55,48.29,0.41,warning
35.08,57.64,49.31,-0.19,healthy
35.79,50.06,66.88,-0.51,warning
33.44,53.55,40.22,-2.47,critical
34.92,53.27,61.71,0.58,healthy
34.35,58.15,36.4,-0.22,healthy
35.52,61.25,49.89,-0.51,warning
34.36,48.11,46.78,0.12,healthy
34.04,66.03,43.74,0.38,healthy
32.55,64.63,44.94,0.17,warning
35.55,49.75,38.77,0.39,healthy
33.7,31.38,54.04,0.61,warning
34.43,65.26,36.57,0.38,healthy
33.23,62.4,48.18,0.09,warning
31.5,52.98,52.56,-0.07,warning
28.38,59.89,58.84,0.46,warning
35.23,72.98,17.6,0.26,warning
34.81,55.63,15.27,-0.19,warning
32.16,51.2,38.62,0.67,healthy
34.08,56.03,17.77,0.25,healthy
31.84,56.48,33.61,0.41,warning
36.14,20.83,32.66,-0.01,warning
33.2,77.22,44.99,-3.59,critical
35.96,79.04,37.73,-0.48,warning
35.64,51.01,56.99,0.82,warning
33.42,66.91,16.62,-0.63,warning
33.14,44.47,45.94,-0.4,warning
34.92,60.42,42.35,-2.54,critical
33.49,42.93,30.96,-3.09,critical
34.62,64.99,55.89,0.02,healthy
33.92,52.01,51.95,-0.06,healthy
32.36,56.72,13.45,-0.16,warning
30.35,62.95,50.95,0.28,warning
34.77,41.29,37.41,0.13,healthy
33.83,53.52,37.6,0.5,healthy
33.84,58.48,49.52,0.18,healthy
35.34,49.77,12.42,-0.02,warning
35.07,55.84,48.86,0.46,warning
34.17,47.8,54.78,-0.58,warning
34.09,55.5,39.74,-0.88,warning
35.1,54.22,55.98,-0.49,healthy
32.87,50.17,40.81,0.01,healthy
34.77,54.74,16.31,-3.17,critical
35.16,55.95,41.34,-0.92,warning
35.32,62.05,8.22,0.15,warning
32.18,44.59,54.03,0.01,healthy
33.59,54.54,30.23,0.2,healthy
33.45,50.44,58.25,-0.61,warning
34.62,55.11,68.76,1.2,healthy
32.59,59.52,41.45,0.16,healthy
36.3,58.05,43.73,-0.34,warning
33.91,50.78,57.39,0.2,healthy
33.9,31.54,45.67,0.75,warning
35.88,45.82,44.96,-0.36,warning
34.86,43.36,63.97,-0.45,warning
36.02,47.34,31.46,0.1,healthy
34.85,54.8,9.74,0.14,healthy
33.11,59.05,14.82,0.43,warning
32.9,38.78,28.8,0.74,warning
39.73,62.94,41.27,0.46,warning
35.29,55.79,9.63,-2.23,critical
35.93,45.59,54.62,-0.28,warning
36.72,55.61,13.84,-0.17,warning
35.51,61.56,28.17,0.46,healthy
35.9,58.6,38.07,0.39,healthy
33.8,61.59,38.1,0.65,healthy
33.11,46.8,15.96,0.37,warning
35.52,52.52,34.02,-0.1,healthy
35.0,29.38,13.01,0.07,critical
34.63,65.31,38.06,-0.43,healthy
34.96,58.84,50.89,0.4,healthy
34.89,72.08,44.97,-0.1,warning
36.04,52.19,35.27,0.64,healthy
36.05,50.65,20.16,0.39,warning
35.15,54.14,20.2,0.93,healthy
35.51,63.27,9.8,0.32,warning
35.12,52.8,42.61,0.31,healthy
33.95,55.75,17.9,0.08,healthy
35.41,55.58,55.71,-0.0,healthy
32.83,55.24,15.42,-2.63,critical
35.76,51.09,12.13,-3.07,critical
33.07,54.18,38.13,-0.39,healthy
32.32,53.92,49.57,0.18,healthy
33.49,76.42,18.82,-2.98,critical
35.16,60.66,38.74,0.3,warning
34.46,65.56,34.59,-0.03,warning
32.59,49.96,17.08,0.35,healthy
35.0,52.65,37.8,-0.15,healthy
33.81,50.05,54.06,0.05,healthy
35.56,56.12,27.45,0.4,healthy
34.5,51.77,49.33,-3.51,critical
34.97,56.44,47.58,0.77,healthy
33.35,61.62,54.68,-0.04,warning
33.79,75.48,47.57,-0.08,healthy
33.95,57.95,41.21,0.64,healthy
35.53,52.24,36.85,0.0,warning
36.51,57.76,19.07,-2.59,critical
33.53,49.62,49.97,0.3,healthy
35.79,62.18,40.07,0.08,healthy
31.9,60.48,11.45,0.03,critical
33.07,58.41,40.54,-0.13,healthy
33.35,59.76,44.99,0.69,healthy
32.88,50.53,38.96,0.09,healthy
32.6,51.28,50.34,-0.77,warning
35.0,59.51,26.74,0.03,healthy
43.74,50.39,42.01,0.29,critical
34.96,63.67,13.79,0.73,warning
33.89,53.06,47.64,0.08,healthy
34.82,58.01,48.88,-0.2,warning
35.29,67.6,33.96,0.92,healthy
34.42,50.76,49.06,0.2,healthy
33.08,55.41,22.89,0.11,healthy
35.77,61.33,17.33,0.18,warning
33.79,39.13,39.89,-2.65,critical
33.38,53.03,55.49,0.13,healthy
34.29,51.9,47.01,0.45,healthy
33.4,53.6,47.42,0.64,healthy
34.0,63.69,33.34,0.01,healthy
34.91,53.33,53.43,0.23,warning
34.92,55.47,45.49,0.65,healthy
33.42,52.44,49.7,0.17,warning
39.65,59.23,44.09,-3.03,critical
35.79,55.93,17.87,0.32,healthy
35.1,48.98,36.13,-2.7,critical
36.99,82.73,43.47,-0.22,critical
35.92,43.01,40.8,0.57,warning
35.87,50.01,37.94,-0.92,warning
28.56,59.76,46.35,-0.12,warning
35.42,62.94,7.4,-0.41,critical
35.38,59.11,47.51,0.57,warning
33.84,58.33,14.49,0.7,warning
38.55,54.24,49.11,-2.27,critical
35.63,59.65,18.28,1.26,warning
35.1,56.72,14.08,0.7,warning
33.45,65.83,46.66,0.23,warning
35.39,76.52,56.83,-1.87,critical
33.73,75.07,15.56,-0.96,critical
30.51,60.24,41.81,0.04,warning
34.14,59.41,16.76,0.34,healthy
34.24,42.93,19.26,-0.13,healthy
35.42,60.58,17.43,-0.36,warning
33.25,54.23,47.55,-0.23,healthy
36.83,52.34,54.57,0.07,warning
32.31,46.1,10.96,0.34,warning
31.66,54.97,13.76,0.01,warning
34.94,55.2,22.67,-0.51,healthy
33.87,47.18,46.48,0.34,warning
34.38,46.16,47.12,0.66,healthy
34.43,57.92,34.13,-0.11,healthy
31.36,60.23,27.1,0.82,healthy
34.22,56.14,49.62,0.5,healthy
36.17,61.91,32.51,-0.27,healthy
35.51,54.48,65.61,-0.11,healthy
37.28,54.67,12.56,0.02,warning
33.34,35.76,58.52,0.08,warning
34.4,45.64,45.31,-0.83,warning
34.14,66.13,12.67,-0.15,warning
33.29,61.79,45.53,-0.07,healthy
38.17,46.64,55.06,0.91,warning
33.85,55.93,13.8,0.24,healthy
35.29,54.4,9.42,-0.17,warning
33.22,53.36,16.68,-0.03,healthy
30.48,52.55,43.46,0.32,healthy
33.42,57.29,40.91,-0.0,healthy
34.76,59.91,42.01,-0.08,healthy
35.45,57.41,12.0,-0.07,warning
33.82,54.28,57.14,0.34,healthy
35.52,54.06,13.9,-0.4,healthy
33.02,58.54,27.98,-0.28,healthy
36.24,57.78,69.85,-0.22,warning
34.52,55.44,51.72,-0.29,healthy
33.78,54.78,41.09,-0.18,healthy
34.14,57.07,16.7,0.51,healthy
32.05,52.19,54.34,0.56,healthy
33.8,59.93,49.92,-1.9,warning
33.6,48.54,40.23,0.24,healthy
34.23,52.53,51.67,-0.12,healthy
33.09,58.67,55.9,-0.68,healthy
36.68,48.2,27.8,0.21,healthy
29.09,45.56,47.24,0.27,critical
35.5,55.38,47.98,-0.12,healthy
34.75,44.82,47.66,-0.28,healthy
33.32,33.8,45.46,-0.36,warning
34.49,59.54,56.86,0.22,healthy
35.44,53.77,9.68,0.18,warning
34.27,62.71,11.53,0.63,warning
35.93,47.77,48.16,-0.97,critical
35.73,54.44,43.22,0.03,healthy
35.6,57.4,31.14,0.16,healthy
24.2,47.98,47.14,-0.07,critical
33.2,61.19,47.25,0.49,healthy
33.76,58.06,15.67,0.65,healthy
34.74,45.34,43.68,-0.29,healthy
35.15,54.77,16.87,-0.03,warning
31.89,57.32,5.0,0.68,warning
34.49,51.46,18.63,0.28,healthy
34.69,46.12,31.62,0.2,healthy
34.17,56.67,38.25,-3.17,critical
36.05,68.27,7.1,0.41,warning
35.01,52.68,33.45,0.31,healthy
36.07,64.42,49.78,0.24,warning
34.24,50.49,40.08,0.15,healthy
35.62,56.29,49.1,0.69,healthy
36.46,59.63,19.29,0.04,healthy
36.07,54.95,24.59,0.15,healthy
33.19,53.21,15.59,0.77,warning
34.2,59.36,40.07,0.28,healthy
34.09,66.35,27.16,0.12,healthy
35.09,56.8,12.99,0.4,healthy
35.32,42.44,34.52,0.24,warning
33.49,53.86,28.96,-0.15,healthy
35.14,70.12,48.69,0.25,warning
32.08,55.81,43.27,-0.17,healthy
36.23,51.43,48.54,0.88,healthy
33.89,48.13,50.21,0.25,healthy
34.57,49.81,52.56,-0.23,healthy
34.13,57.18,20.8,-0.01,healthy
35.88,58.93,35.2,-2.96,critical
31.09,52.62,5.0,-0.29,critical
34.48,54.91,47.22,1.24,healthy
34.37,47.98,66.9,-0.43,healthy
33.96,55.8,11.4,0.52,warning
36.57,57.89,15.74,-0.04,warning
33.44,51.79,22.59,-0.17,healthy
35.43,65.14,45.49,-3.75,critical
34.93,49.98,44.81,-0.03,healthy
36.01,56.7,40.65,0.79,warning
33.7,60.09,46.77,-0.41,warning
33.62,54.54,18.03,0.37,healthy
35.82,53.87,40.8,0.04,healthy
35.01,46.43,15.24,-2.34,critical
32.65,63.14,8.8,0.36,warning
33.85,53.98,36.2,-2.09,critical
34.96,58.22,35.36,0.24,healthy
35.51,59.04,49.48,0.59,healthy
34.16,51.23,16.06,0.34,healthy
27.47,53.81,16.65,0.0,warning
35.13,63.01,62.17,-0.42,healthy
41.98,48.3,35.34,0.35,critical
32.08,67.77,29.76,0.9,healthy
31.1,50.53,37.16,0.41,warning
25.99,47.92,9.13,0.61,critical
34.65,55.79,45.74,0.52,healthy
34.23,68.25,63.87,-0.01,healthy
36.17,43.53,37.32,0.19,healthy
35.26,54.15,47.36,0.5,healthy
36.44,57.86,56.28,-0.48,warning
32.83,55.2,38.41,0.41,healthy
34.46,57.29,10.41,0.65,healthy
32.56,50.69,26.68,0.13,healthy
34.22,51.4,62.59,0.48,warning
34.2,54.11,8.0,-0.07,warning
35.25,48.22,12.95,0.17,warning
34.55,54.73,53.3,0.04,healthy
42.09,52.67,58.13,0.33,critical
35.34,52.18,32.11,0.11,healthy
41.02,56.92,39.0,-0.52,critical
34.12,44.08,58.46,-0.14,healthy
33.37,53.63,45.67,0.93,healthy
34.8,68.9,49.36,0.38,warning
33.54,70.13,14.74,-0.69,warning
36.28,62.71,18.11,0.63,warning
34.16,76.9,50.13,-0.31,warning
33.82,51.38,46.06,0.51,healthy
33.93,47.08,23.98,0.67,healthy
35.36,55.84,51.4,0.19,healthy
34.31,63.72,52.29,-0.25,healthy
33.73,52.66,32.6,-0.14,healthy
36.5,54.51,33.28,0.4,warning
29.88,61.06,11.54,-0.3,critical
34.54,57.05,46.94,-0.08,healthy
35.28,45.57,16.79,-3.09,critical
36.44,55.59,18.08,-0.11,healthy
35.08,64.07,48.14,0.72,warning
33.23,54.78,11.45,-0.27,warning
35.49,38.55,39.16,-1.17,critical
33.34,64.43,43.53,-0.16,healthy
35.33,53.81,36.21,0.27,healthy
35.83,44.03,14.5,0.5,warning
35.53,44.92,16.25,-1.45,critical
34.8,60.85,38.32,0.04,healthy
34.22,41.77,33.44,0.14,warning
27.58,49.56,32.33,0.85,critical
36.27,54.79,8.69,0.3,warning
33.66,51.13,43.26,-0.05,healthy
33.26,67.09,16.43,0.97,warning
35.3,53.78,42.87,0.15,healthy
33.54,47.8,38.7,-0.68,warning
33.36,51.93,43.93,-0.4,healthy
32.77,57.66,45.35,0.37,warning
33.92,65.35,20.25,-0.56,warning
34.4,54.51,32.37,0.35,warning
34.79,66.62,53.92,-0.16,warning
35.64,59.39,12.53,0.62,warning
35.13,76.41,9.76,0.22,critical
34.27,54.0,14.54,-0.5,healthy
34.26,56.32,11.56,0.52,warning
35.11,52.41,47.68,0.7,healthy
36.03,59.67,53.95,-0.36,warning
34.65,54.34,37.77,-0.17,healthy
33.94,56.33,26.57,0.35,healthy
33.31,55.96,34.73,0.42,healthy
32.77,54.89,16.83,1.09,warning
35.3,71.01,15.92,-2.06,critical
35.19,51.0,25.64,1.11,healthy
37.21,50.95,39.48,0.16,warning
34.35,32.51,44.85,0.3,healthy
36.19,55.49,30.45,-2.5,critical
33.92,53.25,50.8,-0.06,warning
35.65,48.48,61.61,0.21,healthy
34.45,57.95,59.29,-0.08,warning
33.77,58.03,39.16,-0.88,warning
35.21,46.75,51.69,-0.65,warning
34.99,59.29,50.5,0.58,healthy
34.93,43.85,44.56,0.18,warning
34.6,50.76,46.77,0.18,healthy
34.45,50.37,51.83,-0.16,healthy
37.37,47.97,53.83,0.28,warning
35.92,44.51,36.88,0.81,warning
35.37,53.15,52.48,-2.88,critical
34.63,59.16,61.66,-3.41,critical
35.71,62.69,24.56,-0.19,healthy
35.12,51.72,60.36,0.86,healthy
34.53,45.3,19.16,0.57,healthy
34.14,58.82,50.96,-0.44,healthy
34.4,62.31,47.64,-0.55,warning
30.7,52.9,55.27,-5.4,critical
34.75,44.21,33.74,-0.05,warning
33.91,55.42,39.94,0.51,healthy
36.41,48.92,14.06,0.5,warning
34.52,50.66,34.4,0.29,healthy
33.07,53.19,12.82,0.09,healthy
34.44,52.97,44.83,1.1,healthy
33.24,55.85,43.04,0.16,healthy
35.07,51.76,50.73,0.12,healthy
41.29,28.21,33.84,-0.05,critical
35.65,57.37,37.2,1.03,healthy
33.55,55.09,14.1,0.44,warning
34.54,60.61,32.99,-0.26,healthy
32.86,53.87,57.31,-0.31,warning
35.34,54.53,37.01,-0.52,healthy
30.43,52.75,22.13,-4.04,critical
35.09,54.03,36.24,-0.45,healthy
34.5,34.6,52.04,-0.32,warning
35.0,49.7,28.91,0.58,healthy
36.43,59.65,59.09,0.51,healthy
34.16,48.5,10.38,0.75,warning
33.91,53.09,39.47,-0.44,warning
33.2,61.09,36.74,-0.25,warning
33.46,52.88,17.12,-0.1,healthy
34.62,72.6,29.74,-2.49,critical
35.82,51.45,45.35,0.18,warning
34.19,48.69,36.92,0.88,healthy
34.22,45.43,42.46,0.4,healthy
34.01,62.88,38.56,0.11,healthy
33.86,48.18,37.02,0.38,healthy
34.85,59.48,10.43,-0.54,warning
32.7,67.04,13.7,-0.67,critical
32.02,62.9,30.2,-3.39,critical
33.87,68.24,19.31,-3.13,critical
31.74,45.49,53.57,0.92,warning
32.98,48.49,54.69,-0.4,healthy
35.3,59.64,31.15,0.3,healthy
35.31,58.08,51.99,0.43,healthy
34.96,59.66,15.43,-3.54,critical
33.31,51.56,23.3,0.59,healthy
32.99,66.93,40.97,-0.1,healthy
39.17,55.71,43.64,0.48,warning
34.2,57.61,16.21,0.37,warning
35.74,53.48,12.25,0.62,warning
35.46,29.35,37.37,-0.05,warning
34.52,64.55,38.77,-0.32,healthy
33.33,51.04,15.6,-0.1,healthy
35.27,57.95,39.81,-0.28,healthy
34.52,57.86,43.67,-0.08,healthy
31.72,51.31,48.1,0.02,healthy
42.44,43.54,62.74,-0.21,critical
34.47,58.59,53.71,0.15,healthy
35.33,61.25,11.45,-0.32,warning
38.68,49.5,40.19,0.12,warning
30.69,45.73,6.89,-0.05,critical
34.83,59.82,53.01,0.1,healthy
34.85,45.12,44.84,0.31,warning
32.47,62.32,52.3,-0.02,healthy
33.33,49.57,36.18,-0.16,warning
37.81,48.38,12.21,-2.1,critical
35.52,56.49,43.25,0.56,healthy
35.38,48.77,40.39,0.66,healthy
33.72,47.53,41.33,-0.06,healthy
31.99,57.12,49.9,0.09,healthy
34.3,40.43,52.74,-0.53,warning
38.61,64.85,41.34,0.08,critical
34.02,55.26,48.44,-3.35,critical
35.4,47.24,48.41,-0.05,warning
34.82,48.9,52.38,0.58,healthy
34.32,60.95,54.87,-0.45,healthy
40.73,58.61,63.11,-0.21,warning
35.08,35.69,40.35,-4.21,critical
32.16,50.9,59.6,-0.52,warning
32.04,65.44,46.17,0.5,warning
28.58,57.56,34.05,0.26,warning
35.11,69.0,38.5,0.87,healthy
34.43,61.76,14.06,-0.25,warning
32.83,50.7,52.24,-0.56,warning
33.65,54.31,34.84,0.53,healthy
34.18,51.34,37.36,0.01,healthy
32.58,54.68,18.78,-0.04,warning
33.61,59.19,36.37,0.74,warning
39.38,45.08,26.2,0.22,warning
36.21,61.66,22.81,0.51,warning
34.0,48.16,41.18,-0.1,warning
35.41,53.16,47.52,-0.14,healthy
30.99,62.46,51.56,0.0,critical
35.29,56.97,31.38,0.42,healthy
33.54,57.04,31.55,0.17,healthy
34.87,47.92,14.81,0.34,healthy
35.53,48.74,45.03,-0.89,warning
36.08,60.65,55.09,-0.6,warning
33.45,51.47,52.18,-0.71,warning
35.25,52.03,41.32,-0.0,healthy
34.16,60.78,16.52,-0.41,healthy
34.31,48.7,36.56,0.83,healthy
34.28,56.62,12.87,0.14,warning
33.49,55.26,21.17,-2.86,critical
32.2,54.98,59.04,-0.29,healthy
34.42,51.89,49.94,-0.3,healthy
26.83,51.52,37.29,0.77,critical
34.6,48.53,37.39,0.86,healthy
35.46,57.9,14.13,0.32,warning
35.61,47.04,13.92,-1.76,critical
33.24,60.81,42.7,-0.02,warning
35.54,53.65,43.56,0.28,healthy
33.08,48.65,49.67,0.06,healthy
35.21,53.57,51.12,-0.7,healthy
35.24,52.53,45.99,0.89,healthy
32.21,61.05,20.98,-0.18,warning
39.77,52.79,14.8,-0.39,critical
33.94,53.34,38.95,0.14,healthy
33.59,63.47,51.52,0.62,healthy
36.12,58.05,51.19,0.36,healthy
33.72,64.98,42.51,-0.38,warning
33.53,62.55,68.6,-2.56,critical
34.59,49.68,60.62,-0.73,warning
31.76,60.94,57.4,0.03,warning
34.33,64.15,52.01,-0.04,healthy
32.35,36.59,10.7,0.36,warning
35.14,60.93,48.86,-0.12,healthy
31.89,60.81,26.95,0.54,healthy
33.86,53.18,34.49,0.41,healthy
33.83,49.98,42.78,-0.14,healthy
35.08,52.89,46.28,0.31,healthy
31.35,45.01,43.76,0.68,healthy
37.56,54.88,47.72,-0.23,healthy
35.14,53.3,23.97,-2.87,critical
34.68,62.75,50.06,0.06,healthy
35.92,47.61,45.62,0.01,warning
37.31,61.5,43.13,-3.29,critical
35.54,52.03,54.27,0.5,healthy
35.64,47.29,34.54,0.31,healthy
34.66,64.76,42.63,0.29,healthy
34.33,61.64,47.84,-0.07,healthy
33.93,56.27,36.47,0.28,healthy
33.51,55.2,24.97,-0.36,healthy
33.68,23.26,33.47,1.14,warning
32.88,38.58,14.61,0.69,warning
34.41,50.25,42.51,0.53,warning
32.48,52.53,44.82,0.31,healthy
34.73,66.76,38.41,0.31,healthy
34.46,71.03,22.59,-0.53,warning
36.4,30.53,46.37,-0.35,warning
33.87,57.87,7.45,-0.3,warning
38.19,51.9,51.38,0.17,healthy
36.13,50.21,37.52,0.04,healthy
33.01,50.61,8.16,0.47,warning
34.78,51.68,18.96,-0.24,healthy
33.77,67.91,40.99,0.56,healthy
33.28,65.84,46.28,-0.18,warning
32.89,59.48,42.68,-0.02,healthy
35.02,49.24,39.35,0.51,healthy
33.68,60.36,29.09,0.35,healthy
35.66,53.57,10.09,-0.35,warning
35.69,42.08,48.67,-3.81,critical
36.15,56.72,42.72,0.19,healthy
33.48,49.95,41.36,-0.71,warning
36.74,50.15,17.55,-0.19,warning
35.26,53.5,35.34,-0.01,healthy
33.93,52.01,45.45,0.21,healthy
33.57,54.79,18.3,0.69,healthy
36.43,54.51,43.36,0.0,healthy
34.77,43.75,9.82,0.33,warning
35.26,64.12,21.05,0.23,warning
33.51,49.1,57.87,0.43,healthy
33.04,49.29,47.17,0.82,healthy
33.82,45.09,46.08,0.42,warning
34.35,54.35,54.33,0.85,healthy
33.22,63.75,20.67,-2.5,critical
30.61,56.62,41.71,0.2,warning
32.47,44.78,32.76,0.28,healthy
33.16,56.65,54.35,-0.9,warning
35.31,56.39,48.36,-0.03,healthy
35.22,56.86,20.55,0.09,healthy
34.03,43.4,47.05,0.33,healthy
33.28,53.5,56.03,0.14,healthy
33.27,61.97,37.53,0.28,healthy
34.05,78.65,11.46,-0.38,critical
35.27,47.77,16.09,-3.23,critical
28.21,57.54,45.03,-0.32,critical
33.9,51.57,12.96,0.78,warning
33.12,67.29,68.28,-0.36,warning
39.81,46.88,53.2,-0.17,warning
41.57,78.62,54.14,0.19,critical
35.59,43.37,39.55,-2.52,critical
36.09,53.09,46.57,-3.57,critical
35.49,33.17,44.04,0.42,warning
34.69,61.42,59.08,-0.03,healthy
37.77,48.54,14.9,0.82,critical
34.75,58.98,58.29,-0.53,warning
35.78,49.36,31.98,0.01,healthy
34.05,65.56,58.99,-0.03,healthy
36.12,60.75,36.39,0.15,healthy
36.05,47.3,53.54,-0.34,warning
36.5,59.86,36.36,-0.08,warning
34.87,51.59,51.18,0.47,healthy
35.2,61.58,35.37,-2.19,critical
36.2,88.53,19.2,-0.28,warning
35.04,53.74,53.45,0.98,healthy
33.9,51.46,9.38,0.17,warning
33.96,59.94,17.68,-3.03,critical
34.79,62.57,15.64,0.46,healthy
32.95,51.8,35.77,0.12,healthy
37.24,48.2,9.87,-0.17,critical
35.82,59.17,34.29,-2.43,critical
31.87,46.31,10.23,-0.13,warning
36.34,40.22,34.24,0.3,warning
35.85,89.39,54.25,0.08,critical
34.8,52.51,50.58,0.56,healthy
35.15,46.98,28.04,-0.31,healthy
36.06,43.37,39.9,0.44,healthy
35.98,33.43,33.42,0.4,critical
28.19,55.28,15.35,0.05,critical
32.82,47.37,40.5,0.44,healthy
35.2,52.96,29.56,-2.46,critical
34.25,66.68,46.7,0.42,healthy
44.61,54.7,51.06,0.39,critical
33.63,57.06,16.17,-3.05,critical
36.6,49.32,42.35,-3.11,critical
35.75,46.82,35.98,-0.09,healthy
33.61,50.32,57.44,0.06,healthy
32.9,53.63,15.19,0.49,warning
34.04,56.6,37.78,0.4,healthy
35.02,53.91,44.49,0.55,healthy
34.79,55.29,42.92,0.59,healthy
35.64,21.69,51.88,0.06,critical
30.05,53.35,57.16,0.93,warning
35.66,57.22,57.24,-2.72,critical
34.89,58.32,41.18,-0.05,healthy
32.83,51.14,10.29,0.28,warning
34.27,50.4,15.06,0.34,healthy
35.77,51.35,60.27,-0.15,healthy
34.44,30.92,7.22,0.09,critical
35.1,45.46,50.92,-1.72,warning
34.12,56.78,49.23,0.21,healthy
33.26,60.63,54.26,0.47,warning
34.35,60.23,57.44,0.04,healthy
34.87,40.71,34.59,0.38,healthy
33.71,53.53,38.09,-1.55,warning
34.22,48.39,54.08,0.51,warning
33.37,42.44,46.48,-0.03,warning
35.84,52.49,22.73,-0.04,healthy
34.82,58.55,28.34,0.31,healthy
36.24,77.38,19.63,0.33,warning
36.33,43.62,53.39,-2.09,critical
34.4,49.2,8.71,-0.21,warning
33.29,55.03,55.99,-0.04,healthy
32.0,55.54,43.03,0.19,healthy
32.73,46.57,13.67,0.35,warning
31.79,43.33,39.4,-0.18,warning
36.15,55.55,32.77,-0.11,healthy
34.64,45.32,14.85,0.26,warning
29.44,44.99,26.31,0.12,critical
31.84,52.33,44.26,0.21,warning
33.06,52.07,50.87,-0.9,warning
35.56,49.73,31.53,0.03,healthy
34.84,50.78,14.33,0.49,warning
34.32,57.73,14.52,-0.1,healthy
35.18,50.68,51.69,0.34,warning
36.46,55.42,21.86,-2.86,critical
34.23,52.72,52.12,-0.48,healthy
34.58,56.01,26.82,-2.82,critical
29.6,29.55,42.9,0.13,critical
37.37,34.8,37.91,0.02,critical
41.67,48.42,41.39,0.49,critical
35.32,60.03,29.71,0.03,healthy
34.36,56.43,61.6,-0.1,healthy
35.18,52.4,32.13,-0.15,healthy
33.71,52.67,32.92,-0.23,warning
34.44,49.73,62.95,0.34,healthy
35.35,55.03,48.23,0.03,healthy
30.97,59.18,32.46,0.61,warning
35.47,72.56,43.71,-1.03,critical
33.48,54.78,42.64,0.52,healthy
