temperature,humidity,hive_weight,weight_change,rainfall,flowering_index,previous_yield,predicted_honey_yield_kg
28.98,26.38,26.09,0.456,18.85,0.42,19.4,24.8
25.17,42.09,29.95,0.579,34.48,0.071,23.64,32.7
29.89,48.8,27.46,0.349,23.1,0.866,26.4,38.59
35.14,83.32,30.62,-0.627,0.7,0.517,9.98,13.56
24.6,63.35,33.29,0.088,204.62,0.168,18.8,18.43
24.6,34.97,41.7,-0.312,31.37,0.584,17.76,27.23
35.48,62.29,32.43,0.069,25.67,0.267,11.62,16.93
30.6,31.79,22.31,0.542,123.71,0.683,19.59,23.77
23.18,71.24,44.12,0.272,6.78,0.688,10.99,35.8
29.26,47.93,28.3,0.609,8.39,0.605,20.29,34.64
23.22,53.6,34.53,0.287,66.01,0.622,31.04,35.46
23.21,74.89,38.57,-0.369,12.09,0.674,16.77,24.82
27.45,35.69,36.6,-0.858,64.22,0.439,17.43,13.94
14.52,34.04,43.75,0.21,12.67,0.875,26.5,43.99
15.65,46.25,38.83,0.064,1.35,0.705,25.56,35.4
22.63,70.58,28.11,-0.241,29.11,0.551,14.29,15.95
19.92,32.21,52.43,-0.53,8.76,0.752,22.13,25.81
27.89,12.52,36.55,-0.144,56.73,0.723,0.28,20.32
20.55,48.23,33.82,0.072,41.0,0.248,11.98,20.57
17.53,63.28,42.71,0.416,102.87,0.243,24.42,33.43
34.79,73.0,37.0,0.225,61.11,0.206,14.94,21.85
24.65,48.05,38.19,0.793,7.98,0.27,16.8,31.28
26.41,48.83,54.94,-0.264,64.41,0.603,12.45,32.06
17.45,72.31,32.8,0.502,41.06,0.958,11.49,36.11
22.73,26.95,32.46,0.169,44.22,0.485,3.02,24.19
26.67,49.17,35.93,0.428,71.41,0.513,15.82,34.57
19.09,57.86,43.57,-0.025,34.12,0.657,20.79,29.34
28.25,61.74,22.95,0.579,25.09,0.651,19.48,33.42
22.4,47.35,19.28,0.268,40.49,0.387,13.01,19.33
24.25,55.52,30.3,-0.122,14.15,0.395,9.43,15.35
22.39,17.68,21.93,0.145,8.06,0.559,15.76,15.6
37.11,45.13,31.6,0.054,38.35,0.363,10.03,26.23
25.92,61.8,39.02,0.346,10.66,0.409,13.39,27.41
19.65,40.27,27.87,-0.322,3.33,0.433,18.77,17.74
30.94,55.88,23.59,0.138,0.02,0.785,12.77,26.56
18.67,61.7,35.55,0.308,37.49,0.432,25.72,32.4
27.25,49.86,41.9,0.163,17.99,0.341,11.73,17.46
14.24,57.56,21.44,0.689,55.82,0.596,14.37,27.53
18.03,40.56,41.56,0.46,18.81,0.577,23.1,42.45
27.18,51.9,41.54,0.147,26.62,0.629,22.14,34.43
30.43,64.15,42.63,0.237,20.91,0.395,21.1,37.21
27.03,57.35,44.75,0.268,42.06,0.242,14.17,28.61
25.31,46.2,52.62,0.311,17.61,0.363,21.5,35.28
24.19,58.36,32.15,-0.58,132.71,0.604,22.75,22.45
17.13,65.72,35.88,0.029,110.05,0.622,20.65,28.37
21.68,24.25,31.67,-0.444,75.36,0.291,17.81,15.48
23.24,72.39,35.02,0.661,101.18,0.414,21.46,32.07
32.34,49.96,47.26,0.126,23.85,0.222,17.55,22.57
28.06,61.38,24.24,0.073,30.75,0.262,20.42,23.55
15.42,72.96,28.11,0.509,54.21,0.706,18.45,31.62
27.94,34.42,46.02,0.319,47.65,0.788,8.94,40.08
23.69,44.36,43.16,-0.301,88.54,0.124,14.5,18.43
21.94,50.67,32.09,0.122,50.4,0.469,30.48,26.92
29.67,43.24,41.84,0.016,246.34,0.585,6.38,20.32
32.19,81.02,37.73,-0.548,17.14,0.779,27.31,27.86
31.59,42.15,47.0,-0.126,71.59,0.13,21.75,23.05
20.96,46.67,35.6,0.077,47.84,0.605,18.21,31.13
24.14,58.07,43.21,0.104,47.03,0.637,7.92,30.62
27.99,36.97,56.14,-0.443,15.77,0.244,17.99,20.32
31.85,49.06,39.78,0.611,61.6,0.624,13.52,33.27
23.12,59.76,35.39,0.109,92.25,0.615,25.13,36.84
24.89,50.01,40.78,0.165,9.86,0.481,14.0,25.57
19.36,53.6,32.08,0.31,39.29,0.152,16.35,22.23
18.82,47.06,54.1,-0.165,19.91,0.821,19.48,36.5
30.88,32.28,36.44,0.333,182.44,0.815,14.13,26.3
34.14,59.82,32.82,0.003,26.07,0.18,23.75,22.2
25.57,81.32,28.31,-0.209,10.37,0.22,16.22,15.89
32.02,55.28,43.78,0.379,19.24,0.558,6.71,28.48
28.17,58.38,41.94,0.747,42.43,0.716,18.9,36.81
22.13,65.39,31.02,0.44,3.17,0.24,22.84,28.19
28.17,35.96,39.61,0.519,37.01,0.403,26.63,34.43
35.23,80.54,22.93,-0.058,107.08,0.475,21.32,23.7
25.79,58.03,36.48,-0.489,75.98,0.743,24.92,30.4
35.39,79.48,38.62,0.746,2.8,0.406,20.94,31.35
10.28,44.0,48.66,0.972,200.77,0.625,12.24,34.31
30.93,82.27,28.83,0.767,47.99,0.613,13.31,32.33
26.52,66.63,24.77,0.016,7.08,0.407,4.21,14.47
24.21,63.3,27.84,-0.312,0.5,0.853,16.7,19.78
26.55,58.51,24.31,-0.276,7.52,0.612,21.92,24.67
14.07,51.27,45.69,-0.523,72.85,0.261,8.53,16.06
24.68,73.01,47.39,0.107,0.88,0.748,25.76,41.68
28.14,57.11,37.56,0.792,10.62,0.492,17.38,40.27
34.87,25.49,44.77,0.093,56.64,0.514,12.62,23.59
22.89,38.24,36.07,0.271,35.29,0.104,8.5,22.36
21.15,52.21,34.24,0.7,61.07,0.614,27.97,36.81
22.99,59.65,32.34,-0.012,54.84,0.845,25.09,35.41
31.49,54.15,32.52,0.964,2.08,0.4,15.58,31.73
27.97,73.28,22.62,0.947,89.21,0.389,23.57,35.55
22.82,25.73,37.11,0.098,10.3,0.567,16.74,22.42
29.08,57.15,34.68,-0.081,32.24,0.969,14.37,33.14
26.58,27.73,40.96,0.429,41.35,0.712,14.08,32.22
31.81,66.4,35.75,0.011,7.39,0.562,16.61,27.94
21.79,53.58,33.7,-0.313,149.58,0.302,15.61,18.29
24.03,61.29,28.03,0.662,26.79,0.287,18.37,30.79
23.65,42.04,35.58,0.637,2.37,0.694,27.65,41.54
17.22,74.19,40.91,0.212,110.75,0.211,31.67,26.48
27.78,70.63,25.85,-0.355,35.3,0.171,10.78,16.17
27.57,63.75,35.7,-0.342,48.05,0.161,20.76,18.86
26.03,53.06,36.86,0.193,29.79,0.304,19.26,27.81
24.59,63.7,29.26,-0.05,72.01,0.613,21.18,32.35
17.51,44.4,30.3,0.014,1.35,0.37,15.3,17.09
23.48,67.83,36.84,0.559,12.5,0.467,21.26,34.53
23.94,79.74,25.93,0.443,25.37,0.123,9.72,19.36
21.19,71.06,37.8,0.701,3.19,0.873,38.29,48.82
25.03,44.06,27.84,-0.246,48.95,0.881,19.74,29.06
28.42,60.42,43.5,0.013,20.01,0.415,22.38,28.63
37.32,35.6,53.7,0.454,12.73,0.516,11.29,32.81
27.05,63.59,28.11,0.329,0.14,0.574,13.83,28.01
27.55,61.76,39.27,0.763,50.89,0.763,9.19,42.54
25.55,26.95,29.19,0.318,71.78,0.689,26.74,40.62
14.49,37.57,43.33,0.889,20.1,0.471,11.34,34.72
25.84,50.75,24.88,0.366,33.22,0.397,16.87,30.54
26.36,50.49,38.84,0.575,10.33,0.249,17.13,28.85
40.78,36.86,28.02,0.021,38.94,0.537,20.84,30.75
24.85,60.83,33.34,0.156,0.49,0.417,10.25,22.6
27.81,58.77,26.75,0.514,26.83,0.504,23.16,32.69
25.79,52.09,41.58,0.795,41.34,0.153,25.47,39.5
18.99,43.66,28.3,0.442,100.14,0.381,14.04,27.53
32.86,70.73,39.42,0.117,19.21,0.31,17.78,24.61
30.51,79.83,32.25,0.701,57.96,0.7,21.76,30.58
30.75,47.75,34.08,-0.727,36.42,0.562,19.53,21.15
20.54,45.82,36.18,-0.419,104.7,0.305,12.0,12.16
34.42,62.37,28.91,0.423,20.33,0.332,22.21,30.26
17.59,49.63,36.68,0.156,15.37,0.579,27.08,35.66
29.52,52.91,47.24,0.392,87.26,0.514,27.06,40.61
39.14,66.09,28.78,0.176,2.02,0.486,21.45,28.1
20.06,26.36,44.37,0.378,5.87,0.563,22.6,33.76
22.6,74.77,46.98,-0.176,3.44,0.725,15.66,34.91
26.6,56.09,28.47,0.378,74.09,0.394,12.5,26.32
22.98,48.83,23.36,0.548,0.43,0.227,17.59,23.99
16.7,53.66,37.42,0.638,79.12,0.629,31.59,45.88
26.41,54.44,30.62,0.955,24.01,0.424,14.81,32.64
19.63,29.03,49.95,0.248,0.16,0.649,20.61,28.83
28.84,77.42,35.28,0.26,20.54,0.774,20.27,29.86
20.48,55.62,28.58,-0.459,8.27,0.477,15.75,22.09
35.3,61.65,25.82,-0.063,39.17,0.395,26.9,24.51
21.3,69.27,43.72,0.073,45.5,0.061,27.53,28.19
24.07,39.68,30.43,0.57,26.74,0.248,34.0,38.37
30.88,62.1,35.35,-0.094,1.65,0.294,13.21,20.7
18.61,50.99,42.65,0.469,42.7,0.548,20.44,34.95
27.36,67.7,31.13,0.149,73.82,0.846,18.53,31.12
33.84,23.09,34.63,0.079,50.96,0.217,13.88,14.9
16.36,53.51,34.87,0.25,70.87,0.539,14.0,23.3
27.11,45.96,40.47,-0.006,8.95,0.423,19.0,28.61
27.56,61.48,39.73,-0.022,87.89,0.244,15.2,22.67
30.69,62.05,33.24,-0.532,15.56,0.659,12.12,20.6
18.58,44.39,35.51,0.051,0.54,0.759,18.74,29.81
18.08,44.32,32.03,-0.042,74.16,0.592,11.36,18.37
29.13,53.34,23.18,-0.056,113.77,0.635,15.2,23.18
27.78,41.55,37.06,0.317,42.63,0.558,20.17,33.75
27.5,67.63,50.14,0.413,10.53,0.443,17.19,35.71
28.08,49.46,27.93,0.243,11.6,0.75,16.46,30.88
21.92,11.4,28.82,0.548,25.14,0.245,28.85,36.91
27.39,49.38,28.03,0.38,91.25,0.3,26.42,25.7
27.76,39.42,40.8,0.032,6.48,0.046,18.49,18.83
21.71,30.53,38.59,-0.035,69.94,0.516,11.91,17.88
37.19,36.44,33.73,0.275,13.77,0.565,22.86,30.28
28.84,56.64,27.66,0.38,66.13,0.495,33.16,28.97
18.85,74.93,35.74,0.709,101.16,0.489,26.19,37.75
29.94,59.7,22.48,0.626,22.31,0.342,10.2,23.57
20.15,45.9,36.15,-0.067,18.17,0.353,16.81,20.63
30.72,61.84,41.97,0.109,64.82,0.524,13.6,30.08
32.95,48.11,24.99,0.418,30.16,0.314,12.44,22.97
21.08,44.58,22.74,0.577,46.14,0.218,24.81,33.18
31.78,37.68,47.64,0.526,39.0,0.48,24.68,41.11
28.48,28.72,30.11,0.124,6.64,0.328,28.65,27.41
30.93,49.15,44.09,-0.352,74.52,0.595,22.07,20.47
37.38,57.37,33.77,-0.25,8.72,0.822,17.73,29.17
24.53,53.55,33.7,0.259,107.7,0.389,19.13,31.69
21.48,48.76,38.51,0.287,11.54,0.696,12.57,35.99
20.66,40.81,27.93,-0.289,52.95,0.153,26.22,10.34
21.11,64.12,36.06,0.168,13.4,0.259,13.55,23.46
25.54,35.24,31.95,0.402,15.3,0.272,15.55,28.11
28.05,66.64,24.44,-0.31,14.84,0.538,16.18,23.1
27.66,39.97,37.7,0.592,55.12,0.604,0.0,30.3
30.96,43.71,32.89,-0.001,32.55,0.337,23.21,25.37
26.08,33.0,33.74,0.653,85.81,0.876,12.31,33.46
34.72,47.48,25.32,-0.063,14.69,0.731,22.14,25.88
24.41,69.63,47.73,-0.261,47.11,0.423,15.31,27.05
42.32,62.73,42.01,-0.033,55.93,0.482,15.26,26.67
29.75,69.68,42.71,0.112,6.57,0.524,11.34,21.75
20.86,62.83,32.56,-0.005,20.47,0.424,26.33,28.76
19.57,38.44,21.17,0.064,26.37,0.08,27.67,14.15
28.89,50.04,50.62,0.284,17.58,0.469,24.0,38.76
24.66,43.3,34.51,0.082,15.55,0.05,19.59,17.51
30.28,74.96,29.01,0.124,46.39,0.878,18.81,26.16
28.84,37.05,38.33,-0.534,9.73,0.658,24.52,32.41
25.56,68.41,44.34,0.307,49.43,0.367,17.25,26.85
20.92,68.39,34.82,0.114,109.36,0.845,25.91,33.2
16.91,82.44,45.23,0.794,33.31,0.894,12.22,40.51
23.32,48.85,43.66,-0.226,37.81,0.322,23.89,19.86
31.14,65.68,26.39,-0.573,2.86,0.669,25.71,24.56
27.28,89.22,29.61,0.397,79.94,0.733,11.41,26.64
18.53,45.74,42.66,0.289,13.44,0.426,12.97,24.52
27.04,31.97,13.3,-0.253,38.19,0.135,17.73,13.42
28.31,26.8,33.8,-0.462,154.74,0.494,20.54,14.63
20.7,65.69,23.55,0.765,36.2,0.533,14.29,31.52
26.92,26.75,31.19,0.716,51.6,0.661,18.55,36.2
26.35,49.42,32.61,-0.845,23.57,0.295,5.6,7.96
19.14,61.56,32.13,-0.033,2.49,0.346,22.59,23.62
28.15,57.78,30.58,0.816,63.9,0.119,22.87,32.32
29.36,61.38,26.22,-0.04,1.43,0.607,27.13,20.52
32.5,58.33,53.34,-0.046,48.25,0.789,21.44,34.75
32.32,74.18,49.94,0.037,0.93,0.624,15.78,28.28
17.73,40.72,25.7,-0.298,79.31,0.15,11.91,13.99
20.37,44.85,47.66,-0.532,6.86,0.289,13.12,18.9
29.09,43.41,31.8,0.571,28.88,0.423,17.47,30.82
29.08,67.45,36.03,-0.587,36.37,0.743,12.92,27.6
29.09,68.51,34.49,0.249,24.47,0.926,13.39,26.34
45.0,61.77,29.72,0.505,16.67,0.25,17.77,27.9
29.43,72.75,42.87,-0.43,25.23,0.588,8.33,20.62
32.81,37.33,36.01,-0.22,14.92,0.667,12.06,19.98
31.72,80.01,31.19,0.635,23.06,0.131,19.31,24.54
29.91,77.85,24.56,0.363,17.78,0.266,19.6,21.74
24.11,66.03,27.85,-0.097,33.41,0.811,23.19,35.36
30.55,81.73,21.87,0.631,10.87,0.083,18.93,23.12
21.36,30.15,35.1,0.633,179.16,0.178,18.19,28.23
24.58,47.13,25.43,0.258,27.8,0.885,21.82,31.67
23.09,43.97,32.88,-0.21,8.63,0.529,19.14,24.38
26.49,65.82,45.96,-0.015,25.93,0.222,12.17,27.13
39.89,39.25,44.59,0.265,80.52,0.35,13.2,29.52
14.8,66.36,34.74,0.075,0.88,0.594,28.06,26.18
30.12,75.56,34.3,0.526,45.52,0.714,37.3,46.58
16.32,65.43,50.04,-0.462,31.76,0.764,22.42,30.02
23.17,59.26,39.17,-0.448,7.43,0.192,11.95,16.67
32.53,40.18,32.38,0.222,68.04,0.489,29.39,30.29
26.39,42.3,23.59,-0.047,18.41,0.3,15.42,23.6
19.53,73.74,38.15,-0.101,13.91,0.226,20.55,22.94
21.71,66.69,41.63,-0.557,70.44,0.455,17.88,18.97
30.08,54.41,29.95,0.158,40.7,0.573,19.12,26.8
21.62,48.73,37.33,0.129,91.41,0.296,15.36,27.31
27.3,24.61,32.09,0.411,39.76,0.274,25.79,32.55
26.27,38.94,33.53,0.178,54.01,0.395,16.89,26.81
22.09,83.67,15.1,0.097,72.42,0.795,21.68,24.28
38.86,35.79,33.23,0.621,2.25,0.475,21.55,34.72
29.8,57.84,42.75,-0.375,59.85,0.245,17.34,19.0
13.85,70.11,29.95,0.365,38.05,0.748,8.97,24.28
27.12,36.18,35.42,-0.518,2.88,0.432,13.04,25.81
22.03,57.77,28.95,-0.185,28.42,0.488,22.27,25.38
31.11,69.07,37.88,-0.335,3.44,0.493,19.84,22.97
21.24,55.19,33.27,0.463,53.26,0.242,13.11,23.97
25.31,98.03,27.49,0.124,31.63,0.224,18.26,19.57
29.03,29.97,45.66,0.145,122.8,0.076,19.26,29.09
31.19,70.88,42.43,-0.293,8.09,0.056,21.5,22.39
18.8,52.41,30.16,0.03,37.26,0.646,28.92,29.4
23.99,66.58,38.98,-0.155,9.51,0.377,4.3,16.88
23.15,61.62,39.3,0.303,38.08,0.012,25.26,23.27
22.08,44.0,40.14,-0.246,51.3,0.879,19.3,32.36
36.59,58.43,21.45,0.682,51.25,0.821,11.82,16.62
28.43,27.13,43.05,-0.52,67.51,0.421,18.99,16.24
18.43,64.05,30.44,-0.173,76.84,0.774,26.68,30.07
31.51,59.47,32.14,0.821,3.22,0.76,28.47,34.19
38.73,64.58,56.1,-0.024,16.82,0.546,11.87,37.05
32.19,70.87,37.41,-0.376,46.48,0.226,12.91,12.34
16.88,60.51,31.91,0.238,27.61,0.471,10.24,24.75
23.09,57.22,17.36,-0.04,8.46,0.391,19.4,23.54
33.6,41.78,46.12,-0.184,32.18,0.303,19.69,25.66
21.75,44.32,24.24,-0.288,20.93,0.614,23.92,23.25
28.66,72.8,26.97,1.257,19.77,0.7,20.65,40.63
30.65,76.55,32.35,0.049,66.38,0.541,23.36,23.65
20.44,51.43,46.33,-0.62,20.94,0.159,9.68,12.15
25.64,55.69,41.19,0.747,1.07,0.241,28.52,39.72
6.55,41.43,33.74,0.394,2.39,0.879,25.78,35.36
19.85,72.59,37.47,-0.157,77.59,0.092,14.82,13.41
24.48,64.98,30.2,-0.223,129.36,0.507,13.28,23.37
18.51,84.12,36.12,0.419,46.64,0.373,22.48,25.05
35.79,41.83,35.59,0.051,18.13,0.575,8.63,24.4
17.42,49.33,42.75,-0.62,111.61,0.697,13.59,24.07
23.36,58.47,42.74,0.865,43.48,0.624,11.83,40.01
26.78,64.7,38.95,-0.024,74.4,0.75,17.42,37.49
34.65,51.76,32.1,0.748,58.07,0.61,15.34,35.36
17.38,41.91,40.93,0.661,19.07,0.566,13.29,38.61
32.98,68.22,34.26,-0.25,26.06,0.658,12.7,12.75
26.06,65.82,26.34,0.563,8.24,0.777,14.17,36.47
20.11,41.26,31.77,-0.111,13.81,0.505,10.86,21.95
28.77,75.33,35.68,-0.597,60.23,0.776,21.26,26.67
27.19,72.55,42.28,-0.02,89.76,0.745,24.76,37.63
22.4,57.01,33.53,0.309,51.56,0.23,20.41,25.39
26.42,56.19,25.33,-0.035,25.03,0.265,26.3,26.65
23.69,63.31,35.45,0.027,3.62,0.632,12.96,32.97
26.68,42.07,35.91,0.607,2.35,0.822,13.51,30.54
29.97,55.45,36.49,0.193,18.76,0.345,20.65,32.56
35.52,22.71,42.36,-0.187,24.93,0.516,21.43,25.42
18.57,68.15,43.15,0.431,37.57,0.636,18.09,33.1
38.8,31.58,30.25,0.229,0.26,0.057,17.85,13.24
14.29,77.55,30.07,-0.859,183.11,0.607,11.6,9.17
25.09,50.05,26.68,0.321,18.1,0.313,2.04,23.72
29.53,51.82,40.59,0.307,75.38,0.524,21.35,32.85
27.69,45.58,46.59,0.158,30.63,0.111,23.89,32.01
22.26,50.68,32.48,0.507,5.59,0.29,15.38,27.24
24.75,76.28,33.07,-0.119,63.89,0.569,14.69,18.13
23.04,17.68,46.73,0.285,49.49,0.465,14.05,29.83
22.46,74.15,39.04,-0.477,29.98,0.353,15.75,16.1
31.1,60.07,38.49,0.313,28.91,0.489,24.04,30.24
28.14,36.89,25.47,0.931,3.66,0.631,12.39,31.87
21.84,38.87,40.43,-0.248,42.67,0.528,21.87,25.98
31.4,80.15,27.57,-0.154,96.88,0.232,15.01,18.63
27.84,40.82,25.93,-0.134,3.92,0.178,6.04,11.45
30.88,37.7,32.23,0.202,12.23,0.706,15.94,24.25
29.78,72.06,30.31,-0.275,93.04,0.551,27.84,30.24
21.03,60.08,33.23,0.318,13.38,0.602,13.89,30.39
22.64,40.93,23.47,0.489,42.45,0.403,16.58,27.01
30.48,58.25,42.67,0.364,30.61,0.659,18.05,39.03
29.66,39.61,44.02,-0.557,36.29,0.619,19.18,24.85
25.87,71.51,19.42,0.548,21.5,0.378,27.25,28.45
26.7,70.92,42.83,0.525,14.27,0.696,13.24,37.74
33.67,62.98,28.52,0.482,1.99,0.209,18.06,26.54
22.45,60.42,41.86,0.299,54.55,0.734,22.55,39.57
29.28,81.42,34.45,0.238,54.83,0.78,13.72,33.48
24.79,55.0,35.23,0.563,44.43,0.548,18.44,35.65
24.69,37.27,33.52,0.919,41.27,0.36,23.89,34.2
32.59,61.74,44.7,-0.231,11.17,0.859,14.88,28.04
30.95,86.29,25.08,0.581,0.9,0.4,16.96,31.02
30.88,39.78,39.86,0.116,66.16,0.187,11.09,21.23
33.83,49.58,43.81,0.098,27.02,0.706,23.68,31.5
26.13,61.25,40.73,-0.465,14.66,0.73,18.95,23.36
30.09,54.19,53.6,0.036,4.3,0.327,15.45,24.98
24.14,40.27,30.77,-0.249,2.59,0.444,16.15,23.05
27.94,71.83,42.66,-0.036,17.16,0.464,17.95,29.14
25.22,89.8,34.15,-0.289,65.34,0.645,20.01,31.64
26.58,57.94,44.87,-0.03,100.4,0.821,14.08,35.35
29.57,41.44,34.94,-0.012,90.82,0.339,14.56,24.11
21.09,31.77,31.9,0.189,101.03,0.364,16.42,30.46
38.55,58.87,45.45,-0.496,95.32,0.262,18.91,15.37
19.96,71.56,31.07,-0.428,29.97,0.901,27.64,24.03
18.71,62.13,23.7,0.295,9.91,0.592,13.18,26.16
32.95,54.96,30.87,-0.169,63.99,0.397,8.08,15.74
30.75,46.16,39.95,0.58,9.62,0.352,26.4,37.26
29.74,38.62,46.14,0.24,12.44,0.244,12.73,30.73
29.77,67.52,35.89,0.393,10.62,0.858,26.81,43.07
25.93,68.71,45.55,0.714,28.94,0.472,25.46,47.59
20.62,31.81,24.13,0.026,15.53,0.338,21.27,17.54
26.45,78.85,31.45,-0.08,6.7,0.771,25.29,34.55
21.94,63.61,32.69,0.499,24.14,0.377,7.01,21.99
31.85,75.99,34.08,0.354,82.83,0.581,9.89,32.5
25.12,34.87,35.67,0.075,33.81,0.268,19.7,26.57
21.05,34.51,40.53,0.707,84.26,0.402,15.68,35.08
24.07,52.77,31.44,0.065,8.72,0.469,13.29,21.92
28.48,62.54,36.11,0.163,7.31,0.469,22.85,28.78
22.62,81.95,34.64,0.158,34.28,0.297,19.55,26.47
21.07,65.59,27.59,-0.224,24.89,0.761,24.3,33.59
27.46,51.36,34.09,0.181,43.17,0.519,15.77,33.96
27.47,39.6,33.85,0.709,63.32,0.475,17.9,35.63
22.96,73.45,33.68,0.328,55.66,0.452,27.24,31.6
23.17,40.53,35.25,0.162,114.07,0.788,10.3,30.7
27.39,79.43,35.61,0.085,20.32,0.638,17.48,33.61
17.31,50.73,31.54,0.282,9.25,0.257,12.75,22.14
17.56,78.86,45.18,0.45,32.02,0.642,28.17,38.81
21.69,65.18,25.64,0.394,4.69,0.322,32.43,33.61
24.72,52.95,29.23,0.017,13.63,0.869,19.26,30.69
27.87,47.21,57.24,0.28,9.32,0.483,20.96,37.73
34.85,49.89,26.7,0.342,20.2,0.65,17.38,28.22
31.15,61.42,24.17,-0.253,4.72,0.483,17.15,20.81
25.04,56.16,40.88,0.217,1.29,0.151,18.5,26.08
25.89,46.09,18.38,-0.715,42.78,0.38,9.91,7.4
19.98,52.52,33.12,0.343,37.69,0.539,21.96,32.52
25.89,56.18,52.17,0.414,49.29,0.66,12.09,37.15
24.27,23.07,22.64,0.449,43.2,0.794,15.88,35.75
27.94,61.87,19.14,-0.008,4.85,0.253,18.2,23.91
21.04,40.3,23.01,0.274,13.76,0.359,13.43,19.53
29.12,37.7,42.19,0.72,5.55,0.978,21.59,43.06
35.2,29.69,44.0,0.716,74.05,0.086,15.15,26.82
25.35,28.09,30.9,0.138,54.96,0.521,24.39,31.32
28.41,34.67,40.47,0.206,9.0,0.195,12.77,23.14
30.14,44.36,46.12,0.594,16.7,0.192,17.0,27.6
23.59,84.3,49.3,-0.45,135.99,0.76,11.57,24.73
27.34,47.11,33.03,0.021,36.07,0.525,23.89,31.11
26.08,57.67,16.59,0.684,64.61,0.659,16.13,34.42
26.59,61.01,28.43,0.54,12.29,0.272,14.66,32.59
21.36,56.97,31.59,0.298,9.43,0.77,16.86,30.69
26.15,53.84,32.93,-0.452,61.28,0.661,17.34,21.52
28.99,37.07,33.5,0.13,46.32,0.523,20.43,27.8
34.71,76.76,43.95,-0.086,45.7,0.246,21.23,21.02
31.76,82.11,45.2,0.282,32.18,0.768,17.09,33.13
38.92,29.76,33.63,-0.174,33.17,0.197,17.77,13.67
21.4,39.64,43.79,-0.26,53.23,0.594,0.0,20.33
31.23,50.8,37.86,-0.676,12.59,0.143,15.29,9.52
27.1,40.53,35.52,0.639,17.4,0.871,26.58,46.86
39.14,62.59,42.25,-0.01,82.12,0.482,20.69,31.42
21.15,44.08,35.58,0.213,14.78,0.166,11.56,16.81
20.96,87.48,51.46,0.149,31.61,0.146,15.67,21.54
22.4,72.86,23.49,-0.277,48.51,0.753,14.42,19.02
13.26,58.19,30.88,-0.354,300.0,0.407,24.42,9.54
22.85,70.4,33.99,-0.252,22.86,0.193,23.81,25.25
21.45,71.59,38.52,-0.139,22.35,0.174,13.31,18.15
26.9,46.54,45.14,0.297,73.96,0.172,18.06,30.8
28.05,42.76,34.8,-0.168,65.49,0.363,11.2,20.94
37.26,56.17,23.62,0.849,52.53,0.06,14.24,19.8
31.7,67.92,41.74,0.561,24.89,0.498,14.46,32.28
22.54,57.09,41.04,0.473,15.66,0.242,13.79,28.68
20.61,31.35,19.47,0.102,37.53,0.764,20.2,27.35
28.95,42.96,34.97,0.756,83.57,0.456,26.09,33.36
18.08,53.89,22.28,0.063,86.09,0.176,17.64,14.81
36.99,53.87,29.68,0.137,4.59,0.931,11.67,28.19
33.08,84.59,27.78,0.218,22.37,0.472,19.25,23.17
23.18,34.21,41.47,0.431,25.0,0.147,19.26,23.81
15.72,62.58,35.93,0.405,151.98,0.769,16.87,29.53
34.12,77.34,24.72,-0.04,45.33,0.861,29.15,26.18
25.31,89.07,42.04,-0.063,20.92,0.522,19.46,33.37
33.43,48.93,23.53,0.406,1.06,0.193,21.44,22.02
16.43,62.37,37.64,0.436,33.33,0.858,4.55,30.3
22.4,63.55,28.49,-0.007,4.04,0.258,12.22,14.19
26.03,57.93,32.07,-0.485,71.94,0.462,21.08,22.4
26.28,53.52,39.03,0.067,55.86,0.322,19.7,30.45
23.3,61.54,39.17,0.399,24.69,0.421,15.73,27.59
29.74,17.02,45.7,0.872,22.43,0.672,20.72,39.79
19.59,65.23,34.34,-0.329,91.05,0.842,23.56,27.2
25.15,56.89,37.45,-0.021,13.61,0.889,15.16,27.6
26.72,51.66,31.5,-0.006,11.46,0.574,14.26,26.74
29.09,85.7,36.46,0.692,112.0,0.35,16.46,33.49
30.27,44.88,38.52,0.136,66.27,0.715,20.99,28.66
19.25,48.95,34.21,-0.213,68.73,0.35,14.56,22.27
16.8,84.87,20.57,0.373,8.69,0.404,23.12,27.18
33.67,42.52,37.65,-0.012,6.19,0.172,15.11,9.64
27.99,46.75,37.92,-0.34,1.05,0.637,14.64,20.2
21.51,52.79,29.56,-0.207,10.82,0.77,32.08,30.26
35.31,67.61,24.72,0.844,59.52,0.597,10.59,31.52
26.69,58.12,46.81,0.304,10.98,0.305,22.69,35.79
33.08,35.61,38.93,0.193,52.24,0.186,7.16,15.98
26.41,47.02,33.17,0.05,11.61,0.625,21.95,36.43
38.36,45.89,25.9,0.267,20.12,0.332,34.15,26.48
36.53,53.84,28.43,0.262,163.37,0.624,24.34,25.86
24.51,61.39,45.42,0.267,11.23,0.727,26.03,36.74
31.83,61.27,36.1,0.196,18.89,0.411,17.42,26.44
29.87,28.36,30.6,0.498,14.33,0.705,23.65,38.58
34.21,70.96,39.08,0.159,4.64,0.876,19.49,31.18
20.21,58.79,28.48,-0.241,26.93,0.687,30.16,29.97
30.12,75.77,47.01,-0.095,19.04,0.777,11.36,30.58
32.35,61.66,45.82,-0.642,47.48,0.616,25.12,26.85
15.45,71.52,31.27,0.961,68.06,0.628,20.57,38.76
18.9,62.0,29.97,0.495,31.43,0.075,12.52,24.19
13.76,75.19,14.05,-0.182,1.31,0.751,16.35,17.89
24.38,62.83,23.15,0.037,38.59,0.23,8.39,18.63
30.31,53.53,24.28,-0.105,2.28,0.587,0.0,10.7
35.01,89.09,36.08,0.767,38.32,0.653,10.8,30.96
26.44,68.34,32.39,-0.418,46.21,0.737,15.67,19.81
35.77,63.61,24.24,0.196,8.81,0.642,18.49,27.57
17.72,35.86,32.75,0.107,68.45,0.289,10.14,22.84
15.78,35.68,39.04,0.481,96.8,0.276,16.1,25.88
25.67,59.39,39.22,0.108,67.08,0.611,19.42,33.57
28.3,57.18,19.8,-0.553,14.56,0.676,14.54,10.87
25.8,45.79,33.97,0.05,35.34,0.454,11.51,24.01
13.6,57.11,23.93,-0.239,98.52,0.673,13.61,12.32
25.47,78.83,42.21,0.182,15.47,0.125,26.02,29.25
18.17,65.43,41.27,0.724,68.6,0.823,7.64,29.65
30.02,37.88,27.82,-0.546,0.38,0.621,24.93,27.43
28.2,53.33,28.87,-0.17,0.15,0.655,26.19,28.49
20.36,42.93,31.31,-0.071,57.04,0.669,15.86,24.95
22.92,49.18,16.98,-0.003,57.33,0.644,20.76,30.52
19.64,48.8,37.69,0.446,62.23,0.109,13.31,24.47
25.62,47.84,32.82,0.081,106.39,0.4,19.61,20.72
31.73,36.17,42.76,0.316,5.02,0.43,31.36,35.13
20.09,53.09,26.21,-0.1,10.56,0.128,25.63,26.43
29.02,46.59,30.05,0.242,93.62,0.751,14.98,26.82
22.82,11.06,22.95,0.461,7.8,0.622,10.08,22.63
21.24,85.79,26.97,-0.143,45.86,0.39,16.24,23.57
25.36,71.33,25.54,0.463,30.24,0.695,19.64,30.02
19.79,49.36,42.97,0.171,3.47,0.667,22.33,34.65
22.68,55.28,29.41,0.568,13.43,0.173,17.34,31.19
18.81,37.43,35.99,0.069,29.39,0.538,28.72,29.68
37.79,80.44,31.95,0.302,76.52,0.162,18.2,18.31
26.21,83.46,24.84,0.134,49.18,0.189,15.15,12.02
21.8,57.35,33.65,0.112,38.9,0.318,21.15,22.35
27.28,70.35,39.79,0.254,27.41,0.355,22.2,28.02
25.33,57.63,25.34,0.365,14.19,0.375,13.42,23.15
24.67,34.95,41.47,-0.35,5.08,0.331,12.37,20.47
29.69,48.82,28.2,0.723,21.04,0.5,8.15,28.21
30.55,56.98,31.14,-0.594,1.16,0.547,16.27,13.4
22.82,48.18,39.25,-0.124,9.48,0.812,25.3,39.2
22.55,51.72,29.69,0.112,22.66,0.638,22.0,26.21
24.35,53.63,35.3,0.315,21.69,0.528,24.74,40.9
12.19,53.79,32.48,0.78,1.81,0.764,14.07,35.2
16.91,55.78,36.03,-0.593,35.57,0.262,17.02,18.39
34.2,39.09,15.95,-0.053,31.91,0.647,6.57,16.56
35.87,44.24,20.36,-0.701,3.25,0.36,24.05,16.88
24.51,35.73,39.93,0.163,114.7,0.752,26.06,36.82
29.46,69.67,43.3,0.259,4.19,0.629,11.6,30.07
27.87,23.42,27.72,0.786,77.2,0.305,27.75,35.11
44.47,72.3,33.05,0.198,0.01,0.815,16.59,26.82
32.72,75.8,37.36,0.568,85.58,0.668,11.5,33.76
25.23,50.47,40.55,0.384,0.8,0.443,16.1,37.32
20.27,15.95,18.78,-0.024,56.72,0.185,21.77,9.55
16.36,49.58,27.91,-0.414,17.96,0.517,17.68,17.42
27.22,54.04,32.34,0.26,53.61,0.677,14.53,38.49
21.46,39.84,40.63,-0.447,20.55,0.752,21.55,26.44
17.47,47.27,54.99,0.668,2.94,0.524,22.11,45.77
22.12,77.95,33.18,0.085,58.36,0.398,16.96,27.15
19.51,64.97,23.74,0.628,2.96,0.86,15.86,28.4
36.12,41.13,38.22,-0.042,102.1,0.466,14.73,23.9
31.29,31.04,45.57,0.258,2.09,0.504,20.87,33.9
25.95,50.09,35.86,0.234,26.11,0.312,8.37,34.6
34.88,51.8,27.75,0.132,51.35,0.737,13.42,16.82
26.46,62.44,42.66,-0.023,19.99,0.663,17.03,25.97
20.83,46.97,40.31,0.307,9.8,0.209,13.27,24.16
35.14,62.67,26.79,-0.22,56.93,0.767,19.52,23.09
29.23,84.03,38.05,-0.334,61.35,0.825,18.98,24.86
19.78,67.23,42.98,0.647,102.4,0.564,32.88,40.61
24.86,54.28,44.46,0.441,18.87,0.325,13.43,33.7
20.75,52.25,34.47,0.176,28.23,0.738,17.93,28.85
17.7,49.65,32.14,0.816,18.05,0.633,12.26,31.66
31.56,72.71,44.82,0.043,11.89,0.098,29.64,32.0
37.46,45.59,25.32,0.679,55.62,0.548,28.21,37.54
17.61,55.68,38.51,0.22,16.6,0.276,8.59,20.16
29.38,55.77,24.04,-0.26,22.36,0.851,17.01,19.59
22.1,47.47,43.52,0.889,20.68,0.406,18.22,41.79
23.08,34.41,32.94,0.546,49.88,0.413,15.96,26.41
22.45,59.84,45.15,0.102,99.94,0.109,15.1,28.47
20.82,54.08,38.93,0.441,43.96,0.547,22.63,37.43
26.29,62.5,25.21,-0.011,25.51,0.713,28.73,31.09
21.01,47.0,46.4,0.482,60.42,0.555,22.84,40.5
27.62,73.31,47.41,-0.806,40.97,0.168,23.18,11.71
25.7,41.85,42.06,-0.258,2.5,0.21,15.87,26.02
24.57,80.68,28.91,0.542,4.02,0.562,24.1,33.21
20.55,28.79,32.55,0.05,1.55,0.734,24.08,31.4
22.54,61.52,36.16,0.233,24.41,0.539,15.15,27.05
30.53,62.13,29.37,-0.389,69.91,0.302,16.6,15.47
29.01,43.07,48.54,0.889,15.02,0.699,8.55,46.06
20.13,61.37,36.15,0.626,19.39,0.379,9.88,27.43
26.6,74.19,13.37,0.07,96.09,0.63,15.4,19.01
30.51,21.75,37.71,-0.012,72.54,0.157,11.58,20.15
15.98,62.54,32.21,0.562,43.75,0.705,22.83,37.07
29.26,17.6,34.4,0.943,12.41,0.445,17.05,40.25
22.02,40.52,32.05,0.532,4.98,0.674,21.2,28.16
29.42,79.44,41.46,1.019,0.65,0.722,10.68,38.31
21.42,46.27,43.96,-0.219,4.53,0.384,25.79,23.24
15.17,37.39,37.26,-0.178,13.85,0.519,20.94,28.64
16.23,52.03,32.29,-0.326,32.1,0.932,20.43,23.41
26.29,86.02,34.67,0.327,2.65,0.517,23.68,33.65
27.56,27.52,35.16,0.22,5.86,0.444,19.91,23.94
20.57,39.23,28.58,0.089,7.99,0.835,11.92,24.81
29.83,77.46,39.63,0.474,39.98,0.63,21.76,33.21
16.03,82.87,38.68,0.643,38.26,0.538,13.28,31.37
25.6,53.45,47.32,-0.46,32.01,0.178,19.27,29.26
18.73,36.41,45.04,-0.089,11.53,0.565,13.36,21.24
22.09,86.44,29.51,0.478,18.55,0.357,27.97,27.32
26.28,78.92,41.56,-0.037,4.07,0.861,22.02,37.42
20.84,65.18,27.39,-0.169,10.27,0.45,24.04,22.56
23.69,42.81,40.57,0.557,91.2,0.43,13.44,27.5
32.04,54.26,30.87,-0.366,155.87,0.663,19.79,20.39
22.54,52.59,26.81,0.029,41.73,0.742,19.14,23.18
31.01,59.96,37.24,0.281,99.47,0.697,18.66,31.69
19.22,76.77,13.6,-0.08,41.17,0.721,6.38,11.29
29.18,68.19,20.99,0.463,1.35,0.728,29.79,36.51
34.65,38.84,33.58,-0.078,229.32,0.1,17.77,14.78
11.17,75.65,35.66,0.713,4.17,0.36,21.01,21.56
21.22,59.7,32.05,0.1,45.91,0.653,10.11,25.7
29.46,65.31,22.36,0.419,11.66,0.205,26.78,18.32
24.78,77.0,28.46,0.448,19.9,0.726,26.28,36.54
28.23,38.33,38.13,-0.101,41.53,0.731,23.13,37.68
22.38,54.46,39.65,-0.671,22.94,0.216,19.64,15.64
26.52,47.03,34.87,0.294,11.54,0.324,32.01,35.15
25.07,31.48,44.25,0.179,16.29,0.347,23.9,34.6
33.01,60.2,38.18,0.372,16.71,0.713,9.8,33.47
27.53,92.67,29.02,0.059,128.08,0.35,19.35,24.56
28.03,27.4,32.76,-0.022,64.1,0.284,21.5,24.74
23.53,54.52,23.78,0.953,24.54,0.655,18.63,34.59
23.07,64.61,34.13,-0.439,8.92,0.561,21.44,25.54
23.4,56.85,43.9,0.444,66.64,0.53,26.65,45.07
28.37,53.3,40.48,-0.08,6.84,0.478,16.87,28.71
23.47,35.51,46.22,0.016,9.45,0.651,15.72,32.02
27.74,58.49,32.58,0.023,18.23,0.392,11.49,16.1
38.45,43.65,45.77,-0.171,84.93,0.403,6.8,15.49
31.23,22.15,33.45,0.378,5.65,0.225,16.13,21.12
24.04,72.92,46.77,0.706,5.22,0.794,13.94,37.5
33.21,69.38,34.83,0.338,27.25,0.328,16.76,25.54
23.55,55.77,40.66,0.191,12.94,0.066,14.49,19.93
13.77,58.44,46.8,-0.245,33.64,0.462,11.55,25.34
19.95,71.11,33.45,0.357,24.03,0.338,14.7,23.87
14.78,58.37,36.75,1.013,22.83,0.799,21.08,39.49
23.89,68.56,45.31,-0.002,4.75,0.707,14.79,28.35
26.11,50.54,33.94,-0.0,6.08,0.348,16.87,24.38
36.06,74.68,24.43,-0.074,68.83,0.294,30.57,21.28
27.96,59.81,52.14,-0.046,86.82,0.886,24.45,41.21
24.69,57.91,31.24,-0.948,10.7,0.32,19.37,11.51
30.98,35.95,36.27,0.312,4.82,0.787,19.57,40.57
12.73,59.3,44.25,-0.188,2.2,0.776,13.74,30.17
27.41,42.52,30.13,-0.494,37.49,0.228,15.48,10.99
30.63,45.43,26.94,0.451,50.26,0.643,16.34,23.39
17.13,42.77,37.03,-0.283,18.66,0.541,18.63,21.83
32.86,39.01,20.66,0.015,45.54,0.558,17.74,17.26
28.03,86.87,32.7,0.737,49.93,0.585,11.23,25.97
23.51,74.97,36.96,-0.414,109.55,0.761,21.58,29.17
29.8,83.81,32.84,-0.463,2.68,0.672,14.56,19.81
39.62,36.66,22.65,0.258,8.54,0.257,29.53,27.51
27.09,56.07,47.75,0.61,2.84,0.359,25.5,39.97
27.49,35.6,35.83,-0.48,81.0,0.875,8.03,21.27
23.24,44.56,46.45,0.313,62.92,0.782,16.48,33.47
20.9,41.23,32.92,0.382,34.19,0.811,27.65,36.53
30.98,73.59,27.96,-0.674,3.49,0.101,21.98,4.33
20.86,49.06,37.15,0.469,12.77,0.578,18.53,37.49
26.43,71.03,33.27,0.501,14.14,0.845,4.05,26.44
23.13,64.06,25.58,0.025,32.91,0.495,16.69,23.75
28.87,89.55,46.76,0.651,11.94,0.832,19.26,41.8
28.0,32.81,30.02,0.605,3.03,0.452,5.66,26.51
32.23,73.89,20.28,0.191,52.49,0.228,21.68,20.18
22.94,72.2,45.63,-0.031,14.21,0.473,13.79,22.46
24.38,40.4,30.97,-0.239,24.09,0.167,19.81,16.99
20.13,70.11,30.14,0.135,5.46,0.407,18.79,28.65
23.33,60.04,20.88,0.378,64.89,0.27,16.47,19.47
28.26,51.59,48.93,0.02,33.35,0.675,22.75,41.0
30.54,42.64,24.68,-0.729,92.74,0.099,19.69,10.52
20.47,44.21,35.47,0.657,27.37,0.542,34.3,42.35
31.22,85.75,42.3,0.226,113.5,0.842,28.67,37.02
34.13,55.01,38.37,-0.002,88.98,0.627,11.93,26.87
28.48,66.73,34.52,0.493,34.36,0.833,25.12,38.77
37.26,43.14,21.39,0.76,108.66,0.777,13.58,34.32
21.36,43.3,28.52,-0.971,15.61,0.839,10.95,9.42
18.53,71.23,36.5,0.324,18.21,0.943,9.14,33.17
15.33,34.76,28.7,-0.421,1.86,0.252,15.85,11.99
34.98,48.77,36.63,0.35,35.59,0.337,24.04,31.44
29.93,55.51,40.45,0.201,51.19,0.762,18.95,38.03
25.67,56.67,42.7,0.404,59.4,0.269,21.05,30.01
27.68,52.31,25.19,-0.05,6.49,0.502,0.0,11.8
19.25,60.94,52.57,-0.599,23.49,0.771,16.63,28.92
40.67,65.39,41.14,-0.03,7.79,0.874,11.69,31.32
26.78,66.02,34.99,0.313,43.4,0.455,8.52,25.03
26.66,40.21,43.72,0.556,6.88,0.762,10.78,42.1
30.35,50.74,53.92,-0.319,93.8,0.793,18.43,32.59
28.89,72.92,23.49,0.561,10.49,0.539,21.95,28.57
27.34,68.42,33.2,-0.109,13.78,0.837,12.54,28.9
21.26,34.41,15.97,0.295,76.13,0.307,21.53,19.2
28.83,60.27,36.54,-0.054,24.53,0.221,22.9,22.83
37.29,25.33,37.92,0.223,0.97,0.408,19.98,27.29
34.07,55.7,34.69,0.507,27.3,0.554,12.85,33.44
35.56,83.47,29.76,-0.341,3.53,0.595,15.02,18.93
22.93,40.78,18.6,-0.122,168.92,0.414,19.97,17.02
20.06,42.49,37.99,0.224,35.48,0.607,13.71,35.84
25.25,66.46,46.64,1.111,11.86,0.929,21.88,54.89
26.33,31.86,30.27,-0.195,33.18,0.472,11.35,17.98
32.57,45.51,38.52,0.966,3.2,0.574,20.29,44.23
15.85,63.95,22.45,0.952,64.36,0.499,23.44,33.45
35.18,45.49,38.66,0.111,103.79,0.945,19.15,36.56
25.05,51.46,31.85,0.031,83.0,0.275,12.06,22.39
23.44,66.16,28.9,-0.127,16.73,0.809,8.22,23.07
19.93,61.32,28.92,0.123,15.77,0.298,11.36,16.62
16.07,59.0,31.85,-0.413,1.43,0.339,20.92,17.57
30.94,49.91,38.06,0.12,42.15,0.228,16.76,22.56
26.44,60.55,24.5,0.749,30.62,0.707,14.4,35.13
18.26,53.14,31.82,-0.094,24.6,0.616,20.39,27.77
18.23,61.87,34.67,0.054,95.28,0.494,6.08,13.44
23.99,47.55,26.21,-0.53,7.35,0.741,16.43,21.35
36.01,52.26,49.37,0.3,0.39,0.365,11.36,38.69
24.44,40.15,28.17,0.256,3.05,0.635,9.9,24.34
16.98,54.47,29.64,0.175,10.11,0.853,14.91,32.92
24.53,42.83,27.17,0.063,1.35,0.424,32.83,32.67
24.36,38.29,49.39,0.033,27.95,0.421,21.79,26.73
9.82,58.88,39.42,0.351,15.08,0.642,11.22,30.0
25.67,58.19,27.51,0.138,7.96,0.828,25.27,31.63
24.61,66.74,43.85,0.276,55.47,0.642,10.16,31.23
30.18,48.53,36.61,0.236,9.15,0.535,27.1,29.14
37.09,61.12,37.06,0.599,46.54,0.388,12.71,30.17
32.76,63.26,32.24,0.421,17.19,0.737,18.66,32.33
24.39,61.67,29.0,0.227,28.68,0.709,30.51,41.15
19.36,42.62,37.7,0.757,108.64,0.525,15.9,29.77
41.44,57.24,30.64,0.318,1.52,0.647,29.03,36.16
26.36,60.46,49.53,0.672,27.75,0.618,17.57,43.61
26.08,55.11,24.85,0.393,77.08,0.191,17.48,21.0
25.86,23.7,47.29,-0.587,35.47,0.578,12.68,16.84
27.19,57.41,34.11,0.672,12.97,0.649,26.47,40.01
25.13,88.19,37.39,0.204,20.28,0.83,15.03,33.57
22.56,49.6,41.67,0.129,45.61,0.647,29.43,34.21
22.72,44.08,29.96,0.263,88.59,0.612,14.23,24.3
25.8,60.6,41.91,0.012,1.68,0.341,15.27,29.58
22.74,59.69,13.34,0.241,2.97,0.455,24.02,21.08
21.72,72.89,29.24,-0.087,15.72,0.074,17.35,18.0
26.64,36.13,27.61,0.66,10.6,0.15,19.73,31.63
24.47,65.97,24.97,0.105,12.31,0.141,10.15,12.71
35.02,63.86,33.28,-0.003,10.0,0.666,18.66,22.69
10.09,52.87,38.09,-0.22,8.72,0.571,20.23,27.07
32.55,60.08,40.62,0.258,5.6,0.692,28.35,37.21
33.48,70.44,36.93,0.225,108.7,0.174,15.13,20.35
13.56,68.08,29.67,0.305,6.23,0.501,20.02,31.53
23.94,37.85,37.95,-0.261,9.15,0.456,25.26,25.8
23.77,67.3,35.99,-0.49,11.31,0.7,18.26,25.01
17.55,54.03,42.49,0.4,108.13,0.461,24.52,29.31
21.33,56.09,41.22,0.744,56.38,0.329,32.99,41.63
19.34,56.1,35.24,-0.261,62.37,0.737,18.18,23.61
36.51,52.75,27.82,0.786,4.43,0.851,25.94,38.79
31.61,72.88,29.78,0.264,72.39,0.427,21.09,25.13
33.63,53.74,30.6,0.147,20.98,0.086,23.14,26.64
30.33,38.21,32.48,-0.009,12.2,0.681,22.23,27.03
19.23,49.1,37.14,-0.404,34.3,0.348,24.4,20.46
22.85,57.68,40.72,0.545,69.08,0.557,24.0,44.34
28.94,73.44,34.59,-0.16,60.32,0.599,17.58,24.15
18.67,64.05,35.13,-0.162,88.29,0.188,14.66,15.1
30.28,42.24,36.15,0.547,105.32,0.638,20.55,39.72
24.56,92.28,30.87,-0.603,10.88,0.564,9.28,13.81
23.75,58.97,27.6,-0.459,22.06,0.697,21.71,23.8
30.27,74.13,20.96,0.143,0.59,0.752,22.48,29.1
28.67,52.72,29.44,0.267,84.59,0.642,16.93,34.49
23.83,63.0,38.79,0.344,6.72,0.566,18.27,29.57
32.96,67.59,29.38,0.029,79.07,0.343,23.47,27.85
19.51,73.27,33.1,1.162,15.98,0.467,22.48,34.72
29.7,70.86,38.73,0.059,18.36,0.804,23.56,32.2
29.56,68.08,39.17,0.058,1.6,0.529,22.66,27.5
24.14,50.27,26.36,-0.169,15.83,0.83,18.64,26.67
27.96,46.42,42.98,0.2,87.7,0.785,17.91,33.51
18.49,59.99,44.02,0.396,1.04,0.335,20.53,36.39
31.54,69.0,25.96,0.631,20.86,0.472,26.72,35.38
24.89,51.66,28.41,-0.446,1.28,0.299,19.59,17.04
22.86,70.98,44.53,0.052,18.54,0.777,25.83,34.68
32.29,76.79,33.83,0.329,7.58,0.545,5.8,28.55
21.77,41.26,17.24,0.385,11.63,0.527,19.93,25.91
17.55,42.45,23.8,0.153,84.02,0.627,18.5,24.11
16.66,52.89,33.01,0.367,22.91,0.929,8.01,30.47
29.64,59.61,25.7,-0.174,12.8,0.912,8.91,22.47
18.32,47.13,31.69,0.773,35.6,0.474,20.77,37.45
36.53,75.28,35.26,0.547,6.13,0.828,18.64,39.73
13.51,61.36,46.7,-0.388,12.01,0.748,22.74,26.25
36.18,55.59,32.68,-0.28,31.61,0.676,2.42,14.4
27.27,33.46,43.58,-0.269,10.85,0.964,24.42,33.75
25.42,35.26,46.43,0.421,45.47,0.248,24.46,36.02
22.73,59.22,46.47,-0.364,27.05,0.378,9.7,24.33
28.39,23.01,37.28,0.018,59.13,0.795,26.45,30.06
25.77,70.19,19.29,0.332,118.45,0.395,28.74,24.41
32.62,52.63,38.69,0.124,4.92,0.621,10.0,25.56
26.69,100.0,43.39,0.254,16.3,0.318,18.65,30.66
26.9,89.62,34.35,-0.276,15.4,0.399,19.19,17.9
23.82,52.28,48.96,0.388,6.56,0.675,7.21,32.85
25.66,53.4,41.88,-0.095,66.49,0.672,16.02,28.07
27.85,69.93,39.55,0.02,57.06,0.386,26.42,33.21
15.74,80.55,43.69,0.245,26.5,0.657,12.84,29.56
17.91,30.43,37.67,0.191,30.87,0.442,28.97,29.29
30.46,28.2,15.06,0.16,2.46,0.67,20.21,19.42
27.03,45.67,31.01,-0.15,32.43,0.539,13.25,20.94
24.9,63.74,44.58,0.03,62.68,0.589,18.27,31.35
26.11,62.45,28.54,0.151,34.12,0.494,9.22,25.88
28.09,71.05,33.21,-0.4,12.33,0.174,20.57,20.72
22.76,37.0,26.64,-0.035,44.05,0.445,16.85,17.3
21.33,20.26,49.27,0.305,17.94,0.621,15.44,37.55
27.18,67.87,48.45,-0.361,31.49,0.456,9.32,25.16
20.13,42.58,27.93,0.613,26.74,0.87,17.51,34.03
28.45,24.72,36.18,0.658,19.2,0.69,19.23,39.94
15.78,57.18,29.56,-0.348,50.76,0.551,9.78,13.4
32.17,66.9,39.92,0.693,86.12,0.625,24.49,41.77
28.84,53.17,39.08,0.093,0.21,0.126,19.67,32.85
27.54,48.13,41.49,0.317,108.49,0.201,12.91,26.72
31.9,52.61,37.66,-0.049,28.66,0.555,17.43,25.91
35.99,49.44,58.48,0.519,48.26,0.678,23.02,39.86
32.09,34.78,26.78,0.312,77.41,0.704,26.22,33.13
14.95,44.28,21.32,-0.176,25.18,0.81,27.52,29.99
18.32,62.82,31.86,-0.316,72.07,0.422,28.8,21.78
22.25,59.83,22.46,-0.434,7.82,0.016,10.02,7.85
26.16,57.52,23.06,0.225,6.93,0.261,13.74,19.5
29.11,40.07,26.99,0.379,42.86,0.457,9.59,22.24
21.65,52.28,27.62,0.41,81.65,0.303,24.55,30.52
27.12,22.34,27.36,0.103,89.18,0.125,16.96,11.55
21.47,57.68,39.15,-0.313,41.28,0.803,25.58,31.55
22.33,76.43,30.95,-0.123,29.82,0.639,9.5,24.62
17.56,32.89,33.56,0.611,16.1,0.483,13.86,28.53
20.46,46.21,42.15,-0.044,156.48,0.387,13.21,22.48
17.89,59.94,28.87,0.207,15.41,0.546,25.43,29.3
20.14,73.79,32.88,-0.28,54.53,0.561,22.2,30.84
32.32,48.28,37.93,0.285,30.37,0.755,5.83,30.01
20.3,44.62,19.47,-0.033,37.51,0.448,15.2,13.55
41.79,25.47,15.92,0.569,20.0,0.379,23.76,20.18
28.96,56.55,37.77,0.459,133.89,0.837,24.68,40.85
27.11,85.63,38.94,-0.048,33.92,0.636,20.48,34.36
20.85,59.16,51.51,0.099,111.09,0.546,19.08,36.25
30.2,54.67,36.26,-0.07,0.3,0.595,12.42,28.4
22.55,59.83,41.56,-0.418,34.01,0.564,24.42,23.89
26.73,54.83,33.44,-0.193,50.52,0.422,10.82,22.6
41.36,42.8,37.38,0.229,54.67,0.453,8.33,19.34
25.42,67.35,48.34,0.28,94.15,0.43,19.25,33.91
32.9,58.39,18.01,0.209,0.18,0.191,15.34,19.29
21.78,55.26,38.31,0.029,0.01,0.788,22.34,32.2
25.79,40.37,52.08,0.523,25.57,0.146,20.91,30.2
36.62,74.55,37.26,0.175,1.19,0.743,28.25,33.72
22.24,64.97,48.2,0.431,146.81,0.52,20.43,36.62
36.87,46.71,29.97,-0.56,10.04,0.653,24.36,23.55
30.25,70.03,34.74,-1.419,25.6,0.105,12.89,0.0
22.63,47.54,35.27,0.264,2.52,0.711,22.27,32.69
29.79,43.27,17.26,-0.42,29.53,0.437,16.34,14.06
31.84,43.6,25.65,0.065,19.12,0.548,15.04,24.49
29.73,28.43,26.22,0.029,1.83,0.237,12.58,16.85
16.58,62.07,41.58,0.785,16.33,0.319,27.25,37.62
21.64,27.53,41.98,0.31,19.87,0.561,17.96,29.73
24.51,36.57,37.59,0.216,183.89,0.724,13.27,31.71
25.55,23.87,41.59,0.485,9.32,0.302,22.07,37.16
29.72,53.71,33.69,0.297,31.48,0.348,15.36,24.4
27.07,52.75,44.62,-0.033,174.7,0.882,13.21,30.03
17.99,50.1,35.07,0.579,62.81,0.372,35.41,40.85
28.28,39.36,35.46,-0.294,200.63,0.53,10.75,17.5
29.66,37.42,32.88,0.279,138.06,0.49,29.19,34.42
29.36,61.97,40.48,-0.469,26.9,0.808,13.14,26.26
32.48,46.74,31.63,0.232,47.68,0.848,21.76,35.66
31.0,59.75,42.81,0.227,4.68,0.862,17.39,35.24
28.76,41.72,25.94,0.821,23.27,0.623,22.42,29.91
25.58,57.72,26.21,-0.476,66.22,0.501,9.71,15.75
16.03,74.55,40.5,-0.09,28.16,0.714,8.98,26.71
28.58,63.79,34.29,0.479,48.52,0.677,22.6,38.0
27.25,48.81,31.37,0.284,54.78,0.441,7.32,21.07
27.63,58.86,42.12,0.222,11.69,0.781,10.99,31.21
18.34,51.39,30.14,-0.232,83.4,0.581,17.46,30.67
19.51,55.12,33.4,-0.086,24.63,0.166,10.24,17.25
32.32,50.12,46.19,0.648,9.44,0.352,11.0,23.88
25.76,52.53,47.31,0.129,80.22,0.587,15.53,31.58
30.09,58.18,47.58,0.3,21.64,0.722,4.89,31.23
26.17,40.1,32.74,0.104,55.5,0.625,9.59,21.27
26.18,39.76,44.85,-0.323,31.77,0.832,26.04,34.71
31.63,34.17,27.41,0.524,19.24,0.279,23.74,26.42
22.9,31.0,27.74,0.351,66.4,0.539,31.59,34.9
26.58,36.74,16.2,1.072,35.13,0.739,21.57,37.24
23.23,57.39,48.38,-0.256,19.81,0.579,25.81,30.76
23.39,41.61,28.09,0.479,4.64,0.382,15.47,25.45
24.14,62.7,33.99,-0.375,90.32,0.241,16.88,20.48
27.33,55.52,27.72,0.213,1.44,0.193,20.48,23.87
23.13,25.47,40.56,0.541,79.57,0.439,6.64,27.18
33.53,64.82,31.99,-0.679,17.85,0.647,21.27,21.04
20.63,67.16,24.56,0.068,40.79,0.477,14.26,21.01
24.88,40.09,38.53,-0.075,102.14,0.94,15.26,28.25
23.36,61.3,23.53,-0.131,6.58,0.174,23.98,21.21
34.68,42.15,28.3,0.304,33.48,0.5,8.69,19.93
27.18,56.47,18.14,0.598,57.83,0.265,18.33,24.18
32.19,36.03,23.61,0.097,56.68,0.169,20.69,13.46
17.09,28.1,36.43,0.232,29.83,0.939,14.82,35.53
27.6,49.26,19.28,0.196,39.21,0.812,18.22,29.2
31.34,53.14,23.15,0.151,56.67,0.515,18.51,25.53
26.49,49.03,34.98,-0.286,73.56,0.711,23.38,32.35
32.39,37.24,30.65,0.593,57.39,0.293,16.91,30.24
22.9,49.0,50.94,0.268,17.48,0.269,10.49,26.09
34.46,59.04,49.67,0.308,228.87,0.08,14.53,21.75
39.79,54.33,28.06,-0.173,22.8,0.666,15.91,21.0
23.82,57.74,39.46,-0.034,0.99,0.774,13.19,29.28
23.33,44.95,40.99,0.08,18.02,0.376,19.14,25.42
34.72,72.58,30.22,-0.464,5.47,0.164,18.85,17.59
35.48,37.36,23.04,-0.525,5.18,0.699,18.54,20.59
22.86,62.31,34.9,-0.09,13.23,0.658,12.61,26.88
23.48,72.73,33.62,0.359,2.19,0.646,18.78,37.1
24.31,62.21,31.51,-0.111,46.66,0.328,25.73,27.07
17.93,51.96,38.54,-0.258,3.07,0.458,19.77,22.6
20.49,47.08,28.99,-0.176,9.09,0.873,24.43,28.63
19.98,70.54,25.78,-0.032,3.9,0.337,18.65,20.83
21.39,33.66,35.87,0.008,2.61,0.835,14.18,24.18
25.79,40.45,38.09,1.016,12.47,0.528,23.16,45.91
27.41,49.04,25.59,0.572,33.94,0.584,9.56,22.49
35.3,73.56,42.42,0.56,133.74,0.645,14.65,37.39
20.01,60.7,20.84,0.617,83.36,0.873,17.15,35.31
31.91,40.48,30.38,-0.25,83.48,0.543,21.92,30.1
24.72,50.35,32.94,-0.339,7.75,0.218,25.65,22.08
25.7,45.79,29.91,-0.293,12.31,0.073,23.08,19.98
30.05,44.35,30.48,0.684,3.18,0.722,22.48,40.38
19.26,69.68,49.97,-0.069,60.29,0.334,23.19,26.57
28.29,34.42,28.19,-0.351,2.89,0.66,24.02,20.7
27.0,79.13,54.53,-0.022,32.54,0.18,11.17,21.78
28.95,67.42,38.5,0.055,11.39,0.273,31.23,30.58
27.74,71.36,35.74,0.257,11.16,0.58,24.66,33.89
40.73,48.06,38.81,0.25,187.22,0.739,16.91,28.55
22.17,52.75,55.24,-0.181,56.55,0.403,20.23,32.96
22.81,33.5,27.05,0.424,72.55,0.774,10.12,26.18
22.26,47.13,26.04,-0.106,33.94,0.247,16.44,20.52
22.67,62.4,28.96,0.087,81.92,0.171,15.95,21.07
22.18,74.44,35.26,0.425,41.48,0.587,15.45,36.78
33.13,38.39,21.19,-0.107,116.88,0.443,22.89,21.3
34.52,49.52,35.18,-0.078,13.21,0.394,18.63,22.82
22.58,52.73,48.55,0.387,36.19,0.549,10.83,41.26
21.01,34.06,36.21,-0.193,46.86,0.374,10.95,18.31
28.83,63.87,32.66,-0.004,19.96,0.317,6.21,18.67
22.69,44.14,30.05,0.372,84.71,0.745,23.28,36.6
29.8,52.07,42.19,0.972,156.09,0.658,16.65,44.27
27.22,48.22,28.39,0.392,27.23,0.604,22.53,33.43
16.91,43.16,49.77,0.339,19.81,0.889,36.84,58.08
35.29,54.89,50.47,0.362,25.54,0.354,12.61,28.58
36.78,51.77,37.05,-0.279,76.62,0.707,19.96,31.46
22.32,49.42,34.91,0.196,41.48,0.755,26.66,31.56
23.67,44.07,43.25,0.138,1.83,0.572,15.07,27.23
27.72,59.79,43.76,0.279,31.25,0.826,15.96,32.06
28.01,79.8,28.55,0.197,0.7,0.357,21.18,21.89
29.95,57.1,30.79,0.302,60.3,0.515,33.26,30.26
38.06,69.94,24.42,0.025,15.92,0.721,21.82,25.93
24.94,34.15,38.27,0.173,25.55,0.242,12.94,20.41
21.21,57.37,40.33,-0.341,64.11,0.519,13.67,27.91
17.72,38.54,24.2,0.022,1.9,0.366,15.07,19.52
21.61,32.85,31.36,0.706,6.9,0.689,7.08,30.72
25.8,43.91,24.22,0.278,20.3,0.252,17.04,23.45
36.77,72.88,27.81,0.142,10.45,0.823,18.04,30.34
22.89,69.25,39.41,0.908,16.49,0.835,18.28,47.95
27.34,58.65,29.13,-0.394,252.24,0.187,9.3,4.07
25.9,32.01,32.59,-0.294,69.81,0.352,20.07,18.58
33.13,52.06,21.98,0.835,86.13,0.331,12.1,27.45
41.16,59.53,36.5,0.168,110.62,0.653,16.57,32.97
22.81,57.63,34.65,0.053,16.68,0.761,13.54,24.41
23.06,27.34,29.17,-0.33,14.1,0.486,24.93,23.84
32.26,41.65,33.49,0.329,10.67,0.932,13.89,37.96
30.09,54.04,36.44,0.368,70.91,0.49,26.07,37.27
37.08,63.04,28.48,-0.288,45.52,0.543,18.82,21.12
29.5,22.06,23.19,0.094,10.78,0.456,20.52,24.45
23.84,52.57,49.44,0.016,18.93,0.85,18.5,44.07
29.54,57.15,29.93,0.252,28.27,0.416,12.89,27.26
32.65,67.74,34.23,-0.298,30.04,0.753,20.44,21.11
30.92,65.39,43.09,0.651,87.83,0.551,15.42,35.83
29.04,63.74,63.23,0.516,19.16,0.31,19.91,40.9
32.4,43.0,25.04,0.005,95.67,0.509,21.62,27.26
33.02,26.38,38.6,0.063,23.29,0.332,29.44,29.5
34.29,49.1,29.34,0.095,54.88,0.69,20.83,28.82
29.89,70.02,30.69,-0.161,106.52,0.779,23.74,29.12
25.0,75.9,29.24,-0.027,95.25,0.766,21.96,30.52
26.88,65.66,25.99,0.042,2.35,0.76,16.65,27.07
33.24,61.44,34.67,0.795,9.21,0.355,22.07,33.09
21.1,60.69,23.2,0.529,25.92,0.524,17.25,27.98
28.21,46.66,42.57,0.524,22.59,0.236,15.52,31.7
23.64,53.05,35.44,0.298,40.97,0.891,11.46,35.97
26.17,80.04,38.38,-0.297,115.81,0.382,21.92,33.09
33.67,40.86,31.27,0.133,4.77,0.756,14.59,22.87
27.15,79.22,32.06,0.538,24.05,0.132,21.77,29.91
26.28,50.17,37.3,-0.353,8.55,0.479,18.03,28.71
17.84,74.88,25.69,0.405,89.81,0.143,16.29,17.34
30.48,33.9,32.14,1.079,133.62,0.831,12.82,41.61
29.87,63.79,28.12,0.575,26.06,0.415,25.8,31.81
38.98,43.95,27.88,0.716,4.39,0.651,15.64,29.23
24.15,33.77,18.12,0.237,61.54,0.572,27.52,26.05
27.31,58.28,45.71,0.537,47.78,0.197,13.09,30.48
27.5,70.14,29.51,-0.137,17.52,0.367,27.05,24.61
35.46,42.33,44.31,0.468,87.36,0.488,18.5,36.2
25.43,32.51,43.55,0.412,148.91,0.085,23.16,24.1
27.67,53.62,24.71,0.266,32.64,0.599,10.2,27.86
29.65,53.69,26.29,0.676,33.36,0.109,10.17,25.4
27.12,63.22,55.48,-0.066,14.13,0.68,19.55,37.83
23.32,69.24,49.01,0.075,35.13,0.594,11.92,38.92
27.16,54.11,34.75,0.188,23.17,0.779,25.97,41.67
32.44,82.83,37.06,-0.262,14.39,0.078,20.18,15.13
19.84,58.36,29.95,0.241,2.78,0.887,14.13,26.83
26.8,49.8,38.46,-0.538,11.65,0.053,12.48,10.33
21.8,30.83,29.26,0.569,8.82,0.633,16.27,29.33
33.17,51.06,18.74,0.169,31.24,0.122,14.59,8.54
16.86,49.95,24.43,-0.058,36.82,0.387,20.97,22.26
22.65,69.4,35.17,-0.184,37.52,0.133,17.54,13.81
28.26,61.94,25.95,0.056,19.65,0.302,25.01,25.31
35.39,37.31,34.46,0.425,21.87,0.591,21.79,35.77
25.61,57.58,26.4,0.369,71.89,0.618,12.8,33.3
22.67,65.07,28.74,-0.132,25.87,0.376,15.45,18.75
37.29,77.92,41.83,-0.188,176.17,0.777,12.81,20.94
17.31,68.31,36.98,0.413,23.17,0.174,12.82,28.0
12.81,66.41,34.92,-0.139,41.95,0.166,7.23,17.69
28.64,55.9,42.03,0.174,2.07,0.15,23.65,31.03
22.99,60.82,38.84,0.2,42.38,0.475,25.75,31.23
19.87,73.74,46.57,0.275,76.27,0.109,12.07,19.48
30.25,35.01,31.32,0.493,114.21,0.493,11.47,30.67
27.46,49.76,31.56,-0.355,236.89,0.65,21.37,20.06
22.62,43.41,24.59,-0.614,13.26,0.417,13.08,16.08
18.32,60.69,31.57,-0.077,34.26,0.136,25.64,19.14
31.23,73.45,42.72,0.871,23.97,0.679,13.7,43.29
29.9,46.05,45.4,0.959,33.19,0.588,5.17,42.0
25.4,19.15,42.68,0.882,6.85,0.437,17.22,36.76
37.08,48.82,20.65,0.073,77.56,0.333,14.45,17.48
19.58,68.7,43.67,-0.563,96.13,0.629,18.88,19.79
16.85,63.06,20.29,-0.787,23.89,0.892,15.91,11.42
21.85,61.42,42.18,-0.096,13.16,0.378,21.46,28.49
25.73,50.8,32.06,0.071,6.07,0.273,20.54,22.94
27.46,35.81,40.62,0.67,46.05,0.238,19.95,34.33
24.55,62.73,24.34,0.497,14.97,0.516,19.14,30.47
28.11,42.49,44.37,0.241,96.11,0.659,18.0,37.22
18.49,87.76,23.28,-0.206,44.47,0.201,9.62,11.35
34.66,63.56,29.65,-0.234,41.5,0.53,20.34,25.29
25.51,46.29,27.02,0.252,32.78,0.508,22.39,30.37
32.7,45.83,20.97,0.429,1.87,0.474,20.09,27.22
28.06,53.61,35.76,0.307,107.48,0.552,16.79,30.94
28.74,51.41,49.45,-0.264,39.55,0.426,21.54,33.01
29.42,71.75,56.34,0.41,205.06,0.212,19.42,37.7
28.69,57.8,35.78,0.32,30.83,0.21,22.26,31.29
29.86,44.03,43.93,-0.278,49.53,0.311,17.47,24.79
33.97,83.36,36.86,-0.164,2.31,0.719,9.44,21.45
27.18,55.74,38.99,0.425,39.96,0.239,16.93,30.46
30.25,66.53,32.26,0.056,57.87,0.518,12.31,22.25
25.46,45.88,36.56,0.786,60.3,0.526,15.22,34.2
34.64,60.45,39.3,0.35,58.81,0.955,18.52,37.49
21.94,59.67,30.37,-0.045,10.26,0.766,23.94,37.14
36.81,26.66,34.38,0.146,148.2,0.623,22.0,27.17
25.76,85.23,34.53,0.175,213.42,0.413,19.25,29.15
17.42,74.36,41.61,-0.141,3.14,0.463,25.49,24.44
26.77,49.04,26.47,-0.215,110.23,0.549,18.28,22.6
21.91,38.47,34.59,0.431,13.67,0.26,19.21,30.3
31.04,60.21,50.3,0.488,46.76,0.458,15.73,38.59
22.08,56.3,44.31,0.392,16.51,0.75,11.58,31.67
23.32,60.34,45.79,0.756,137.37,0.12,21.34,30.17
14.66,57.87,35.2,-0.067,4.28,0.27,8.59,18.31
23.29,62.59,37.57,0.82,27.55,0.845,12.41,38.17
11.46,76.71,43.02,-0.21,22.35,0.65,19.07,28.24
16.5,63.52,47.48,-0.255,15.78,0.639,12.91,30.99
30.56,39.26,19.39,-0.554,41.49,0.61,18.11,13.2
30.71,75.44,24.48,-0.028,5.62,0.214,18.88,15.61
28.55,79.61,45.48,-0.051,50.44,0.632,14.64,22.41
20.2,100.0,32.78,0.36,157.68,0.308,18.33,26.04
25.71,38.15,29.63,0.248,65.3,0.609,18.25,37.2
25.98,58.64,24.97,-0.327,78.65,0.355,11.16,10.49
19.05,23.77,30.56,-0.007,17.83,0.889,21.28,34.42
35.02,63.3,23.78,0.001,15.71,0.164,5.81,15.25
31.26,46.78,51.73,-0.56,29.11,0.264,29.27,29.47
24.67,83.85,34.82,-0.242,1.87,0.721,21.2,25.39
26.16,43.38,34.54,-0.158,116.28,0.446,24.13,25.6
27.25,29.66,39.7,0.723,6.21,0.518,21.97,40.3
13.75,47.93,42.7,0.227,93.33,0.668,17.74,33.8
24.52,25.37,42.57,0.415,3.49,0.494,13.37,30.25
21.91,66.27,43.59,-0.449,69.18,0.319,17.85,22.65
19.99,24.02,29.95,0.628,6.59,0.357,23.02,29.13
24.31,55.43,32.62,0.67,1.56,0.226,13.06,27.54
36.79,23.83,41.15,-0.649,50.85,0.714,18.94,20.88
29.85,50.2,30.78,-0.132,13.15,0.729,7.14,25.76
22.57,79.65,34.96,0.348,50.14,0.292,13.15,19.63
29.44,60.41,38.19,0.408,32.39,0.396,12.85,31.08
34.4,42.05,41.28,-0.121,4.61,0.819,28.08,36.12
31.55,54.53,20.78,0.028,107.61,0.547,9.98,10.44
26.36,55.27,40.72,-0.089,24.08,0.768,20.39,36.73
22.12,62.09,33.13,0.194,53.04,0.361,27.57,33.91
30.19,34.5,40.66,0.629,27.81,0.604,24.03,38.08
28.36,63.89,41.22,-0.158,37.09,0.661,27.13,35.29
31.37,14.43,47.86,0.55,14.43,0.883,28.02,46.59
29.81,45.55,45.83,-0.163,8.94,0.173,18.34,31.06
32.3,47.68,45.77,-0.189,31.29,0.96,20.85,37.3
22.79,64.5,46.55,0.477,23.21,0.857,19.17,42.48
33.9,55.34,37.33,0.519,19.78,0.543,20.88,38.53
27.19,33.92,35.26,0.491,44.66,0.644,20.53,41.39
38.45,40.23,41.98,-0.376,46.91,0.388,28.3,32.14
21.86,57.98,40.86,-0.036,1.88,0.67,19.75,29.19
36.42,53.81,32.53,0.479,16.54,0.247,12.28,25.04
27.19,46.31,38.24,0.167,21.23,0.537,21.58,30.11
22.09,47.79,34.72,-0.279,4.08,0.56,22.38,33.73
23.1,65.44,28.17,0.333,10.76,0.754,13.07,29.74
24.08,47.23,45.32,-0.136,2.12,0.408,12.82,28.26
28.54,53.68,35.44,0.868,223.36,0.221,23.71,31.01
29.14,87.55,51.39,0.768,53.36,0.88,14.8,46.39
22.56,33.64,22.0,0.392,3.66,0.617,15.52,20.07
25.85,27.22,30.55,0.694,0.82,0.456,15.23,34.56
38.85,66.75,35.26,0.176,50.82,0.541,19.47,32.09
36.37,44.82,44.1,0.456,23.14,0.81,24.62,38.85
28.62,50.23,38.2,0.741,61.82,0.456,22.01,31.75
26.23,43.28,37.48,0.248,102.81,0.455,15.23,33.9
26.72,51.1,25.98,0.048,36.58,0.538,26.03,33.8
29.68,78.98,25.74,-0.532,8.29,0.564,23.22,21.92
19.86,67.03,37.58,0.117,60.97,0.554,23.95,30.84
24.46,67.93,24.09,0.479,124.77,0.864,23.76,34.98
15.99,33.76,30.74,0.528,34.72,0.704,14.91,35.44
28.4,37.73,39.01,0.352,45.83,0.372,12.48,26.49
29.88,12.41,27.14,-0.067,16.47,0.266,15.97,17.16
23.1,42.86,47.84,-0.641,19.22,0.307,23.94,22.94
35.44,69.35,44.79,-0.048,53.07,0.722,10.92,28.91
18.65,62.75,22.43,0.028,105.12,0.475,10.11,16.81
17.21,51.68,27.54,0.025,39.66,0.397,7.12,16.75
27.35,54.67,16.71,0.397,62.4,0.738,10.46,32.3
32.28,44.67,28.74,0.944,7.53,0.8,13.27,38.84
36.1,58.07,41.13,0.199,9.53,0.077,18.75,24.79
23.25,66.49,31.69,0.063,30.37,0.235,11.09,21.92
32.47,30.76,38.69,0.046,7.77,0.649,21.97,26.71
25.77,59.49,22.82,0.2,40.31,0.38,18.27,27.57
24.96,68.99,41.38,-0.181,13.79,0.438,5.74,21.37
31.3,48.77,30.56,0.198,62.72,0.4,17.89,23.3
29.91,65.51,35.1,0.33,66.03,0.717,18.85,33.61
16.54,97.22,34.26,0.234,24.93,0.742,29.5,36.5
34.86,53.43,24.83,0.333,7.98,0.47,19.45,26.24
34.28,60.9,25.78,0.323,41.63,0.609,7.38,26.79
22.25,43.93,42.74,-0.559,197.27,0.437,19.38,16.15
28.37,57.72,38.19,0.405,38.98,0.298,19.05,26.58
28.96,61.9,43.4,-0.118,1.46,0.6,21.63,28.39
27.56,57.92,37.6,-0.288,0.7,0.249,33.82,26.32
22.7,39.7,36.14,-0.292,15.45,0.601,14.78,23.52
21.97,58.1,21.19,0.323,8.72,0.779,14.08,26.74
25.85,76.93,32.84,0.061,67.08,0.293,20.81,20.66
33.04,61.73,34.78,-0.523,74.52,0.512,28.95,19.69
29.26,69.43,50.62,0.341,11.97,0.698,22.03,35.96
23.78,51.44,40.5,-0.426,15.76,0.741,15.94,25.44
30.63,66.25,47.29,0.206,10.78,0.699,23.91,35.48
8.91,59.19,39.78,0.245,95.61,0.799,28.76,35.65
32.89,40.74,29.31,0.504,27.94,0.437,13.39,31.03
15.56,59.78,35.94,0.863,42.7,0.54,12.0,29.48
23.83,40.12,36.89,-0.396,21.48,0.177,18.34,18.7
19.28,45.51,27.49,0.129,39.88,0.392,19.81,19.65
18.23,57.84,31.92,0.039,19.5,0.67,26.3,26.64
32.96,59.46,33.35,0.323,16.6,0.35,15.19,26.81
23.19,37.16,47.84,0.236,40.26,0.845,20.41,42.19
28.08,70.81,18.35,0.009,35.77,0.677,27.34,30.41
25.72,63.58,44.65,-0.026,13.9,0.964,19.34,41.67
28.86,44.43,27.51,-0.297,6.47,0.417,15.63,17.21
26.46,31.94,24.02,0.545,18.39,0.753,21.42,35.43
18.3,52.83,44.44,0.334,21.46,0.684,16.02,33.51
31.98,48.31,40.86,0.517,39.63,0.445,20.03,38.87
23.04,56.7,45.04,0.026,98.38,0.347,16.88,24.5
16.66,49.55,41.41,-0.113,1.47,0.514,17.13,27.36
23.43,24.89,51.48,-0.281,11.17,0.238,15.58,19.13
35.0,49.17,39.47,0.294,8.61,0.585,14.56,30.25
31.1,50.42,33.75,-0.266,27.91,0.617,23.96,21.46
23.91,64.5,37.74,0.889,22.46,0.62,19.14,41.48
23.9,44.53,44.95,-0.373,52.23,0.52,25.64,36.46
24.07,80.18,28.76,0.259,11.1,0.398,4.5,17.25
38.46,26.33,29.78,0.777,36.11,0.509,14.88,28.66
28.29,74.67,32.53,0.39,86.12,0.227,13.56,26.85
28.58,51.64,18.16,0.22,96.62,0.667,16.48,25.44
32.18,67.89,36.1,-0.237,127.56,0.411,11.81,22.46
27.43,56.2,19.91,-0.403,59.36,0.717,8.36,17.6
24.45,72.09,35.42,0.458,94.57,0.462,22.03,36.27
24.82,49.19,41.92,0.752,10.69,0.456,14.44,29.31
25.57,38.52,31.18,-0.026,8.8,0.261,21.33,23.26
25.78,76.31,48.42,-0.306,0.26,0.892,10.93,26.2
30.37,53.3,23.32,-0.833,49.08,0.789,8.18,11.11
26.31,58.32,44.53,-0.242,110.88,0.695,19.45,32.56
30.4,73.52,40.4,0.105,8.28,0.752,21.8,33.39
25.52,39.52,21.27,0.79,40.53,0.567,14.31,28.21
26.47,63.93,56.69,0.419,54.89,0.413,11.9,40.24
14.01,46.15,34.49,0.272,105.03,0.475,25.5,33.57
31.5,53.02,27.98,-0.01,41.64,0.447,17.66,18.04
28.08,56.08,23.74,-0.083,140.66,0.492,12.01,20.95
31.99,32.5,33.24,0.712,16.9,0.348,9.02,27.27
8.62,43.32,33.98,0.23,17.23,0.698,13.87,27.11
38.53,75.27,35.82,-0.691,31.32,0.351,15.63,17.79
25.16,68.29,32.62,-0.119,19.35,0.304,22.58,24.23
32.65,54.06,40.07,-0.193,0.06,0.445,17.9,26.84
19.76,58.65,31.9,-0.069,52.64,0.917,17.19,30.84
29.68,50.59,19.52,0.375,55.73,0.356,12.51,21.93
19.68,75.35,33.81,0.107,54.97,0.867,26.28,32.11
22.26,51.99,16.06,0.119,16.93,0.094,23.86,26.54
37.48,58.48,37.83,0.675,29.55,0.163,23.38,20.44
24.86,72.19,27.17,-0.129,17.85,0.886,17.63,25.36
27.3,43.34,36.31,0.896,0.65,0.655,20.41,39.48
31.22,78.38,45.51,-0.119,33.06,0.885,2.55,29.59
28.97,32.04,27.41,0.186,5.28,0.771,19.21,24.9
26.9,79.44,43.49,0.038,3.34,0.642,29.54,36.2
28.19,49.41,31.53,0.199,56.34,0.341,14.52,26.99
40.42,51.36,49.03,0.328,0.38,0.865,12.09,31.09
25.65,26.65,32.08,0.324,127.78,0.643,17.15,29.59
27.21,48.18,28.28,-0.151,28.97,0.361,12.83,17.97
32.3,39.4,40.5,-0.299,163.02,0.328,12.46,14.75
32.63,45.89,31.51,1.151,2.39,0.168,19.59,33.86
33.12,52.94,28.27,-0.044,35.04,0.769,22.95,27.82
29.83,69.37,31.18,0.43,17.19,0.166,19.64,28.95
19.14,58.11,34.64,-0.493,74.18,0.87,11.12,24.16
35.8,59.62,45.74,0.038,17.93,0.716,13.98,30.02
19.12,38.57,19.53,0.099,12.07,0.764,19.93,25.93
27.82,41.79,35.18,0.339,77.95,0.595,21.94,32.59
21.47,81.98,40.0,-0.939,18.78,0.19,16.75,15.17
25.62,43.97,36.55,0.216,0.68,0.522,12.64,29.48
27.97,79.84,45.48,-0.31,19.79,0.282,22.65,24.26
27.93,51.35,34.41,0.28,42.51,0.522,28.87,37.09
28.53,55.03,33.52,-0.265,11.74,0.055,24.74,26.28
35.68,71.06,39.74,-0.192,22.62,0.191,29.91,22.19
28.72,74.08,35.79,0.041,2.34,0.143,14.27,22.7
24.54,53.34,31.88,-0.271,35.48,0.7,24.19,30.26
31.78,49.18,39.13,-0.04,56.47,0.683,25.73,32.54
33.14,54.16,29.78,-0.327,21.33,0.891,15.08,22.15
18.63,60.07,30.11,-0.583,21.81,0.549,13.05,18.44
29.58,68.37,30.78,0.557,3.7,0.427,12.23,28.5
30.21,55.06,45.82,-0.368,9.02,0.316,17.45,27.95
24.21,64.28,10.0,0.079,6.72,0.429,8.97,17.82
34.25,79.58,38.16,0.451,26.29,0.345,28.14,34.29
25.1,60.72,35.27,-0.096,30.14,0.166,10.3,15.23
26.75,59.67,21.55,-0.18,118.99,0.668,20.53,30.69
24.96,32.22,37.48,0.24,3.04,0.409,4.42,20.23
26.09,15.54,38.81,0.597,36.64,0.879,30.27,48.44
19.42,60.83,39.72,-0.318,29.9,0.721,25.5,24.18
17.36,53.58,13.79,0.09,29.05,0.208,8.44,16.02
35.57,47.28,45.93,-0.543,82.59,0.634,19.83,17.94
20.92,58.65,29.1,-0.007,9.2,0.725,16.55,25.62
20.05,54.09,40.49,0.164,1.67,0.802,18.93,31.09
13.08,71.92,40.93,-0.192,44.62,0.635,21.81,32.16
22.17,56.29,27.99,-0.033,16.93,0.688,13.2,21.88
18.06,43.8,40.28,-0.413,0.71,0.438,17.68,22.6
35.85,69.85,31.92,0.181,11.58,0.28,7.14,18.27
32.06,51.74,18.43,0.572,14.8,0.774,18.5,26.33
21.87,62.9,44.34,-0.289,38.37,0.477,5.65,23.91
39.51,47.84,28.8,-0.099,7.58,0.871,25.83,29.52
31.89,45.25,28.16,0.351,21.31,0.876,9.21,34.55
24.05,56.26,31.78,0.635,26.35,0.112,19.77,30.83
11.0,55.19,37.18,-0.447,24.59,0.599,22.97,20.44
39.75,62.2,34.54,0.082,145.9,0.344,29.18,25.49
17.66,50.97,39.38,0.263,1.86,0.237,28.64,29.95
16.13,27.45,24.28,0.109,120.61,0.382,26.36,25.54
32.14,48.51,29.06,-0.841,34.88,0.282,17.9,13.09
40.64,66.91,34.07,0.35,63.53,0.319,24.69,25.39
34.31,50.54,50.18,0.758,22.51,0.324,19.66,41.26
29.38,51.3,34.09,0.197,24.19,0.975,20.17,38.28
29.57,69.8,43.68,-0.262,84.59,0.88,14.28,32.3
31.12,44.32,35.31,-0.055,90.51,0.669,28.45,34.28
30.55,31.86,31.13,0.858,10.91,0.638,13.18,37.07
27.69,52.59,33.03,0.514,8.89,0.411,11.58,25.04
26.63,47.74,33.65,0.406,27.43,0.794,20.45,37.83
25.62,40.51,39.83,0.293,92.21,0.563,7.25,31.59
21.48,52.37,46.0,-0.114,15.57,0.511,18.71,33.28
24.32,62.37,37.88,0.07,42.22,0.637,27.81,39.26
15.84,54.86,44.5,0.119,49.26,0.815,20.49,32.8
25.41,59.6,27.28,0.37,60.32,0.463,18.19,35.99
20.07,82.2,31.68,0.754,33.2,0.293,12.96,33.66
19.38,49.86,29.21,0.597,20.6,0.065,8.99,17.34
27.08,59.18,37.52,-0.418,136.47,0.218,23.18,19.17
34.35,47.36,32.13,0.24,37.8,0.652,18.17,31.98
31.51,42.3,40.84,0.445,52.16,0.326,21.75,29.76
16.58,46.23,27.55,0.398,16.92,0.62,4.85,24.97
20.06,47.82,35.34,-0.102,44.34,0.69,22.39,30.47
31.64,60.39,40.49,1.316,11.93,0.649,29.91,55.78
20.11,90.24,18.48,-0.361,11.25,0.21,26.05,15.06
24.65,44.26,51.97,-0.283,50.17,0.332,19.78,20.7
29.3,48.75,32.73,0.243,29.48,0.898,11.73,34.94
20.19,54.05,18.8,0.997,45.99,0.855,18.73,42.59
26.63,60.94,36.26,-0.184,12.56,0.866,18.92,31.1
18.0,58.95,35.27,0.044,36.52,0.736,15.03,28.97
22.39,74.26,34.34,0.581,23.47,0.809,15.48,36.66
27.92,18.6,42.93,0.143,36.35,0.186,30.59,28.92
16.44,19.2,40.98,0.016,13.75,0.306,12.21,28.88
28.64,47.56,37.38,0.376,50.27,0.575,15.43,29.4
25.88,71.46,38.6,0.259,65.58,0.342,21.37,33.72
29.31,31.52,34.17,0.562,12.04,0.481,31.09,40.92
27.34,10.0,49.2,0.667,14.3,0.424,16.19,34.49
34.18,63.57,23.17,0.273,43.29,0.818,7.21,21.13
26.75,58.65,36.12,0.267,47.57,0.433,5.18,23.92
23.42,38.65,35.52,0.236,48.71,0.372,33.12,36.72
26.73,40.22,41.51,0.346,45.92,0.897,6.54,35.23
29.26,40.45,28.25,0.172,19.96,0.253,18.46,28.73
26.29,56.66,21.05,0.15,20.09,0.498,8.92,18.3
26.24,45.61,36.25,0.629,11.77,0.759,13.27,34.87
21.79,62.41,37.25,0.756,6.82,0.24,14.11,33.45
22.02,12.18,46.92,-0.453,47.18,0.514,6.27,12.54
17.58,42.15,24.84,0.154,3.91,0.209,25.31,20.03
36.5,38.11,44.24,-0.125,111.09,0.685,20.58,29.03
18.54,51.15,53.94,0.026,70.11,0.73,15.44,34.92
21.84,46.93,31.98,0.311,77.94,0.331,14.55,23.11
21.69,66.97,24.67,0.418,94.86,0.422,24.53,22.66
31.37,27.11,31.74,0.105,21.01,0.714,18.54,33.51
24.23,55.68,35.11,-0.615,75.01,0.391,30.51,28.69
33.49,63.38,39.51,-0.236,6.88,0.251,15.31,13.26
21.96,82.85,30.27,0.509,0.88,0.69,20.55,35.89
27.67,47.77,47.44,-0.946,61.46,0.533,10.61,16.75
20.99,59.87,26.08,0.625,3.11,0.414,15.4,29.9
38.87,27.94,21.09,0.358,178.7,0.661,24.23,26.42
18.87,19.12,43.85,0.676,44.93,0.603,25.07,35.12
27.86,67.67,16.8,0.071,56.01,0.544,29.05,29.66
29.8,54.92,33.37,-0.675,11.28,0.693,20.67,20.17
28.48,72.68,59.94,0.322,44.82,0.492,25.41,33.06
24.89,34.4,34.9,0.66,1.77,0.553,21.74,37.25
25.22,62.8,26.03,0.52,72.76,0.509,15.52,23.84
26.26,83.03,34.54,-0.115,7.44,0.492,8.92,24.37
25.12,61.3,34.59,0.185,47.81,0.455,16.61,27.07
31.78,59.15,36.29,-0.063,10.17,0.681,11.13,25.55
39.26,55.13,40.3,-0.178,2.84,0.486,24.33,28.37
22.66,31.44,26.69,0.532,26.27,0.211,24.67,28.26
17.78,75.33,48.5,-0.329,7.42,0.148,11.91,15.19
25.47,45.84,36.96,-0.208,52.29,0.25,24.67,28.67
41.48,62.57,40.81,-0.292,10.85,0.19,10.92,13.69
21.18,31.55,29.97,-0.446,16.77,0.866,26.67,23.66
35.83,37.31,45.29,0.209,33.52,0.622,17.03,33.21
36.07,76.53,32.94,0.615,13.42,0.434,20.75,30.67
22.68,49.79,37.22,0.076,18.99,0.87,26.7,37.69
29.41,76.8,27.54,-0.452,67.63,0.717,21.58,23.12
35.77,53.83,27.02,0.486,7.9,0.261,17.2,24.37
23.73,27.37,40.51,0.824,3.43,0.183,23.25,40.1
24.78,68.38,31.45,-0.108,15.92,0.427,12.2,17.65
22.51,46.15,28.17,-0.041,22.09,0.433,6.43,10.03
19.91,65.48,29.85,0.356,31.29,0.565,24.88,32.3
22.1,55.38,40.59,0.799,18.64,0.72,10.12,40.92
18.66,31.85,29.97,-0.058,62.41,0.559,23.53,20.28
26.2,57.46,34.06,-0.383,1.6,0.97,18.85,31.1
21.38,87.94,35.12,0.403,22.61,0.692,17.91,27.72
27.4,62.39,19.66,0.47,19.27,0.609,12.33,29.29
16.66,54.14,23.23,0.152,41.72,0.484,15.3,21.75
27.99,71.13,37.69,-0.073,135.58,0.801,18.08,26.99
31.0,58.16,29.1,0.548,28.56,0.591,19.19,27.17
14.04,58.14,43.45,0.361,173.34,0.338,12.58,32.48
28.24,38.63,42.73,-0.157,14.4,0.506,22.46,37.27
33.37,58.51,40.75,0.17,1.25,0.631,22.84,29.89
18.74,70.53,49.56,-0.391,7.24,0.379,20.9,21.03
36.04,42.46,34.34,0.424,20.11,0.356,15.37,26.37
28.51,76.37,40.19,0.045,15.21,0.544,23.16,29.96
21.77,53.62,30.32,-0.024,4.08,0.569,21.73,26.04
25.67,41.68,54.62,0.137,22.67,0.631,6.28,33.18
29.35,69.96,50.87,0.166,16.51,0.769,19.27,44.96
26.46,50.7,35.1,0.508,5.23,0.497,29.6,43.29
29.23,66.39,38.09,0.386,14.05,0.48,23.83,33.21
20.48,50.62,45.87,0.087,87.02,0.628,24.92,38.46
27.02,54.1,33.82,0.455,14.38,0.326,13.79,21.45
17.52,62.4,29.75,0.31,50.06,0.212,18.75,23.74
25.33,59.36,41.99,-0.021,37.87,0.433,16.9,27.32
20.58,25.07,35.63,0.1,22.29,0.427,17.99,28.58
21.59,38.18,36.46,0.091,10.93,0.447,14.91,27.28
33.42,68.94,28.33,0.352,18.42,0.443,10.59,23.93
32.55,53.02,21.26,0.003,35.87,0.57,18.39,24.15
29.65,47.14,36.89,-0.006,17.28,0.552,13.32,24.13
19.45,34.62,42.24,0.938,9.68,0.382,21.52,41.93
24.1,38.8,33.19,0.526,4.95,0.22,17.82,29.27
33.28,24.67,46.49,-0.154,84.73,0.14,6.44,15.34
26.85,53.48,29.37,0.378,23.22,0.193,26.29,29.5
39.92,46.02,26.56,0.197,39.26,0.373,20.61,25.54
28.36,40.5,34.46,0.307,26.97,0.306,15.25,29.09
27.15,53.98,34.34,0.205,82.41,0.451,15.98,26.75
24.15,60.46,41.16,0.626,31.67,0.22,10.63,26.08
26.8,86.4,28.8,0.288,26.22,0.346,17.63,23.21
25.09,32.32,45.94,0.125,103.4,0.197,22.09,27.27
30.25,72.39,50.74,0.567,50.87,0.217,28.47,39.12
31.74,69.6,34.69,0.243,4.73,0.617,17.47,33.89
21.28,43.31,45.0,0.199,7.83,0.68,18.29,32.89
18.01,58.05,26.55,0.276,61.88,0.242,25.16,26.74
14.98,48.14,43.6,0.113,72.28,0.365,11.05,23.24
29.05,57.79,43.38,0.154,31.52,0.539,18.87,32.71
19.38,77.64,41.91,-0.085,32.34,0.838,13.46,30.51
13.08,64.08,34.88,-0.15,39.98,0.432,18.79,25.84
28.33,62.63,11.37,-0.249,23.13,0.236,23.62,14.95
40.96,48.55,29.87,-0.407,45.6,0.753,8.09,7.41
25.96,32.74,29.99,-0.202,4.59,0.177,24.67,19.71
31.03,51.87,27.17,0.08,130.06,0.453,20.16,29.45
26.49,73.1,35.98,0.191,55.48,0.847,18.84,39.04
25.41,32.09,31.65,0.041,39.9,0.193,26.08,27.66
31.51,39.17,28.4,-0.792,15.21,0.441,13.26,14.79
24.26,56.89,26.53,0.78,7.02,0.43,9.96,31.66
27.6,40.23,29.28,0.585,21.06,0.94,11.85,39.49
27.93,43.11,43.97,0.328,43.34,0.639,21.2,33.46
21.99,48.65,29.71,0.913,40.17,0.718,15.03,37.34
31.95,34.52,30.88,-0.241,19.29,0.677,12.76,21.68
24.95,40.39,31.35,0.905,38.0,0.751,12.14,37.73
21.47,65.55,37.71,-0.236,67.23,0.444,19.05,21.87
29.22,35.39,38.65,0.245,1.07,0.712,17.83,33.54
20.61,31.03,10.64,-0.36,23.96,0.285,9.49,0.0
26.17,45.55,43.17,0.156,56.84,0.123,9.69,24.26
25.95,65.98,46.49,0.304,31.6,0.928,14.84,37.55
32.52,52.05,26.6,0.088,42.16,0.822,23.51,23.88
28.85,48.03,27.22,0.436,29.08,0.839,15.44,33.22
25.85,55.67,31.4,0.19,192.51,0.638,9.14,29.26
30.91,28.81,28.95,-0.059,2.25,0.942,17.48,21.89
34.34,62.42,36.79,-0.077,27.02,0.571,18.23,25.34
29.35,60.75,19.43,0.474,3.83,0.943,9.09,23.6
26.06,48.86,26.06,-0.111,6.96,0.682,10.69,23.13
18.13,70.09,47.31,0.516,19.32,0.771,22.46,44.62
19.61,38.09,27.57,0.639,6.76,0.518,10.62,24.31
24.17,71.92,44.95,-0.517,132.62,0.745,22.72,27.11
22.34,57.32,37.84,0.603,117.34,0.279,8.72,26.36
24.88,49.95,20.53,0.974,16.39,0.744,8.94,37.7
26.34,54.7,40.08,0.251,40.84,0.665,18.14,30.16
29.18,53.39,34.06,0.39,30.52,0.821,13.47,32.46
25.58,73.3,31.36,0.565,67.62,0.762,14.79,40.27
28.92,38.85,36.96,0.04,39.49,0.56,18.91,26.22
26.39,43.56,38.8,0.223,0.01,0.695,14.62,30.83
14.15,70.54,40.66,-0.376,57.62,0.51,12.31,19.79
20.36,46.07,44.43,0.205,54.95,0.392,20.94,39.61
25.14,68.51,38.27,0.349,28.51,0.468,19.08,28.32
18.74,80.49,23.99,0.356,93.29,0.293,18.26,24.57
29.6,48.97,31.21,0.576,95.63,0.527,17.89,28.12
35.18,65.22,58.54,-0.16,29.69,0.68,13.19,28.31
33.31,37.69,40.8,-0.063,37.46,0.182,11.94,17.1
24.72,66.32,53.95,0.908,226.45,0.73,15.93,43.97
34.94,57.99,46.16,0.09,14.2,0.362,13.29,24.15
26.89,62.1,36.93,0.23,15.7,0.657,17.93,33.33
23.98,45.32,37.41,0.123,8.07,0.527,15.65,25.76
22.32,30.08,34.71,-0.179,90.48,0.607,18.11,25.14
24.19,62.55,21.1,0.799,54.58,0.101,17.44,20.97
23.67,24.05,35.14,-0.061,4.47,0.449,28.59,24.28
27.02,50.24,44.69,-0.301,160.18,0.588,9.68,21.1
26.96,69.12,30.2,-0.03,52.52,0.69,16.88,29.34
26.02,57.88,38.3,-0.651,76.02,0.564,11.35,19.59
28.62,84.23,41.81,-0.111,1.97,0.686,15.1,25.22
33.14,70.38,27.72,-0.237,28.12,0.089,13.1,7.5
31.7,45.19,31.39,0.397,47.97,0.417,21.83,33.53
17.09,55.41,26.86,-0.119,31.32,0.853,9.16,27.35
10.68,54.29,28.42,0.505,43.94,0.548,22.68,32.34
31.61,31.27,24.7,0.709,68.12,0.372,21.18,30.88
17.8,40.89,27.8,0.462,18.76,0.539,30.33,26.63
24.65,46.59,46.36,0.064,75.53,0.447,28.82,37.89
18.98,24.46,27.68,0.206,7.11,0.652,13.21,29.89
15.19,55.71,36.01,-0.46,12.64,0.728,25.42,30.25
29.25,51.26,30.98,0.096,1.77,0.561,16.05,29.85
30.55,29.91,44.43,-0.194,18.13,0.576,19.83,22.45
22.54,61.06,45.49,0.428,19.12,0.369,28.32,35.56
10.45,65.74,41.91,1.179,65.45,0.432,13.45,36.38
22.72,58.41,37.45,0.35,42.35,0.61,18.34,31.22
28.35,50.14,33.15,-0.646,22.96,0.23,6.32,5.13
17.13,63.87,25.47,0.006,42.24,0.463,23.33,25.22
27.1,65.2,50.55,0.199,2.17,0.707,30.62,46.82
25.91,59.61,28.92,0.185,7.95,0.893,21.44,29.97
29.48,42.63,40.31,-0.142,39.44,0.761,26.21,37.74
26.72,59.15,43.48,0.248,41.02,0.77,24.85,41.31
20.16,72.93,30.56,-0.347,59.51,0.126,13.76,17.92
33.18,46.05,43.3,-0.228,20.63,0.727,19.95,32.72
25.05,86.47,41.11,0.408,51.29,0.626,20.96,36.76
25.84,47.12,48.82,-0.256,46.08,0.365,11.0,24.48
20.4,55.49,31.25,0.365,132.3,0.524,26.67,32.74
23.34,44.91,24.71,-0.398,9.69,0.597,14.97,24.52
20.69,58.35,30.96,0.856,32.09,0.351,16.7,34.48
24.96,28.87,36.67,-0.16,36.83,0.813,16.42,27.62
36.27,46.81,35.47,0.061,264.24,0.661,18.22,23.39
17.77,38.62,31.85,0.282,8.98,0.491,35.58,36.41
16.32,57.03,19.73,-0.076,29.63,0.745,14.36,19.57
34.83,69.92,38.76,0.207,17.0,0.459,8.72,20.88
24.74,64.69,50.78,0.38,29.85,0.549,18.98,42.39
21.99,19.43,38.71,0.534,10.57,0.206,12.82,24.88
32.24,85.63,39.87,0.467,1.95,0.755,15.55,33.33
22.37,59.43,39.58,0.081,34.0,0.081,21.72,26.68
36.96,43.35,38.18,0.091,16.37,0.753,11.47,25.62
30.07,57.36,42.45,1.09,8.03,0.359,15.82,39.84
23.07,57.64,38.16,0.53,15.66,0.474,19.76,33.35
38.94,45.0,32.5,-0.219,2.02,0.073,13.33,2.74
22.37,57.97,28.63,0.19,120.18,0.251,17.76,23.61
30.45,45.89,33.01,0.016,34.81,0.7,19.75,30.45
27.8,48.93,37.51,0.096,67.45,0.343,17.3,27.64
33.81,44.71,32.47,-0.342,22.0,0.55,18.94,14.18
35.37,33.51,37.51,-0.015,93.45,0.404,20.14,19.64
26.19,57.19,38.51,0.875,26.41,0.719,13.96,44.87
21.48,63.78,41.67,0.382,34.13,0.784,9.19,33.71
28.76,62.72,45.26,-0.846,27.07,0.797,11.79,15.15
21.93,67.3,35.62,0.637,52.86,0.297,10.81,28.09
38.08,59.87,24.54,0.586,33.45,0.714,25.39,28.95
26.82,47.01,32.24,0.006,12.68,0.881,7.58,25.16
23.81,67.59,35.35,0.437,6.29,0.261,21.77,30.75
27.11,34.64,20.31,-0.194,37.27,0.379,13.89,16.3
17.92,41.49,46.11,-0.038,26.87,0.47,24.21,34.38
20.17,40.54,36.14,0.749,4.04,0.496,15.47,35.17
33.2,71.2,38.05,0.041,20.14,0.307,18.19,25.7
22.06,69.14,45.92,-0.598,28.93,0.474,21.1,22.42
19.72,62.31,29.96,0.125,70.15,0.445,25.53,25.18
29.22,71.08,39.59,0.119,3.17,0.252,14.58,23.85
33.11,41.81,34.12,0.629,17.14,0.696,14.3,37.34
30.31,60.23,33.53,0.156,69.19,0.243,21.07,28.22
31.98,53.12,28.82,-0.019,41.81,0.455,8.48,18.21
21.46,67.7,48.32,0.568,13.7,0.403,7.69,31.07
17.47,53.27,32.0,0.198,74.66,0.542,20.2,25.33
35.01,49.23,40.6,-0.15,27.19,0.33,22.02,28.68
24.06,63.11,20.0,0.612,27.59,0.487,20.0,35.34
24.5,68.14,44.44,0.227,150.18,0.625,17.41,34.5
33.97,44.97,43.42,0.151,117.59,0.549,14.77,22.99
29.34,54.08,35.78,0.221,17.76,0.241,27.53,32.5
28.74,39.12,33.18,-0.278,6.06,0.209,28.31,28.17
38.99,17.53,38.2,-0.061,15.76,0.439,18.65,18.41
22.14,58.01,53.31,0.151,1.24,0.791,13.9,40.08
31.57,64.13,20.89,0.072,0.84,0.351,11.95,15.95
26.34,58.93,41.26,0.659,20.14,0.217,20.59,38.8
27.61,25.76,27.71,0.237,113.22,0.575,10.63,19.43
35.17,49.74,34.84,0.492,82.03,0.611,10.77,27.88
29.05,21.72,33.02,0.154,28.65,0.687,15.09,22.52
29.23,75.55,31.57,0.573,33.32,0.554,21.04,35.01
32.44,38.71,34.92,0.309,0.24,0.12,26.81,28.93
23.81,73.83,25.93,0.155,9.71,0.393,19.5,25.09
20.96,69.19,43.23,0.145,1.0,0.123,20.98,24.02
19.73,41.49,20.65,-0.232,56.18,0.455,23.9,18.24
14.2,38.01,39.32,0.353,6.3,0.478,23.34,30.44
38.34,60.26,32.39,0.134,81.32,0.575,14.69,27.78
19.38,42.34,25.63,-0.051,41.24,0.468,23.23,18.46
24.67,56.54,36.62,0.593,10.42,0.721,24.19,39.79
24.34,47.76,22.54,-0.35,6.87,0.826,19.86,18.81
27.84,28.28,35.32,-0.019,39.51,0.658,18.82,27.22
30.89,21.54,23.62,0.561,92.44,0.549,21.6,29.73
31.16,58.4,38.69,0.276,50.69,0.547,20.97,40.38
22.5,46.58,27.61,0.131,17.14,0.583,6.82,19.25
25.0,46.7,31.39,0.25,35.41,0.471,20.57,33.22
27.7,65.44,37.35,0.222,14.89,0.607,25.07,29.0
24.51,72.6,28.82,-0.457,282.79,0.439,23.93,12.71
35.64,50.91,34.54,0.01,55.27,0.765,20.26,30.32
28.95,49.89,22.89,0.797,38.12,0.462,18.89,34.59
30.41,62.5,40.05,-0.114,22.01,0.466,15.62,23.17
29.98,34.65,49.12,0.023,38.51,0.479,17.31,27.67
33.04,58.35,57.34,-0.067,16.72,0.177,22.36,22.61
27.09,63.28,35.73,0.115,1.17,0.22,20.31,26.43
18.22,65.2,41.31,-0.083,20.11,0.215,23.42,22.39
28.4,25.95,20.75,0.345,106.65,0.59,14.88,28.0
22.09,43.58,47.02,0.229,39.37,0.143,24.5,32.6
22.83,41.83,41.21,0.459,3.51,0.686,14.29,39.03
29.52,56.5,31.13,-0.27,86.51,0.543,19.22,20.23
33.43,62.21,44.9,0.014,12.53,0.58,14.63,29.45
26.13,77.45,32.96,0.06,11.18,0.579,17.41,28.06
27.85,47.58,31.34,0.332,14.1,0.617,30.2,35.03
36.21,47.54,38.8,-0.167,34.43,0.686,21.06,32.68
27.44,72.25,26.49,0.516,31.47,0.524,19.35,33.49
41.61,59.45,43.17,0.625,27.04,0.666,26.47,47.41
29.39,74.01,26.55,-0.246,50.57,0.106,2.61,9.74
15.44,59.33,26.6,-0.046,15.22,0.751,17.05,31.2
30.52,37.64,27.72,-0.063,60.94,0.17,15.0,22.7
28.29,35.0,41.08,1.203,7.71,0.544,12.85,39.19
33.74,31.73,30.07,-0.022,61.04,0.557,8.83,14.33
30.04,64.93,24.22,0.821,43.6,0.559,16.69,38.61
25.17,72.83,30.15,-0.357,45.98,0.516,22.16,25.31
18.65,82.74,34.74,-0.246,26.28,0.352,17.12,20.71
24.75,67.65,25.55,-0.125,43.98,0.646,22.79,24.88
20.9,72.44,25.79,-0.188,3.33,0.493,18.43,21.36
22.52,46.3,51.89,0.043,76.3,0.138,25.0,34.14
29.53,37.65,28.12,-0.134,2.29,0.666,14.98,25.19
36.02,67.75,32.42,-0.178,6.44,0.715,6.76,17.41
28.37,61.27,32.06,0.613,34.4,0.327,8.52,31.77
18.82,56.61,31.63,0.64,53.79,0.561,15.01,32.47
28.67,60.81,39.97,0.53,3.17,0.421,12.72,33.48
33.18,59.85,42.59,0.36,101.41,0.597,14.46,35.19
22.34,74.26,32.55,0.187,145.39,0.693,24.83,39.43
25.2,74.42,25.11,-0.049,37.25,0.396,8.99,18.44
26.09,63.16,45.2,-0.231,26.25,0.631,27.05,33.99
21.29,67.69,34.24,0.295,54.1,0.111,13.17,28.0
29.89,62.71,48.84,-0.319,15.92,0.321,10.54,25.17
25.27,48.08,17.04,-0.248,27.19,0.232,17.17,14.66
28.52,66.35,36.56,0.611,99.15,0.543,26.99,39.71
20.68,34.08,50.35,0.91,124.63,0.648,13.73,34.37
23.38,70.81,32.17,0.307,104.73,0.528,14.39,27.15
30.33,37.08,33.2,0.593,12.18,0.819,14.8,30.56
23.76,59.29,37.36,0.052,10.58,0.294,24.9,18.97
36.36,42.32,30.53,-0.385,14.13,0.641,15.32,17.07
23.6,63.3,32.5,0.395,23.29,0.488,20.68,26.79
27.35,54.49,32.3,0.378,15.08,0.424,18.72,28.83
31.6,31.08,29.98,0.179,18.75,0.985,17.34,33.56
17.49,61.31,44.83,0.053,38.77,0.344,15.01,27.57
15.44,46.33,38.69,0.535,57.51,0.62,29.81,39.21
16.85,68.22,37.01,-0.244,53.21,0.193,34.75,21.09
33.58,55.02,41.47,-0.16,67.37,0.511,12.7,23.61
22.69,60.93,32.89,-0.253,1.31,0.438,11.57,15.04
41.35,40.64,28.81,0.184,1.96,0.114,18.24,22.22
22.61,46.16,30.18,-0.285,62.31,0.619,4.36,16.57
27.11,48.12,35.01,-0.124,30.46,0.442,18.29,20.97
35.25,67.85,26.53,-0.132,34.52,0.348,30.04,19.76
38.04,80.16,31.0,0.046,2.16,0.21,14.41,16.45
38.37,42.92,30.87,-0.445,11.79,0.405,24.48,18.85
33.25,71.15,52.0,0.185,40.68,0.6,26.82,38.18
32.14,22.45,12.81,0.649,78.41,0.79,12.83,30.09
29.56,37.09,33.56,0.204,99.55,0.259,19.07,21.15
30.67,40.62,48.81,0.767,27.76,0.54,20.12,44.99
22.69,34.71,35.97,0.684,31.54,0.483,22.37,35.88
21.09,31.25,41.03,0.461,71.6,0.505,22.81,38.26
25.98,61.19,35.8,0.18,30.86,0.422,24.73,29.59
24.98,51.79,29.66,0.159,29.1,0.321,13.31,25.34
23.28,60.69,17.06,0.456,94.19,0.604,19.04,24.98
30.18,65.36,36.64,-0.007,62.41,0.108,26.89,30.65
31.73,58.98,28.8,-0.603,95.91,0.464,27.54,19.96
26.53,64.87,28.6,0.347,9.85,0.182,19.35,23.24
34.87,53.96,31.01,-0.302,29.73,0.613,14.81,16.65
19.15,37.2,48.96,-0.235,73.93,0.639,24.21,32.7
24.84,70.87,54.24,0.15,4.71,0.675,21.22,38.54
21.7,46.16,36.74,0.112,63.32,0.349,21.09,22.7
14.8,40.97,31.28,-0.415,8.08,0.167,22.65,12.33
25.5,52.33,25.58,0.216,66.04,0.035,12.3,10.46
25.27,41.31,38.75,0.536,37.87,0.15,23.08,27.8
35.08,48.74,49.26,-0.301,8.59,0.915,18.93,32.6
29.78,60.16,33.02,0.659,25.65,0.792,24.85,42.47
19.85,60.23,15.97,-0.474,45.82,0.662,18.12,15.05
37.12,41.53,40.36,0.997,40.19,0.089,21.5,35.29
33.33,47.68,42.88,-0.015,22.29,0.481,20.74,25.72
29.49,71.11,22.31,0.208,91.85,0.53,14.72,24.5
24.64,62.45,36.41,-0.607,29.3,0.294,12.59,14.48
20.24,86.13,38.61,0.125,28.2,0.539,22.84,29.6
23.77,72.7,34.42,0.241,2.57,0.791,12.86,30.8
32.53,72.16,28.67,0.116,102.1,0.868,15.98,26.63
37.31,34.18,43.13,-0.075,7.8,0.882,15.8,25.02
35.26,66.46,31.77,-0.229,30.06,0.319,20.2,15.65
23.07,54.2,23.12,0.602,65.1,0.353,22.05,24.79
19.28,46.74,18.6,0.162,9.71,0.617,8.66,18.48
26.85,57.52,45.09,0.766,29.98,0.635,13.65,42.63
15.39,69.18,39.93,-0.061,11.01,0.617,13.37,30.12
27.94,62.51,35.7,-0.024,57.03,0.252,16.63,21.0
25.11,41.82,31.48,0.476,33.24,0.35,6.05,23.21
23.2,66.14,30.77,-0.499,77.51,0.657,24.8,31.02
16.43,45.44,26.39,-0.335,89.98,0.491,18.36,16.32
29.08,58.25,31.55,0.589,41.85,0.709,17.19,33.35
22.8,50.45,18.04,-0.319,51.7,0.744,22.53,22.3
18.98,51.72,29.11,-0.578,31.87,0.196,21.11,12.25
8.77,66.49,32.51,0.897,19.41,0.26,21.04,28.12
25.83,39.4,39.88,-0.408,41.78,0.307,17.91,15.98
36.63,84.18,34.68,0.224,95.56,0.512,18.63,32.02
35.97,27.68,41.36,0.178,21.56,0.289,23.07,29.26
23.26,46.03,45.79,-0.974,15.1,0.18,21.19,20.91
22.39,60.55,43.47,0.043,19.67,0.611,28.37,39.69
28.81,63.76,38.76,0.329,22.87,0.554,18.84,33.12
20.01,53.49,35.09,0.292,3.06,0.769,21.9,29.42
27.81,54.14,27.15,0.511,27.6,0.149,17.26,21.9
30.6,61.16,40.92,-0.005,27.27,0.878,19.94,33.65
33.36,51.53,48.44,0.435,35.51,0.241,20.25,29.49
25.4,75.9,37.74,-0.126,18.03,0.652,15.34,20.67
24.78,67.59,50.34,-0.414,37.98,0.91,14.12,28.58
20.73,68.09,22.8,-0.369,84.22,0.405,21.85,16.64
21.04,40.51,25.77,-0.435,124.46,0.83,20.73,28.34
24.64,53.81,41.84,0.554,35.05,0.33,26.81,35.51
28.2,50.49,37.11,-0.456,1.74,0.514,18.03,24.51
31.48,39.92,45.51,0.26,139.26,0.605,12.03,26.79
21.18,60.4,34.88,0.044,48.95,0.792,18.07,30.48
34.96,46.94,28.06,0.109,16.38,0.129,22.62,20.31
24.37,64.83,33.29,0.695,6.37,0.302,5.27,31.31
25.87,38.95,22.74,-0.025,6.19,0.122,17.96,7.1
21.52,80.79,25.97,0.395,7.34,0.484,22.0,25.46
11.45,41.56,42.78,0.165,1.87,0.282,19.41,26.13
31.3,58.29,41.98,0.089,92.97,0.298,15.85,27.06
30.42,66.88,37.9,1.07,31.13,0.675,10.78,35.21
24.31,46.44,21.23,-0.427,48.15,0.427,17.93,15.8
26.4,67.79,32.13,0.666,70.44,0.091,10.65,24.64
29.1,36.56,25.2,0.413,62.72,0.205,22.04,30.2
16.62,76.78,44.41,-0.042,85.69,0.494,18.37,27.82
22.83,55.21,30.33,0.802,136.76,0.771,26.97,41.51
30.77,46.05,26.31,-0.589,23.13,0.701,6.28,11.27
18.47,50.51,35.24,-0.059,120.1,0.597,15.96,27.05
27.76,67.13,29.88,-0.333,51.39,0.832,22.4,27.08
17.86,46.23,46.87,0.315,2.93,0.637,24.86,36.13
28.8,43.76,29.12,-0.295,45.8,0.342,22.64,17.27
25.79,51.68,23.81,0.323,46.43,0.71,12.28,27.12
16.31,37.35,17.78,0.075,94.52,0.562,15.11,21.2
32.99,82.31,34.75,-0.042,18.67,0.407,4.59,14.77
21.59,46.5,30.5,0.305,35.17,0.338,18.27,26.19
21.14,67.47,23.57,0.043,0.49,0.882,24.98,29.07
27.2,58.14,44.51,-0.285,16.14,0.332,18.04,25.21
32.89,40.23,40.34,1.271,2.57,0.055,21.46,37.33
19.91,54.91,34.77,-0.045,29.52,0.713,21.3,27.57
26.37,66.76,45.91,-0.737,68.03,0.416,16.1,22.89
28.57,52.18,40.3,-0.187,9.25,0.402,3.41,13.3
30.16,72.9,28.42,-0.357,29.98,0.342,26.05,24.49
27.06,70.32,26.69,0.48,9.13,0.542,20.59,32.38
23.8,68.78,41.54,0.279,5.14,0.687,10.5,33.43
21.03,48.11,38.17,0.309,28.62,0.799,20.23,30.73
26.52,38.8,36.36,0.002,3.3,0.587,19.2,28.75
19.57,45.8,28.23,0.038,35.41,0.785,25.87,37.02
8.47,57.94,39.86,0.002,1.27,0.309,20.83,22.59
28.62,63.19,28.96,0.118,4.51,0.043,20.85,20.66
31.42,22.43,34.18,0.484,31.94,0.929,19.2,33.31
11.82,54.88,46.58,0.284,35.8,0.429,13.38,23.55
19.94,57.37,29.71,0.35,1.18,0.714,22.04,34.05
29.71,50.84,22.42,0.35,34.07,0.166,17.85,19.02
38.34,74.37,26.58,0.504,72.93,0.548,12.28,23.02
26.12,61.33,42.95,0.265,51.25,0.28,14.05,28.61
21.63,74.65,37.04,0.294,5.63,0.512,11.18,29.23
24.9,51.76,33.97,0.626,35.91,0.558,24.36,40.1
34.25,69.06,30.93,-0.116,44.62,0.702,29.87,30.98
22.12,79.53,38.88,-0.192,1.52,0.457,24.93,29.93
21.2,74.68,28.21,-0.324,77.34,0.307,20.26,21.06
23.1,38.62,37.45,0.223,94.69,0.405,17.61,27.47
20.28,51.19,29.15,-0.591,76.01,0.885,16.25,27.81
26.74,49.82,27.82,0.335,69.63,0.598,12.08,23.86
35.75,62.34,29.9,0.106,54.65,0.145,29.68,19.1
27.94,65.3,32.0,0.604,40.14,0.396,11.8,33.52
24.49,42.42,34.61,-0.119,45.41,0.532,12.9,21.02
24.25,56.02,36.88,0.069,65.68,0.746,16.83,22.62
16.62,24.7,10.0,0.599,43.45,0.868,17.32,26.49
31.3,76.63,28.54,0.703,15.88,0.7,21.61,40.38
25.53,47.31,31.87,-0.122,18.86,0.313,13.96,18.95
24.92,55.84,47.04,0.223,90.94,0.286,6.07,19.37
45.0,50.36,26.36,0.268,0.69,0.603,16.61,22.6
27.79,72.19,36.3,0.299,48.0,0.492,17.02,29.37
21.49,12.44,46.96,0.045,123.85,0.33,16.53,24.11
23.44,54.75,24.5,0.663,49.0,0.225,16.45,24.13
32.89,53.41,38.15,-0.606,204.06,0.619,15.9,14.81
26.68,48.2,28.58,-0.018,46.53,0.346,10.05,21.53
17.37,80.89,30.96,0.329,1.4,0.598,26.77,29.97
31.52,41.69,28.58,0.333,70.18,0.56,26.43,32.76
21.99,66.58,29.15,0.691,13.4,0.774,26.37,40.74
37.24,60.34,56.78,0.629,23.63,0.907,10.89,40.58
32.48,73.92,41.76,0.036,14.96,0.18,20.42,21.55
23.32,44.99,43.81,0.67,12.51,0.293,15.46,33.59
33.69,44.01,38.94,-0.136,22.58,0.855,15.14,23.27
26.41,71.44,22.15,0.522,19.04,0.711,12.43,36.18
31.12,61.38,38.16,0.874,40.13,0.26,33.39,39.16
28.91,31.83,43.58,0.636,67.1,0.874,16.51,40.13
20.92,46.91,28.17,0.192,14.1,0.163,12.47,20.93
22.14,60.8,42.72,0.017,9.62,0.16,18.83,23.94
32.18,67.57,40.63,-0.461,43.97,0.388,22.58,21.03
23.99,44.81,49.82,0.274,44.39,0.789,17.15,34.59
23.58,11.29,31.66,-0.296,92.56,0.47,19.47,20.64
20.27,62.85,26.22,-0.167,0.64,0.591,24.01,22.73
28.54,36.7,32.11,-0.326,76.7,0.093,12.27,19.87
38.38,24.74,46.48,-0.034,29.44,0.909,19.07,32.69
19.59,12.52,20.37,0.139,38.84,0.429,14.17,9.93
26.15,67.21,18.45,0.259,3.83,0.687,13.35,28.24
34.47,56.93,35.72,-0.09,22.67,0.443,28.51,25.06
25.52,51.62,31.46,0.578,10.31,0.535,17.46,33.67
28.71,75.84,35.06,0.067,11.73,0.354,11.63,26.59
19.63,64.56,42.56,-0.165,28.05,0.146,17.33,19.68
28.57,79.24,30.58,0.241,66.95,0.316,10.74,20.55
24.88,34.11,20.02,0.935,54.47,0.687,16.7,37.99
31.91,54.48,51.36,0.284,35.76,0.271,13.93,35.18
33.12,30.75,27.02,0.005,31.01,0.714,21.07,26.18
41.54,51.56,26.53,-0.461,22.3,0.748,29.62,31.21
29.48,51.27,43.83,0.062,144.05,0.107,16.95,16.86
27.95,64.4,31.92,0.244,32.86,0.376,14.15,21.94
27.17,55.68,34.49,-0.005,11.72,0.691,18.55,28.51
23.88,64.35,38.86,-0.516,10.46,0.393,26.95,27.89
28.03,65.55,43.67,-0.19,37.8,0.847,21.1,34.95
24.23,87.32,32.33,0.732,29.6,0.413,17.15,29.53
27.01,50.27,47.16,0.724,0.31,0.076,5.6,24.05
33.91,40.88,17.91,-0.205,70.89,0.671,17.69,13.87
19.96,58.69,41.08,0.419,48.71,0.3,22.66,34.22
32.84,42.97,28.28,-0.321,43.37,0.537,23.75,21.1
33.9,77.23,45.98,0.712,2.85,0.751,25.87,47.66
25.29,50.75,36.14,0.248,17.98,0.855,13.95,29.17
13.27,46.52,29.62,0.53,109.57,0.071,15.58,22.16
22.35,47.93,40.3,-0.536,79.39,0.572,17.28,22.48
33.78,65.78,42.15,0.421,13.45,0.463,22.26,31.94
25.86,52.63,40.14,0.147,6.83,0.255,16.42,24.7
20.0,45.37,26.76,0.491,23.85,0.368,21.15,28.57
22.97,79.98,31.13,0.516,17.59,0.282,15.69,26.1
31.04,42.16,34.97,0.176,45.86,0.277,13.76,19.67
29.28,55.53,34.67,-0.09,135.77,0.314,24.66,26.71
24.57,64.78,41.0,0.462,18.04,0.903,19.87,45.6
23.8,30.53,18.88,0.126,2.57,0.468,22.48,22.29
23.65,62.2,37.67,-0.199,91.16,0.41,16.76,25.32
20.47,39.17,32.68,-0.218,1.55,0.709,22.82,26.64
35.69,67.34,28.29,-0.441,122.11,0.237,11.62,18.01
24.07,40.56,29.06,-0.054,43.69,0.963,12.58,28.47
33.3,65.39,33.28,0.591,113.68,0.29,23.65,33.24
35.13,71.59,10.0,0.221,8.91,0.68,17.58,24.99
31.99,67.92,29.39,-0.062,1.66,0.84,16.52,24.84
23.41,58.77,27.99,0.472,26.79,0.572,12.48,31.21
28.42,51.53,39.26,-0.183,23.96,0.088,22.83,25.28
25.85,46.35,28.56,0.188,16.11,0.34,29.19,31.35
20.58,77.07,33.28,0.078,126.48,0.693,21.65,32.06
27.95,44.51,47.34,0.462,69.17,0.103,15.31,27.21
18.93,39.44,42.95,-0.481,43.34,0.08,26.32,27.27
33.13,64.98,42.22,-0.19,7.11,0.759,20.16,22.0
23.21,43.06,31.0,-0.505,53.02,0.599,15.4,16.46
27.21,40.75,39.34,0.046,51.93,0.13,25.65,22.12
27.7,33.35,33.13,0.635,22.14,0.33,16.92,36.18
24.45,47.76,33.43,-0.052,103.5,0.426,9.34,20.03
29.52,53.76,38.28,-0.054,7.31,0.577,16.09,24.12
23.15,58.65,30.22,0.499,12.44,0.249,21.19,26.61
31.23,69.27,46.94,0.577,2.61,0.645,13.69,31.51
17.92,62.9,33.72,0.115,63.48,0.601,6.77,24.99
26.76,52.14,39.95,0.424,38.89,0.427,26.82,39.74
37.63,52.03,46.64,-0.281,15.13,0.385,35.96,32.73
20.0,62.65,43.25,0.701,7.16,0.354,15.15,31.01
21.93,74.09,23.73,1.009,1.64,0.654,14.22,39.65
29.08,56.89,38.56,0.358,7.3,0.287,9.92,28.16
27.08,47.96,41.81,-0.684,24.15,0.387,13.07,11.29
28.1,40.11,42.13,-0.073,11.36,0.412,8.83,21.85
28.94,33.32,26.09,0.395,11.99,0.572,10.17,20.95
29.81,64.99,29.74,-0.019,83.36,0.517,18.01,29.59
32.66,63.67,42.96,0.659,28.96,0.695,8.53,33.46
28.46,63.66,28.91,0.385,52.26,0.418,9.19,19.27
24.55,53.07,32.6,-0.133,1.45,0.929,19.24,31.08
30.04,76.1,47.61,0.163,18.18,0.52,14.3,36.21
37.4,47.74,34.62,-0.208,26.09,0.37,20.14,23.97
25.2,69.33,29.19,0.077,8.25,0.161,15.95,17.73
20.15,54.42,27.98,-0.072,5.12,0.401,16.89,20.14
32.64,45.87,37.66,0.62,81.7,0.582,22.68,40.77
25.28,63.89,24.33,0.996,112.16,0.798,14.71,42.74
12.96,61.14,33.02,-0.422,3.28,0.47,22.26,14.23
31.08,60.35,37.67,-0.619,17.17,0.488,15.48,18.87
22.79,56.22,45.39,0.052,127.08,0.4,13.08,25.39
25.46,54.43,40.34,-0.457,3.47,0.869,11.56,24.67
27.99,90.83,29.29,0.168,41.27,0.67,8.06,28.34
27.14,72.76,44.43,0.45,143.34,0.648,10.56,28.2
30.26,65.84,32.6,0.748,153.08,0.359,7.36,28.7
23.39,56.68,25.11,0.231,25.49,0.722,12.03,18.99
29.08,70.11,33.62,0.073,7.11,0.275,22.93,22.75
24.44,62.77,46.51,-0.641,9.03,0.711,17.95,26.41
30.43,55.39,36.32,0.16,88.15,0.427,15.67,22.17
29.69,50.45,35.1,0.179,97.07,0.384,13.85,32.65
20.39,53.79,48.1,0.406,37.45,0.3,17.51,30.09
32.52,10.0,23.55,-0.133,58.13,0.601,18.18,17.15
22.78,58.16,24.72,-0.024,53.87,0.573,11.31,18.66
30.85,47.67,22.07,-0.441,43.37,0.581,20.78,20.95
28.2,78.89,37.98,-0.767,70.24,0.213,16.05,15.88
37.03,55.29,36.33,-0.293,46.26,0.289,19.78,18.12
24.66,37.17,47.34,-0.478,30.54,0.581,17.81,27.38
23.9,54.25,36.95,0.285,10.82,0.755,9.49,32.54
25.88,39.31,31.77,-0.057,54.49,0.5,25.81,23.69
24.18,62.1,35.01,-0.065,25.66,0.199,17.93,21.21
30.8,59.36,35.94,-0.244,13.97,0.254,15.79,16.76
16.3,69.37,21.63,-1.143,64.77,0.582,21.5,3.64
19.68,43.14,56.68,0.753,47.72,0.974,11.06,47.04
19.59,55.51,39.16,-0.25,110.8,0.21,8.55,19.07
31.7,34.52,36.68,-0.015,7.23,0.223,21.34,23.03
36.26,65.52,39.92,-0.432,41.9,0.358,24.88,13.25
25.37,62.78,40.68,0.539,11.2,0.758,19.72,38.57
24.99,62.44,33.88,0.207,93.56,0.657,22.83,30.44
26.42,55.02,29.95,-0.181,4.19,0.639,10.4,28.38
32.97,61.22,39.8,-0.007,42.7,0.668,15.84,27.74
20.44,79.07,38.09,0.821,62.63,0.269,14.05,25.27
27.43,50.72,28.52,0.121,17.54,0.79,24.17,33.27
31.85,57.08,46.35,0.077,123.28,0.396,20.96,32.38
29.01,38.71,37.35,-0.227,76.08,0.566,24.19,28.4
27.14,41.98,40.84,-0.608,13.96,0.481,14.29,16.7
32.01,56.47,46.14,0.086,0.3,0.63,11.21,28.13
9.78,71.56,35.18,0.28,14.08,0.2,25.97,27.96
30.07,51.16,37.54,0.59,13.21,0.932,18.16,41.31
22.08,51.46,41.48,-0.749,88.28,0.353,24.39,27.5
15.02,48.9,29.2,-0.3,136.6,0.783,17.61,22.46
29.07,46.98,35.43,-0.082,2.92,0.645,31.22,28.29
34.24,59.42,36.0,0.149,25.49,0.441,25.07,29.22
25.18,32.54,27.35,0.092,31.79,0.157,17.04,17.36
31.72,74.21,53.54,0.101,3.9,0.475,18.12,27.1
35.67,45.02,23.74,0.313,18.96,0.141,18.14,19.74
33.89,65.83,24.62,-0.211,15.26,0.366,11.18,12.44
35.84,35.95,45.51,0.524,30.72,0.724,15.11,36.92
30.45,65.03,40.71,0.323,43.29,0.138,14.65,31.57
26.45,65.08,26.79,0.022,48.63,0.267,19.4,21.3
16.39,60.76,39.86,0.79,5.88,0.825,13.11,42.31
24.52,40.08,46.74,0.773,67.05,0.254,17.1,35.31
20.94,58.74,34.76,0.523,45.4,0.324,15.8,30.41
39.03,37.25,55.79,-1.057,87.96,0.172,18.45,13.79
24.94,51.21,21.21,0.782,23.87,0.666,26.81,39.24
26.74,70.44,40.55,0.468,89.73,0.411,24.57,35.38
29.31,66.95,44.33,0.953,80.33,0.405,10.14,41.1
26.26,55.23,42.13,0.645,23.08,0.434,17.69,38.99
36.17,40.38,33.37,0.781,19.2,0.542,16.18,33.46
22.26,64.68,32.68,0.501,108.01,0.839,14.12,37.65
27.17,55.29,38.55,0.689,50.23,0.315,30.92,40.54
21.55,20.2,41.53,0.948,105.38,0.667,14.84,43.18
18.08,66.74,39.82,0.237,63.78,0.278,15.26,21.09
22.33,54.64,43.32,-0.479,37.59,0.671,28.53,38.81
25.78,73.04,26.85,0.027,4.93,0.101,23.81,21.29
23.42,38.57,33.18,0.306,13.78,0.339,15.34,21.61
21.85,10.0,27.48,0.18,138.75,0.591,22.56,28.95
17.56,59.19,31.91,-0.349,15.39,0.439,16.56,23.06
25.5,59.37,43.12,-0.502,3.92,0.959,16.96,26.83
16.97,29.64,35.86,-0.146,49.18,0.515,13.17,19.26
30.56,40.32,55.85,0.473,52.97,0.398,3.4,34.4
26.49,96.33,36.55,0.782,13.44,0.696,9.45,36.46
17.25,50.42,35.48,0.517,14.13,0.516,11.37,27.32
24.14,65.96,35.85,0.573,25.31,0.349,20.51,31.92
21.49,45.24,29.9,0.118,0.88,0.413,18.92,20.23
27.92,23.65,34.54,-0.547,62.3,0.654,24.52,20.85
34.04,52.45,44.02,-0.032,15.26,0.585,10.78,20.47
14.75,51.02,35.91,0.046,76.9,0.183,28.72,24.45
26.69,49.0,28.65,-0.049,64.91,0.506,28.17,31.57
25.04,53.28,27.6,0.172,43.32,0.324,18.21,23.51
30.03,58.96,31.4,0.327,15.71,0.436,13.88,30.23
27.28,52.75,35.59,0.491,29.05,0.442,14.19,28.61
21.49,36.04,44.55,0.039,23.54,0.127,19.19,19.2
24.09,62.29,24.28,-0.612,16.55,0.725,29.3,28.25
21.22,25.76,32.44,-0.043,75.39,0.742,17.43,28.35
32.46,24.24,36.15,0.167,26.43,0.768,8.51,31.07
26.13,66.09,20.33,0.639,71.52,0.228,29.37,29.59
37.41,62.61,28.33,-0.077,4.45,0.346,15.6,23.23
25.64,54.14,29.56,0.355,6.08,0.279,26.72,26.63
21.75,34.07,28.63,0.266,151.45,0.297,21.75,22.8
16.92,44.38,36.54,0.168,35.45,0.452,17.11,27.87
15.18,51.06,33.72,0.522,28.52,0.458,23.8,31.04
16.5,31.06,30.56,-0.114,29.62,0.816,13.59,24.84
27.6,43.91,38.42,-0.08,9.7,0.213,16.25,26.17
29.05,64.78,48.78,0.145,50.73,0.72,14.82,36.35
16.51,76.41,48.11,-0.106,3.54,0.612,16.8,27.92
31.37,48.71,19.62,0.353,34.07,0.835,21.29,35.81
23.1,66.35,39.62,-0.135,33.83,0.577,21.24,30.92
26.88,26.29,33.58,0.241,98.22,0.373,8.67,22.1
35.67,64.89,36.24,0.11,29.88,0.088,14.79,18.73
31.38,42.94,31.81,0.236,5.9,0.251,15.82,21.33
24.39,59.61,35.94,-0.034,34.02,0.271,21.52,28.2
20.65,51.28,36.21,0.014,3.83,0.301,9.6,22.91
13.09,74.81,30.37,0.188,9.12,0.386,22.24,28.64
21.69,41.88,27.83,0.231,1.26,0.625,11.24,26.36
24.73,64.41,31.41,0.148,28.8,0.684,19.49,29.05
20.08,50.81,36.87,0.832,3.53,0.492,24.69,40.52
25.21,52.63,39.79,-0.246,25.35,0.189,10.64,16.22
26.46,52.24,41.83,0.124,108.09,0.74,19.45,35.79
24.65,42.31,31.05,-0.479,50.88,0.62,16.89,25.97
22.1,54.79,37.27,0.299,3.22,0.173,12.14,27.51
27.01,54.06,42.7,-0.296,10.15,0.514,10.65,26.52
28.65,58.62,44.32,0.039,44.79,0.578,13.75,29.91
19.46,56.27,34.53,0.001,90.04,0.76,13.14,30.6
34.47,66.97,33.23,0.262,1.34,0.877,16.77,30.16
25.41,68.85,36.53,-0.071,66.95,0.548,15.44,21.09
26.11,39.24,25.8,-0.088,33.0,0.812,20.54,29.49
30.25,68.03,33.45,0.724,31.59,0.088,22.85,28.93
27.4,37.2,40.96,0.264,126.63,0.552,8.83,33.88
31.72,63.82,40.14,-0.074,55.08,0.862,16.5,37.34
27.72,64.3,32.84,0.05,75.92,0.779,12.3,25.89
22.33,26.33,36.74,0.808,17.48,0.569,11.49,36.18
28.17,56.39,28.4,0.056,32.33,0.975,8.59,21.52
19.14,47.97,40.63,-0.126,38.22,0.123,8.14,17.32
26.65,43.62,34.38,-0.124,15.52,0.193,14.89,20.33
25.8,75.26,32.79,-0.07,33.78,0.408,20.36,21.34
24.75,45.19,32.11,-0.088,10.8,0.658,20.34,28.75
25.23,42.9,34.5,-0.362,6.19,0.44,11.68,15.25
14.71,56.14,31.42,-0.3,18.73,0.655,11.08,22.17
22.71,65.28,40.27,-0.182,53.77,0.262,19.44,23.9
26.56,52.88,31.84,0.387,99.17,0.261,15.41,31.25
26.96,72.5,47.74,-0.002,24.48,0.588,23.34,29.44
19.83,62.96,46.72,0.067,41.18,0.702,11.34,27.8
33.59,22.33,27.87,0.658,4.35,0.312,6.85,19.87
20.8,47.06,35.56,0.668,93.93,0.514,21.67,37.66
31.82,46.57,29.79,0.037,33.63,0.761,6.66,24.32
28.56,62.19,32.39,-0.102,60.63,0.174,9.33,17.39
22.12,15.63,51.02,-0.196,63.28,0.335,13.98,21.58
36.65,93.24,32.54,0.427,11.85,0.877,16.29,25.54
18.84,62.97,37.88,0.068,30.13,0.909,21.61,32.52
31.51,57.23,39.33,-0.005,129.24,0.715,11.91,32.3
32.0,72.72,26.99,-0.175,3.76,0.475,25.91,21.25
21.98,90.15,28.16,-0.158,45.96,0.452,8.9,16.6
34.35,68.06,25.35,0.278,131.09,0.873,15.77,28.88
24.5,69.23,27.91,-0.376,14.3,0.408,22.98,21.08
27.73,56.96,12.2,0.548,79.06,0.359,23.3,21.38
27.56,52.88,39.36,-0.064,108.52,0.505,0.27,22.57
25.19,47.86,51.43,0.09,54.99,0.643,34.25,43.23
30.86,42.61,36.18,-0.385,10.52,0.64,16.07,30.89
30.76,44.69,23.67,0.145,16.26,0.433,19.67,22.19
15.51,34.74,29.86,0.019,1.46,0.531,16.0,25.27
33.83,53.86,31.33,0.13,71.22,0.538,30.81,31.03
16.03,29.73,26.86,0.739,75.78,0.13,25.74,34.66
32.2,57.86,41.88,0.221,40.06,0.899,30.65,45.44
32.76,54.46,41.48,-0.168,17.39,0.364,20.84,20.97
19.45,57.2,25.76,-0.135,3.2,0.766,23.47,32.3
23.54,47.17,40.8,0.388,55.94,0.659,11.73,35.8
19.37,100.0,47.21,0.669,51.86,0.504,16.41,33.96
24.71,75.4,50.22,0.263,97.49,0.676,23.48,34.1
24.15,36.33,57.92,0.425,52.45,0.482,19.91,44.36
30.68,58.49,27.78,0.394,70.57,0.529,18.63,35.41
33.86,45.88,57.59,0.718,54.81,0.323,13.35,41.11
34.37,39.78,32.17,-0.63,39.84,0.384,24.99,20.88
22.63,34.9,30.26,0.417,22.27,0.532,24.91,34.77
24.74,61.48,37.62,0.543,92.96,0.539,24.25,41.48
15.9,44.78,30.34,-0.385,42.1,0.473,19.75,18.02
21.16,69.52,38.19,-0.204,20.32,0.17,18.06,13.17
31.79,69.91,24.44,-0.19,3.49,0.768,24.74,29.06
35.69,75.61,33.09,-0.142,13.74,0.43,23.62,24.69
18.59,42.21,45.28,-0.043,31.39,0.391,12.64,19.44
22.45,62.13,34.54,0.247,12.9,0.64,19.9,24.48
25.84,64.49,36.13,0.496,10.0,0.629,21.95,37.45
27.68,47.89,38.8,0.583,29.98,0.702,13.96,36.01
21.14,43.42,44.37,-0.185,7.44,0.611,23.42,30.11
28.54,79.14,21.76,-0.188,64.46,0.443,22.31,22.2
23.16,58.41,39.68,0.676,26.49,0.457,15.5,32.27
25.91,64.54,32.85,0.409,34.12,0.374,9.86,28.32
29.28,42.67,36.33,0.183,6.38,0.466,21.52,32.3
26.04,36.71,43.48,0.339,15.7,0.351,29.79,27.54
23.38,46.46,25.45,0.138,21.11,0.473,19.53,25.0
25.34,53.14,26.9,0.36,66.05,0.588,21.85,32.79
25.47,39.04,19.52,0.016,58.81,0.347,11.01,18.86
23.78,54.85,30.61,0.258,10.09,0.816,17.71,35.13
24.45,29.67,45.64,-0.454,38.3,0.878,17.33,23.68
35.59,38.2,34.04,-0.125,11.16,0.237,12.68,16.54
29.37,65.06,24.28,-0.121,177.75,0.44,20.64,18.23
24.23,64.06,31.11,0.0,121.57,0.517,20.41,29.93
30.18,49.12,23.1,-0.221,33.14,0.515,16.24,14.89
24.0,39.73,26.0,-0.063,48.01,0.385,17.92,20.91
33.04,39.59,38.11,-0.456,64.66,0.715,30.32,32.72
28.22,49.4,25.61,0.369,51.06,0.802,14.28,33.67
25.36,64.67,43.9,0.117,48.14,0.595,11.21,29.56
28.69,68.92,34.43,-0.532,127.33,0.32,11.07,17.31
16.57,47.55,35.68,-0.184,36.3,0.798,19.49,25.71
19.24,37.7,32.77,0.285,40.46,0.423,2.73,22.45
18.84,59.02,41.18,-0.067,75.69,0.875,14.94,34.5
26.86,42.65,41.27,-0.129,44.33,0.358,12.19,18.13
36.4,47.23,37.68,0.12,52.81,0.487,17.66,31.45
39.39,74.88,39.52,0.287,10.67,0.727,17.68,25.81
29.83,67.41,33.3,-0.425,18.56,0.279,20.07,19.37
29.01,57.37,39.34,0.37,6.37,0.623,21.69,34.52
15.19,35.92,32.3,-0.17,28.19,0.781,24.85,31.97
22.74,58.17,35.02,0.143,24.33,0.354,15.88,26.5
21.27,70.94,32.8,0.136,234.6,0.312,14.0,23.27
22.27,49.37,31.34,-0.061,37.79,0.812,23.12,35.57
24.99,75.27,29.49,-0.259,61.75,0.443,8.05,16.65
23.17,74.39,38.74,0.036,16.26,0.279,22.54,30.68
14.12,79.96,45.48,0.8,71.24,0.479,18.86,36.55
30.49,59.58,44.37,-0.395,38.19,0.263,20.69,18.87
19.56,63.81,24.95,0.827,47.76,0.582,20.19,32.82
27.44,76.21,45.31,0.046,13.95,0.626,18.82,32.26
38.44,61.71,32.45,0.164,31.82,0.162,19.06,9.96
20.48,47.48,39.81,-0.285,40.21,0.275,11.34,22.82
10.82,48.27,27.75,-0.159,35.58,0.261,14.09,13.56
24.28,58.58,36.14,-0.051,98.7,0.694,28.66,37.75
32.61,35.64,37.51,-0.268,91.42,0.45,22.04,24.26
37.75,52.85,23.12,0.066,141.6,0.676,24.36,20.3
18.62,71.45,39.87,-0.013,44.04,0.676,15.93,28.71
28.98,22.13,45.77,0.89,142.9,0.055,18.48,31.74
23.21,78.02,33.6,-0.316,71.47,0.833,21.16,25.66
25.36,71.84,45.88,0.191,12.63,0.237,25.23,30.69
41.87,48.1,33.48,0.249,22.31,0.639,17.08,27.65
16.98,63.15,41.8,-0.278,10.89,0.749,20.86,20.44
27.52,55.05,17.25,0.425,0.17,0.116,22.26,23.4
28.81,73.45,54.35,-0.009,8.33,0.814,23.61,41.97
32.51,69.74,46.96,-0.847,0.16,0.434,16.79,19.35
26.59,34.0,32.72,0.414,50.9,0.622,25.69,35.13
27.85,63.81,19.22,-0.297,22.17,0.68,9.47,23.48
23.65,51.92,37.3,-0.269,14.99,0.163,11.22,18.18
27.61,56.24,23.45,0.425,57.37,0.749,20.88,32.01
23.94,44.08,38.56,0.011,71.47,0.778,20.73,29.16
29.73,81.22,38.29,0.517,148.04,0.512,16.59,26.29
23.78,70.6,27.47,0.634,41.09,0.074,15.35,25.29
28.26,43.9,43.97,-0.108,24.76,0.371,15.43,27.9
25.82,34.98,41.44,0.467,14.57,0.64,12.61,34.59
32.76,49.21,42.81,-0.152,10.06,0.807,17.73,30.82
25.69,61.52,35.07,1.043,9.58,0.456,8.66,33.7
15.36,58.6,23.68,-0.127,21.05,0.21,24.79,19.83
33.57,73.8,42.82,0.56,192.08,0.689,20.29,32.6
20.57,66.85,32.84,0.488,0.03,0.667,25.76,36.55
22.08,69.54,23.88,0.276,8.79,0.837,18.97,31.12
22.43,59.9,45.82,-0.118,8.35,0.715,17.78,33.95
34.25,34.16,51.8,0.089,50.51,0.436,18.75,28.22
13.19,52.06,34.67,-0.711,17.38,0.262,13.8,6.72
44.83,70.9,52.27,0.24,24.45,0.158,10.54,22.85
32.34,54.23,35.73,0.29,6.44,0.67,12.09,30.3
27.34,62.55,31.96,0.203,20.77,0.47,15.44,26.77
25.67,50.22,29.96,-1.039,4.36,0.732,12.7,4.58
27.71,39.55,48.1,-0.356,30.46,0.646,26.09,33.89
29.13,53.15,28.76,-0.149,4.12,0.381,13.77,27.98
29.87,59.64,40.88,0.267,62.52,0.888,20.36,41.98
29.33,45.16,30.53,0.266,33.44,0.72,21.51,26.13
26.54,51.46,31.32,0.082,51.49,0.635,25.42,31.19
24.82,40.91,43.24,0.404,21.69,0.614,22.09,37.33
25.09,71.79,31.96,-0.26,19.22,0.889,16.96,26.7
24.83,50.58,31.76,0.394,4.13,0.61,28.24,32.53
32.8,76.79,44.06,0.34,29.68,0.414,10.54,24.48
29.56,77.93,47.78,0.301,28.9,0.421,12.36,33.38
8.36,53.78,40.16,0.077,25.25,0.703,19.32,32.28
29.94,39.87,29.76,0.882,53.96,0.675,18.52,37.32
27.17,23.71,30.92,0.347,71.47,0.706,22.9,37.28
25.89,32.92,35.64,-0.237,55.58,0.202,18.96,17.75
23.67,34.39,37.57,0.249,6.21,0.13,20.21,24.09
32.74,75.68,27.1,0.451,38.92,0.372,23.98,27.25
31.69,56.74,40.78,-0.085,3.35,0.289,18.84,18.8
21.36,60.84,35.68,0.586,47.45,0.777,22.08,38.76
28.44,21.69,21.27,0.303,19.24,0.302,13.47,24.98
20.17,37.03,27.57,-0.787,5.69,0.424,13.86,15.5
17.72,68.31,30.97,0.27,79.23,0.735,23.29,33.13
22.24,59.3,34.42,-0.012,38.08,0.48,18.73,25.59
31.17,52.79,50.11,0.365,17.52,0.26,19.02,39.01
31.72,63.47,36.91,0.528,1.25,0.07,13.84,23.45
29.08,79.54,28.27,0.228,30.83,0.583,15.55,24.51
30.35,51.68,36.77,0.816,102.68,0.69,19.72,43.56
29.1,56.04,32.18,0.079,36.29,0.718,16.19,23.42
22.15,57.89,37.6,0.4,142.53,0.835,12.83,33.48
28.59,90.88,39.64,0.472,5.87,0.712,12.9,33.05
30.8,23.51,44.67,0.111,33.6,0.827,14.18,34.75
30.53,65.25,34.81,0.462,64.0,0.284,15.97,25.42
33.13,53.28,48.11,-0.088,29.82,0.903,16.34,34.15
30.25,63.5,42.26,-0.019,3.82,0.651,27.41,35.18
28.11,45.14,29.34,-0.375,34.98,0.664,23.55,24.38
32.42,54.27,52.68,0.247,37.84,0.576,19.78,36.62
25.84,65.67,37.62,0.28,52.18,0.316,29.17,36.73
20.71,100.0,28.32,0.622,57.29,0.289,17.31,27.95
25.02,67.12,48.22,0.466,58.92,0.424,20.85,39.16
21.53,42.28,51.62,0.036,43.56,0.613,19.97,29.17
21.95,48.64,34.74,-0.321,9.72,0.645,20.84,27.28
25.13,48.2,30.97,0.323,20.72,0.824,13.51,29.53
21.25,28.07,33.62,0.594,59.87,0.563,16.17,39.05
24.15,50.05,40.72,0.452,122.67,0.832,13.13,36.53
14.64,65.99,45.22,0.584,3.29,0.369,20.45,33.16
27.28,35.89,39.56,0.065,30.67,0.501,18.02,34.24
26.01,70.73,35.81,-0.037,14.99,0.935,6.71,32.39
21.1,62.32,46.98,-0.145,10.22,0.198,21.08,24.51
29.96,43.99,32.5,0.128,28.19,0.335,19.3,20.88
31.63,52.88,43.25,0.119,37.27,0.84,28.23,34.15
16.35,78.97,32.7,0.233,0.39,0.613,23.56,26.39
21.42,66.0,38.45,0.098,60.6,0.76,24.68,36.55
21.39,55.13,34.09,0.097,68.57,0.384,11.23,22.18
20.36,51.43,34.55,-0.161,134.68,0.197,24.71,18.3
30.98,56.15,31.98,0.527,7.97,0.418,16.83,28.42
24.84,47.32,45.76,0.181,36.11,0.856,13.85,42.55
24.41,23.43,29.14,0.08,22.25,0.885,3.93,28.03
13.98,85.63,29.08,-0.149,16.31,0.394,25.88,27.37
29.81,57.33,51.97,-0.383,33.35,0.814,16.29,29.61
18.56,60.97,42.82,0.673,61.0,0.69,17.27,41.83
26.36,54.13,15.92,0.372,0.93,0.548,19.93,29.18
27.66,43.97,30.48,-0.5,139.47,0.425,29.17,27.15
34.16,52.21,20.5,0.455,66.4,0.495,16.64,25.37
18.15,31.01,27.39,0.519,55.64,0.084,17.91,19.22
7.88,89.16,10.0,0.2,57.15,0.399,23.81,13.19
27.1,36.48,33.9,0.789,19.71,0.503,16.33,34.84
36.8,39.52,25.86,0.237,55.71,0.198,13.01,17.51
33.43,48.4,35.48,-0.417,19.56,0.414,4.87,14.44
27.26,74.32,22.0,0.296,91.59,0.332,26.02,21.51
23.05,55.22,35.66,0.248,7.8,0.337,19.43,32.77
30.84,36.46,31.68,-0.091,13.83,0.837,21.28,25.06
20.16,73.82,47.02,0.379,32.06,0.841,15.08,42.49
28.86,65.97,46.29,-0.517,15.38,0.497,22.08,24.81
29.03,63.08,41.28,0.546,22.08,0.435,14.5,39.23
32.36,65.74,32.39,-0.201,27.12,0.701,18.98,19.66
42.56,90.92,50.88,-0.244,77.62,0.484,18.65,28.59
28.35,87.78,22.58,0.104,29.63,0.422,24.78,20.74
22.95,44.7,23.77,0.323,18.01,0.59,21.88,25.61
25.85,79.36,34.33,0.216,11.39,0.086,14.24,26.62
15.39,60.75,53.03,-0.147,21.02,0.43,21.61,32.54
21.83,62.49,33.38,-0.052,29.01,0.59,15.8,20.36
23.54,29.62,33.53,-0.303,54.83,0.224,13.13,16.19
22.86,52.44,23.46,0.06,5.16,0.394,21.31,28.13
26.91,42.81,42.57,0.58,10.02,0.623,19.16,40.71
21.07,67.42,42.63,0.148,19.1,0.733,10.82,30.67
32.73,71.07,41.31,0.494,17.88,0.547,14.91,36.69
26.0,23.88,29.97,0.732,19.89,0.436,22.47,35.52
25.94,54.67,29.35,-0.085,63.1,0.303,20.33,17.08
24.03,71.83,24.66,0.075,15.67,0.499,20.59,25.1
26.93,52.2,35.67,1.018,27.88,0.595,29.07,47.96
30.95,65.94,26.36,0.728,39.12,0.489,23.98,35.07
20.8,60.27,25.58,-0.519,10.57,0.105,17.3,8.87
22.05,60.12,31.61,0.305,50.73,0.455,15.58,28.92
24.18,50.93,31.09,0.15,31.68,0.229,13.92,22.32
17.92,36.75,30.7,0.481,23.68,0.047,15.24,14.07
21.08,38.18,38.73,-0.148,66.38,0.296,8.41,13.26
23.14,65.64,35.63,-0.186,11.16,0.627,10.7,24.08
31.25,55.29,32.69,-0.12,85.88,0.254,21.95,24.78
27.58,52.92,36.46,-0.079,32.93,0.561,27.21,29.22
27.16,48.64,27.07,0.476,37.58,0.444,18.33,32.05
31.11,50.42,35.84,-0.322,83.2,0.527,13.78,22.87
25.18,70.7,36.2,-0.099,68.06,0.398,0.0,15.75
28.34,49.97,22.98,-0.566,36.81,0.758,28.22,25.95
25.38,34.88,42.97,0.553,55.97,0.82,9.97,38.7
27.59,66.15,27.95,0.658,22.72,0.47,9.17,30.85
22.5,51.93,35.72,0.019,31.71,0.567,16.22,30.7
11.37,55.47,44.32,0.031,2.56,0.211,17.75,19.36
25.19,79.11,42.41,0.331,3.77,0.525,18.06,30.53
34.54,54.69,35.27,0.74,70.74,0.454,12.87,36.77
31.56,59.34,32.1,0.313,2.46,0.277,20.49,29.51
31.79,37.32,42.58,-0.129,7.42,0.852,14.87,32.45
33.42,51.7,40.4,-0.498,63.55,0.501,15.02,23.18
26.53,64.14,30.05,-0.296,0.05,0.562,16.33,25.77
27.18,31.67,28.64,0.179,13.27,0.447,13.94,23.95
22.29,58.01,18.42,-0.112,35.09,0.648,10.47,17.1
24.1,56.51,36.23,0.228,36.2,0.425,10.87,28.06
29.69,55.62,34.34,-0.071,60.05,0.639,11.37,24.8
33.22,70.56,44.09,-0.273,28.2,0.29,20.74,28.6
25.16,60.02,37.87,-0.321,28.49,0.788,20.39,35.24
23.3,77.17,45.67,0.775,51.68,0.529,16.39,41.92
26.0,40.1,29.42,0.506,27.62,0.689,16.69,28.93
29.61,57.04,44.11,0.842,37.51,0.564,25.01,40.4
17.34,56.27,30.77,0.366,91.22,0.379,21.09,23.25
12.22,38.96,41.22,-0.022,20.53,0.785,27.39,34.55
22.7,69.34,23.33,0.679,19.45,0.51,14.54,32.06
18.68,89.87,36.88,0.137,0.14,0.545,11.01,22.65
22.95,54.74,19.12,0.238,38.02,0.6,23.98,26.29
25.11,62.58,32.86,0.133,1.21,0.654,17.88,30.36
23.28,56.27,38.52,-1.029,28.06,0.793,13.18,15.4
34.71,44.3,30.83,0.792,65.23,0.531,20.93,35.86
27.96,27.69,26.6,0.346,31.93,0.321,13.77,21.71
27.8,44.41,41.77,0.282,12.57,0.551,22.13,32.74
29.73,34.12,34.17,0.125,61.7,0.784,20.92,33.04
19.17,80.56,31.08,0.215,12.57,0.862,16.64,33.8
32.23,53.27,35.34,-0.089,52.83,0.605,7.88,16.97
25.55,49.81,56.09,0.397,37.69,0.151,12.46,32.46
30.02,68.34,44.23,-0.373,7.45,0.881,27.11,27.13
19.57,38.17,44.3,0.224,94.21,0.729,28.47,38.31
16.68,43.5,38.48,0.375,8.96,0.403,33.56,38.39
30.91,56.02,36.33,0.071,182.59,0.485,20.4,29.68
28.26,70.43,15.83,0.298,0.29,0.567,11.46,19.24
20.59,62.53,29.57,-0.247,12.23,0.872,26.03,28.36
20.78,58.72,31.16,-0.236,8.92,0.7,16.41,23.41
32.75,56.17,20.0,0.245,0.56,0.108,13.91,11.85
18.86,61.0,25.74,0.421,52.73,0.567,20.01,30.06
35.86,58.02,19.15,-0.6,47.29,0.335,29.38,11.62
20.6,39.55,34.69,0.359,62.88,0.795,17.37,35.99
29.83,55.69,41.55,-0.067,11.87,0.71,18.1,28.82
24.03,38.89,43.85,0.073,23.5,0.399,8.81,23.65
29.62,56.22,38.32,-0.386,43.05,0.544,18.65,26.11
22.74,47.79,27.29,-0.191,23.18,0.785,21.99,29.87
25.02,93.09,19.54,0.536,47.8,0.677,17.47,31.21
26.25,54.4,20.95,0.163,40.2,0.592,17.92,27.05
19.99,33.94,24.85,-0.003,4.87,0.445,19.35,17.38
30.44,52.99,27.89,0.103,60.76,0.455,11.7,21.76
22.92,62.79,33.72,0.346,51.02,0.836,4.33,28.67
24.63,80.1,26.89,0.326,42.67,0.436,17.38,24.6
20.03,46.16,37.71,0.12,6.74,0.814,16.65,32.39
10.63,31.26,33.14,0.587,12.48,0.162,21.42,22.45
24.85,67.25,35.08,0.538,19.98,0.657,32.38,42.0
40.48,34.29,44.12,0.315,13.14,0.158,25.78,27.28
30.71,48.46,25.56,0.172,10.34,0.704,5.66,20.77
25.88,51.14,38.35,0.413,65.46,0.71,33.12,39.77
24.42,53.96,34.89,0.276,40.67,0.284,21.98,25.22
26.13,65.34,32.33,0.574,33.34,0.838,16.41,42.26
29.28,44.75,42.08,0.51,10.24,0.733,26.86,42.75
18.92,50.89,42.03,-0.257,100.08,0.43,2.68,23.27
32.69,54.79,27.43,-0.284,8.49,0.774,14.73,29.0
30.29,57.24,33.54,-0.13,63.38,0.058,19.18,22.77
30.31,56.47,37.25,0.54,136.06,0.826,18.4,33.44
28.63,61.54,32.82,-0.481,51.94,0.288,27.08,26.18
26.12,67.66,39.68,0.308,197.67,0.27,25.08,28.54
30.04,60.89,37.25,0.295,42.11,0.045,22.09,24.91
29.55,61.8,49.66,0.615,9.81,0.483,16.34,36.42
23.88,31.27,22.76,0.222,9.12,0.171,23.77,20.69
22.56,55.75,34.02,-0.387,15.7,0.727,14.41,24.98
26.61,62.19,27.73,-0.234,0.29,0.528,22.63,32.17
35.29,65.93,39.83,-0.323,45.79,0.15,13.63,9.84
18.57,44.61,22.06,-0.065,12.52,0.566,19.77,28.54
17.19,45.11,37.77,0.077,67.54,0.36,9.27,26.25
26.99,46.39,29.96,-0.316,17.8,0.827,24.21,28.53
26.31,63.05,29.13,0.738,26.15,0.274,15.33,27.75
27.04,70.51,23.43,-0.38,134.89,0.468,9.79,8.22
27.46,48.89,31.28,0.688,11.09,0.497,12.22,28.09
24.66,68.62,43.68,0.624,51.1,0.564,16.16,35.37
34.94,56.85,34.8,0.509,56.28,0.404,12.53,27.3
16.39,53.14,40.02,-0.128,9.99,0.828,22.32,32.11
21.03,51.83,48.32,0.287,27.81,0.682,16.33,39.13
25.38,66.2,37.11,-0.361,17.24,0.714,23.61,31.4
16.14,59.88,30.53,0.514,59.12,0.775,16.3,33.94
24.94,89.14,38.74,0.12,38.97,0.107,22.3,24.5
35.97,42.22,30.65,-0.014,25.85,0.64,18.05,29.07
26.13,62.77,30.96,-0.339,60.45,0.736,16.44,27.71
27.38,47.06,22.84,-0.841,10.72,0.416,11.76,10.02
18.44,41.96,42.41,-0.265,56.04,0.617,18.41,25.23
22.3,54.84,31.91,0.595,80.21,0.696,22.41,41.63
23.75,57.06,36.46,-0.011,84.35,0.292,13.87,25.32
24.09,98.77,26.71,0.082,61.24,0.58,17.93,23.55
33.69,52.24,38.49,0.412,20.97,0.826,14.69,28.52
29.35,38.05,28.9,0.872,160.27,0.456,29.62,37.57
19.33,59.1,33.87,0.68,19.1,0.202,19.87,27.55
27.48,23.88,42.02,-0.239,40.71,0.198,18.54,23.72
28.99,53.62,41.33,-0.627,7.03,0.471,15.09,20.45
32.84,55.24,34.82,1.094,157.39,0.904,23.3,40.06
35.48,66.92,20.85,1.058,48.69,0.63,18.0,35.6
19.91,69.6,58.94,0.225,56.0,0.613,17.61,44.2
21.13,47.45,48.97,-0.358,2.72,0.562,17.56,26.7
18.45,52.74,40.78,0.535,57.66,0.778,11.36,35.44
24.6,43.51,28.97,0.107,59.62,0.558,26.98,29.79
28.8,38.08,34.09,0.105,44.56,0.945,23.52,36.66
31.92,59.65,30.65,0.508,13.81,0.596,18.05,37.37
25.54,35.9,45.11,0.284,26.91,0.854,17.38,42.37
24.08,48.78,37.1,-0.324,4.68,0.885,12.71,24.97
26.91,40.07,28.73,0.02,25.52,0.64,9.14,22.68
20.99,63.25,31.23,0.414,11.18,0.565,12.71,28.18
38.54,82.02,43.97,0.354,17.18,0.423,24.86,33.96
16.35,35.48,47.8,0.255,7.1,0.476,15.68,31.83
27.11,27.2,47.23,0.523,10.46,0.54,24.49,39.69
38.14,53.13,41.06,0.005,3.19,0.64,17.82,24.24
26.04,55.24,32.98,0.221,100.98,0.405,12.79,25.22
24.86,58.28,10.0,-1.2,30.24,0.387,13.6,0.0
23.86,48.31,37.38,-0.03,20.22,0.212,19.48,20.53
24.92,51.99,34.99,0.456,30.63,0.763,8.28,35.17
34.24,60.51,36.12,-0.006,39.59,0.563,13.4,24.76
12.73,70.61,35.43,-0.036,101.98,0.101,15.28,12.24
35.2,25.67,24.39,-0.267,7.87,0.445,22.92,25.22
17.46,49.47,39.46,0.551,14.01,0.323,19.7,32.99
24.4,58.21,40.06,0.369,148.84,0.561,19.12,36.21
23.42,41.23,40.46,0.48,18.56,0.002,20.78,31.48
29.53,80.97,42.57,-0.54,0.91,0.485,24.2,22.51
16.41,45.47,39.83,0.086,6.39,0.235,18.3,25.48
28.77,54.38,31.72,0.038,1.07,0.41,11.79,15.18
38.15,63.34,34.43,0.038,183.9,0.7,19.13,28.84
17.82,46.13,35.73,-0.096,13.08,0.681,12.96,24.46
27.14,27.3,35.86,0.012,102.84,0.586,5.59,23.75
22.03,48.57,42.99,0.49,219.74,0.236,19.13,27.19
28.56,70.44,40.15,-0.615,36.64,0.476,21.1,28.23
26.11,49.95,51.62,0.861,1.35,0.248,20.08,44.81
22.15,42.3,52.65,0.344,3.4,0.443,21.03,27.6
28.93,68.89,35.64,0.133,26.28,0.097,24.69,27.07
36.83,50.04,10.0,0.513,20.85,0.209,12.19,14.2
24.85,47.35,44.89,-0.431,37.27,0.048,15.67,19.7
30.32,57.24,30.68,-0.116,23.11,0.202,10.28,17.73
18.24,66.56,28.59,0.102,108.77,0.278,20.7,19.08
20.26,90.73,31.81,0.696,30.61,0.251,25.37,30.99
28.83,67.41,31.43,0.131,47.33,0.099,14.73,15.8
34.9,72.4,39.9,0.33,90.72,0.448,22.33,36.56
28.13,47.41,22.52,-0.086,6.35,0.765,13.38,24.3
24.12,39.61,26.38,0.345,10.44,0.87,21.87,36.3
26.0,55.93,37.75,0.821,4.54,0.699,4.6,36.33
18.5,56.61,39.98,0.548,6.02,0.282,27.14,31.06
29.63,38.82,40.13,0.117,28.75,0.781,11.46,32.75
31.29,52.37,28.7,0.42,15.5,0.608,19.01,37.38
23.29,60.99,27.17,0.381,22.01,0.626,26.43,28.83
23.18,60.41,30.95,0.353,161.8,0.359,10.99,22.82
27.6,62.56,36.92,0.595,6.82,0.253,28.56,38.31
23.38,59.36,46.88,0.592,31.13,0.345,30.62,38.92
25.6,47.39,18.62,0.099,4.16,0.14,22.13,21.54
38.6,47.29,33.23,0.407,15.34,0.632,18.1,30.58
24.52,37.02,24.34,-0.003,29.99,0.459,16.89,19.15
23.85,81.77,21.78,-0.219,117.22,0.557,21.45,11.67
22.11,55.2,42.74,0.042,19.85,0.888,22.48,37.44
30.47,51.63,39.36,0.119,2.68,0.215,5.92,19.23
24.91,41.07,38.6,-0.515,19.65,0.079,16.29,19.35
22.1,99.03,42.37,0.494,6.3,0.648,14.49,34.72
33.93,38.9,31.16,-0.957,10.45,0.428,13.62,7.1
34.52,48.57,31.54,1.236,38.5,0.517,13.74,31.83
22.4,61.24,52.49,0.751,2.79,0.642,10.24,43.13
14.8,64.0,33.03,0.046,25.0,0.947,27.3,35.67
32.05,69.37,40.88,0.154,37.61,0.742,14.48,30.16
21.89,82.11,35.05,0.271,21.92,0.419,17.13,25.12
30.74,62.59,20.21,-0.086,0.77,0.319,16.12,20.51
14.18,39.16,18.64,0.227,169.4,0.459,14.71,21.74
31.36,51.15,30.37,0.092,18.3,0.279,20.5,21.27
18.73,59.62,43.45,0.112,60.31,0.756,16.13,25.05
30.38,86.02,41.31,0.223,15.76,0.872,21.63,36.37
26.09,34.03,42.31,-0.375,25.78,0.942,27.42,36.4
20.28,73.04,27.1,0.166,19.67,0.509,11.4,22.02
23.56,57.7,47.93,0.215,16.77,0.359,19.94,27.29
30.12,67.57,27.28,0.202,0.88,0.602,19.76,33.23
26.64,53.47,36.7,0.064,17.85,0.434,10.95,18.15
29.51,42.36,34.92,0.605,88.11,0.17,21.88,27.54
37.86,66.26,33.61,0.009,46.9,0.552,16.43,20.43
16.61,64.82,45.71,0.241,6.29,0.283,27.48,28.61
35.7,69.58,29.36,0.669,35.78,0.49,23.99,25.63
26.63,54.8,24.2,0.118,89.11,0.487,18.0,25.11
20.61,46.0,35.16,0.236,48.16,0.864,16.7,38.77
18.02,31.62,31.8,0.111,6.44,0.763,28.4,32.66
24.87,67.29,62.02,0.645,80.95,0.322,14.52,36.25
31.53,61.36,40.41,0.047,14.36,0.651,19.59,36.33
25.23,40.51,31.73,0.663,24.21,0.752,17.61,40.19
35.07,46.92,26.55,0.109,29.87,0.277,25.17,20.39
17.29,48.0,19.96,-0.194,76.02,0.547,25.63,22.89
25.93,32.76,26.8,0.422,107.3,0.332,21.25,31.14
18.49,42.73,35.92,0.028,106.17,0.504,14.83,21.02
28.18,37.99,46.42,0.398,0.32,0.647,17.06,37.06
31.32,48.81,43.97,-0.942,101.98,0.763,10.62,16.9
23.48,43.92,36.83,0.152,2.24,0.938,19.49,31.86
10.37,30.59,32.41,-0.034,12.36,0.806,13.16,24.2
27.19,85.34,37.15,-0.275,28.94,0.813,31.43,35.67
28.62,73.79,30.85,-0.071,26.15,0.52,14.71,22.83
28.43,43.31,48.75,-0.079,37.13,0.272,24.15,26.98
33.41,59.09,33.49,0.131,26.11,0.132,27.17,32.7
19.57,61.26,34.31,-0.397,108.95,0.783,22.97,25.17
30.08,72.87,17.27,0.277,11.01,0.737,14.96,26.97
33.16,42.72,33.44,0.696,12.81,0.694,14.53,37.23
15.33,71.38,41.69,0.262,101.4,0.811,35.66,33.36
27.92,46.78,26.46,0.474,3.19,0.52,29.84,37.85
22.97,34.96,28.99,0.588,37.62,0.577,19.82,33.03
25.51,65.86,41.34,0.645,45.79,0.795,15.97,39.73
28.09,74.36,23.19,0.898,28.17,0.66,12.78,32.55
23.08,93.82,43.46,-0.05,47.4,0.826,14.28,32.8
21.95,37.0,30.74,-0.137,7.59,0.265,22.26,12.93
26.2,65.48,31.89,0.463,76.59,0.71,31.88,41.15
19.48,48.85,26.01,0.433,6.03,0.341,17.29,26.47
19.49,66.75,38.02,0.46,20.49,0.732,25.19,46.37
30.08,32.94,54.68,0.906,3.13,0.49,23.39,40.7
19.11,36.06,41.25,0.155,31.52,0.824,16.25,34.79
30.0,43.36,28.09,0.32,44.32,0.263,23.99,25.14
28.78,56.18,44.08,-0.242,113.36,0.318,24.18,28.51
15.65,45.38,32.47,1.004,53.78,0.696,23.5,44.38
21.93,64.89,46.0,0.015,31.16,0.266,15.52,23.12
33.16,70.4,41.45,0.027,107.89,0.479,22.3,35.83
20.11,63.99,11.45,0.011,26.04,0.676,25.13,28.22
23.21,79.28,26.97,-0.108,32.95,0.492,23.73,27.01
28.77,61.24,42.56,-0.142,36.26,0.712,24.47,32.6
30.7,36.75,36.21,-0.059,21.1,0.853,16.78,28.15
24.49,75.45,26.81,-0.396,72.93,0.612,24.44,24.87
22.41,45.92,29.93,-0.164,8.19,0.197,25.74,20.05
34.53,68.66,19.75,0.93,32.37,0.399,15.26,26.22
36.43,78.61,34.29,0.444,51.24,0.385,9.7,30.39
31.87,61.85,52.69,0.52,93.73,0.679,27.81,47.21
26.51,32.56,41.44,0.621,86.14,0.334,15.22,35.25
21.15,41.23,52.52,0.884,28.43,0.075,13.54,40.8
21.02,74.84,42.06,-0.559,41.22,0.835,19.27,27.26
29.14,52.46,43.22,-0.342,20.05,0.377,16.38,20.79
28.51,56.19,50.79,-0.171,25.26,0.569,6.44,22.63
34.41,66.38,38.02,-0.038,94.69,0.63,23.35,34.57
29.9,65.44,33.5,0.03,106.77,0.394,23.2,25.14
16.98,59.18,43.26,-0.029,90.31,0.375,11.81,12.69
32.31,51.87,46.63,0.238,5.96,0.724,17.85,26.73
20.01,50.31,31.16,0.164,75.91,0.33,11.9,16.19
23.7,67.87,29.23,-0.139,118.54,0.333,12.85,16.09
27.5,63.3,36.11,-0.72,17.93,0.678,14.39,18.91
37.97,51.14,41.65,-0.247,29.25,0.678,21.17,29.89
44.66,71.23,41.38,-0.07,60.4,0.362,30.07,23.13
29.64,53.06,23.61,0.051,33.03,0.615,15.52,24.8
24.9,42.23,50.29,-0.302,201.34,0.623,23.03,32.44
29.21,43.62,29.87,-0.046,24.33,0.103,22.79,19.72
31.33,40.32,32.88,-0.302,50.06,0.179,5.22,9.22
24.08,50.91,27.78,0.1,62.92,0.677,9.69,21.69
36.77,73.51,56.59,-0.279,27.26,0.202,30.28,33.42
27.38,42.92,36.94,-0.19,77.79,0.906,14.96,25.12
28.99,57.83,28.19,-0.373,31.6,0.393,20.72,25.18
30.0,45.15,41.91,0.089,21.22,0.951,20.02,37.31
28.53,51.1,41.15,-0.197,4.56,0.346,5.23,14.81
31.03,32.35,33.5,0.513,20.0,0.748,13.91,35.77
22.3,51.69,41.72,0.312,52.96,0.358,22.36,34.48
22.65,52.09,28.4,0.122,101.68,0.54,12.37,25.14
19.4,63.1,31.06,-0.169,11.6,0.557,15.73,24.46
28.64,58.35,18.92,0.302,17.55,0.604,10.78,23.74
30.67,37.02,24.41,0.426,6.69,0.67,12.96,28.8
28.75,71.26,49.46,0.207,46.94,0.353,14.84,35.03
36.05,58.15,48.13,0.791,128.94,0.513,6.85,34.22
25.97,57.98,35.53,0.334,40.97,0.571,25.03,38.96
30.01,54.86,48.3,0.515,38.4,0.468,9.67,25.74
19.45,47.23,33.72,0.203,32.25,0.377,16.97,26.59
23.68,58.27,33.05,0.42,3.7,0.803,13.53,42.52
30.17,62.13,35.45,-0.169,52.3,0.645,24.46,23.41
31.09,28.8,34.0,-0.033,36.86,0.322,10.61,25.49
24.24,46.92,33.28,0.29,43.33,0.193,13.31,25.68
25.57,51.18,44.15,0.287,91.63,0.189,9.98,19.72
16.89,58.84,36.2,0.353,61.29,0.771,3.55,27.72
23.86,72.9,40.7,0.59,60.73,0.84,21.05,43.36
31.34,43.42,43.25,-0.42,104.79,0.183,18.19,21.85
29.45,47.53,38.11,-0.24,183.95,0.418,19.31,19.97
29.0,47.31,27.24,0.242,34.82,0.512,22.86,31.67
26.3,42.98,24.18,-0.14,4.61,0.395,18.65,24.96
26.04,49.79,36.19,1.501,24.58,0.565,15.34,48.8
22.04,66.56,33.63,0.356,61.97,0.396,19.56,33.37
30.19,39.19,35.7,0.119,1.12,0.275,14.96,21.03
28.53,61.42,34.87,-0.056,2.34,0.264,24.67,27.7
28.95,29.47,55.67,-0.042,2.78,0.566,15.83,40.29
22.84,46.58,24.36,0.162,52.53,0.529,17.28,21.19
13.08,50.06,19.08,0.195,27.82,0.194,21.82,19.67
32.58,80.12,37.66,-0.033,18.41,0.107,32.02,21.85
23.13,50.88,31.99,0.041,4.46,0.432,11.87,26.66
20.82,21.98,37.53,0.688,52.71,0.647,10.69,26.04
30.16,25.02,39.67,0.704,15.49,0.388,16.53,30.88
23.65,55.51,45.27,0.251,12.33,0.513,13.51,39.88
32.36,64.21,22.94,-0.387,42.26,0.324,22.2,14.46
29.7,60.63,30.55,0.365,32.75,0.368,19.18,27.76
30.1,57.51,38.43,0.772,18.0,0.49,11.28,38.19
17.8,72.43,41.16,0.698,41.03,0.203,22.5,32.53
33.27,46.91,52.55,0.444,12.66,0.637,29.09,36.81
27.57,68.42,42.65,0.719,63.36,0.418,13.21,30.93
23.78,30.52,34.55,0.171,10.42,0.901,19.95,39.24
26.86,41.43,27.88,0.401,6.92,0.288,4.83,25.04
15.34,27.89,30.49,-0.122,61.01,0.749,15.79,16.48
28.45,50.88,30.26,0.267,49.23,0.977,19.86,33.24
19.82,54.31,40.24,0.682,8.07,0.61,17.15,34.94
17.88,56.71,37.06,-0.086,4.94,0.367,18.68,22.09
16.87,55.93,24.41,-0.195,72.91,0.509,13.33,14.19
32.68,41.09,31.51,0.189,59.95,0.878,25.56,35.97
22.22,52.15,42.02,0.059,15.86,0.705,15.54,29.72
35.2,32.54,37.81,0.41,42.94,0.19,10.62,20.85
22.79,75.45,39.55,-0.031,5.3,0.252,17.77,19.15
15.76,50.45,38.06,0.837,28.29,0.825,23.54,46.23
19.3,47.67,48.01,-0.366,0.76,0.096,21.33,16.19
33.41,78.83,36.89,0.651,19.88,0.391,14.89,31.46
25.06,36.37,31.91,-0.156,3.11,0.839,28.64,36.78
22.71,38.12,27.67,-0.568,25.79,0.638,17.55,25.55
26.96,38.56,37.0,0.245,21.91,0.85,7.73,32.68
29.01,53.98,15.47,0.048,23.51,0.613,21.57,24.78
32.7,61.47,33.53,-0.294,1.86,0.404,17.18,13.74
34.69,66.1,33.35,-0.523,17.95,0.577,17.56,24.23
23.84,93.58,24.08,0.147,56.5,0.294,23.33,23.13
18.04,21.26,27.57,0.54,18.41,0.596,16.43,29.72
23.52,64.13,41.48,0.384,50.23,0.576,16.26,35.39
27.56,46.64,36.85,0.173,18.45,0.035,10.48,19.65
20.22,46.2,35.81,0.342,22.01,0.248,14.82,25.05
20.26,45.7,37.45,0.139,33.19,0.1,19.47,21.82
28.06,41.37,35.74,-0.422,120.38,0.674,14.47,24.67
25.71,80.27,44.94,-0.418,4.61,0.802,7.98,19.43
26.2,67.63,35.99,0.069,1.34,0.233,21.91,20.42
21.45,55.35,23.33,0.086,37.46,0.025,22.15,15.4
24.62,75.27,48.04,0.49,119.11,0.656,22.2,44.82
20.45,32.31,37.96,0.453,183.11,0.455,12.45,27.54
31.34,35.04,30.29,0.392,26.48,0.802,17.88,30.75
32.21,22.33,24.97,0.038,25.25,0.328,19.44,16.79
14.92,44.51,38.17,-0.402,41.42,0.54,21.57,22.75
20.42,57.43,34.06,0.315,32.44,0.262,21.7,29.23
17.02,56.54,47.59,0.36,40.21,0.926,9.52,41.59
22.1,57.24,32.23,-0.805,82.86,0.845,28.33,32.98
25.5,33.83,28.3,-0.184,54.87,0.779,10.75,22.59
17.3,67.05,42.17,-0.126,27.48,0.441,8.21,28.4
20.47,58.59,42.4,0.197,24.79,0.584,0.4,24.77
19.98,66.0,36.35,-0.171,40.82,0.077,22.19,20.8
27.24,26.61,40.41,0.135,24.33,0.339,26.69,34.45
26.42,59.67,34.7,0.066,24.48,0.31,14.21,27.47
21.67,37.18,36.87,0.086,0.66,0.66,7.39,30.35
27.06,49.04,44.32,-0.137,7.65,0.667,23.25,29.01
22.72,63.02,40.0,-0.106,26.82,0.678,10.21,26.62
24.37,56.37,33.65,-0.282,69.19,0.545,21.71,30.2
36.04,42.23,45.82,0.302,13.07,0.591,12.45,27.03
34.04,55.09,16.08,0.378,29.58,0.569,15.37,16.99
18.2,32.03,51.42,-0.158,16.92,0.598,19.92,25.56
30.98,72.25,21.35,0.758,4.43,0.364,19.96,28.17
30.87,51.92,29.98,0.024,127.09,0.317,18.64,28.74
19.11,71.78,34.67,0.762,77.15,0.541,26.82,33.51
30.91,47.1,33.83,-0.107,3.27,0.126,28.29,19.15
35.23,47.15,43.05,-0.661,50.89,0.617,28.75,24.88
19.26,43.54,26.54,0.311,17.08,0.767,16.94,26.25
20.49,68.14,37.09,0.249,210.75,0.367,18.64,19.85
32.11,44.36,30.37,0.164,14.4,0.658,26.27,24.91
27.63,64.67,37.36,-0.107,10.91,0.772,14.09,26.74
29.31,49.26,34.48,0.136,33.56,0.135,15.42,28.38
28.04,25.36,35.74,-0.055,72.1,0.317,18.13,24.64
28.34,46.45,30.6,0.029,8.55,0.274,17.88,26.06
18.04,37.31,30.92,0.487,49.43,0.371,16.28,24.56
32.28,55.51,37.3,0.224,2.53,0.684,12.39,26.68
33.02,37.14,42.55,0.394,100.5,0.767,23.13,40.32
24.62,68.89,30.21,0.057,3.38,0.16,15.68,19.65
25.74,53.63,28.05,0.013,98.24,0.401,18.94,23.83
16.81,52.34,39.91,-0.311,27.0,0.103,17.96,23.22
29.09,64.84,34.74,0.002,23.77,0.885,22.05,31.2
29.43,69.46,41.64,-1.178,144.93,0.894,20.74,16.93
25.63,54.7,27.75,-0.086,185.77,0.406,16.47,22.29
32.75,43.43,20.76,0.117,42.01,0.142,15.51,18.02
24.0,28.39,30.74,0.375,5.44,0.354,17.34,22.59
29.39,44.71,28.87,0.043,28.22,0.113,11.34,16.26
19.88,45.74,34.37,0.289,30.13,0.508,13.17,20.71
25.86,56.61,29.91,-0.722,28.9,0.48,21.18,19.4
24.95,49.82,40.93,0.127,33.71,0.691,19.8,32.92
27.35,65.32,32.69,-0.522,0.76,0.488,12.2,15.92
23.78,45.81,36.2,-0.333,49.68,0.263,17.28,15.38
25.21,54.14,36.26,0.075,49.85,0.287,8.62,25.73
30.96,72.76,36.56,0.661,4.91,0.256,18.81,31.52
23.38,60.13,34.81,0.298,33.78,0.528,15.98,33.4
16.36,54.1,39.08,0.157,33.61,0.602,30.57,35.5
36.5,45.97,28.63,0.142,45.88,0.611,21.52,31.66
34.29,45.5,46.2,-0.135,3.57,0.8,12.28,22.66
18.25,42.24,33.11,-0.068,39.39,0.494,12.2,21.11
30.14,46.88,24.51,0.321,13.18,0.448,21.83,31.51
22.98,66.33,36.5,-0.404,28.29,0.806,23.28,22.16
27.58,51.67,28.19,0.387,59.37,0.595,29.15,36.43
27.77,34.75,40.32,-0.005,48.92,0.144,24.94,27.99
24.59,81.52,52.68,0.48,5.06,0.733,20.86,41.26
21.3,59.8,28.71,0.534,35.78,0.157,26.54,32.79
21.86,33.9,37.66,-0.519,139.1,0.483,18.45,22.74
20.5,48.37,20.96,-0.083,6.82,0.616,18.18,19.62
21.01,56.66,38.63,-0.192,76.67,0.424,10.72,19.62
25.6,80.57,27.91,-0.575,48.5,0.279,27.05,13.78
21.71,38.38,30.0,-0.263,59.49,0.508,18.79,22.61
30.09,69.64,26.19,1.127,13.25,0.731,17.41,40.23
34.92,75.99,40.86,0.394,13.58,0.31,13.24,26.16
22.52,45.57,43.06,0.917,94.59,0.412,25.35,42.38
27.44,50.84,35.19,0.482,17.84,0.92,23.92,38.94
29.0,39.46,28.08,-0.147,2.6,0.319,12.59,11.65
28.83,51.95,47.72,-0.003,36.71,0.464,21.06,33.77
26.46,54.45,29.0,0.385,5.33,0.586,22.78,32.67
30.46,64.89,17.7,0.325,63.7,0.178,10.52,12.25
28.89,71.35,38.67,-0.081,41.06,0.377,21.85,23.96
18.57,43.78,26.16,-0.454,83.09,0.54,20.65,21.73
31.21,25.49,42.91,1.465,61.45,0.366,21.74,48.09
31.32,54.68,31.95,0.094,4.76,0.097,29.92,27.9
21.42,59.4,39.83,0.02,19.19,0.33,35.77,33.57
26.23,58.74,46.21,0.195,59.59,0.616,25.42,36.55
30.1,50.1,25.33,0.053,21.61,0.423,19.56,27.89
24.74,56.87,30.47,0.199,143.55,0.526,21.83,27.91
32.44,77.73,34.39,0.665,53.23,0.583,20.6,36.23
40.18,60.73,47.3,0.1,0.62,0.35,32.11,30.28
21.28,49.4,29.73,-0.315,84.81,0.488,18.82,19.94
17.71,47.5,30.24,0.085,4.25,0.385,15.51,12.28
27.82,52.45,38.83,-0.036,6.06,0.252,21.29,23.45
30.33,79.55,30.38,0.72,53.04,0.553,30.53,33.66
24.61,52.25,36.22,0.618,80.09,0.26,12.19,29.62
34.72,54.7,22.59,0.193,30.74,0.324,13.97,17.03
17.97,47.77,52.71,-0.361,13.65,0.742,13.64,27.75
30.16,71.48,24.22,-0.34,17.31,0.351,10.82,19.96
22.36,84.4,32.43,0.156,16.8,0.15,12.29,14.88
36.32,61.76,34.74,0.285,15.82,0.625,23.64,32.92
37.96,56.24,50.3,0.0,11.13,0.495,19.32,31.22
21.4,55.55,24.4,-0.042,37.55,0.88,10.24,21.31
22.7,19.24,50.87,-0.087,92.27,0.504,22.11,35.24
31.16,66.18,41.06,0.141,14.67,0.565,20.07,37.29
23.68,57.01,38.34,-0.803,8.27,0.439,23.71,24.29
25.73,61.43,27.12,-0.291,72.95,0.179,14.38,11.35
26.15,44.33,39.57,-0.101,54.16,0.811,10.64,26.56
14.48,49.23,29.21,0.633,106.85,0.391,22.08,22.88
25.92,48.83,45.13,-0.176,7.24,0.643,22.95,32.43
21.86,70.32,27.23,0.222,6.23,0.557,11.37,23.19
23.04,49.32,34.09,0.241,31.19,0.769,19.43,36.75
34.66,86.24,30.56,0.669,38.12,0.611,14.3,36.74
18.46,61.46,27.1,0.655,26.17,0.807,23.83,33.47
30.88,35.86,40.93,0.127,36.55,0.552,21.97,32.3
24.33,53.07,39.28,-0.04,7.96,0.543,25.31,31.23
24.32,45.22,44.67,-0.116,26.13,0.209,12.95,21.7
30.74,22.08,20.76,0.054,42.93,0.234,13.86,20.29
28.04,78.99,43.51,-0.024,22.68,0.436,15.78,27.09
29.42,65.55,55.04,0.371,45.51,0.255,14.82,34.76
31.81,63.0,31.39,0.318,24.0,0.725,20.21,34.48
24.01,57.48,50.16,0.387,16.23,0.272,11.54,31.45
22.33,34.27,32.89,0.654,14.47,0.87,27.13,39.78
19.49,47.75,24.02,0.895,21.17,0.323,28.46,41.23
21.05,67.63,32.55,0.2,0.93,0.465,24.66,29.52
43.69,39.23,43.39,0.59,44.17,0.118,21.0,30.13
33.47,17.02,28.29,0.009,74.6,0.608,17.26,23.93
17.89,51.59,30.2,0.624,17.52,0.314,19.13,21.63
18.07,52.87,39.75,0.575,1.89,0.476,13.46,27.92
28.89,57.03,35.02,0.553,173.03,0.137,18.94,26.78
29.28,65.93,39.68,0.188,12.24,0.357,20.01,25.94
29.29,64.56,36.9,-0.117,5.42,0.598,13.05,26.16
24.47,58.88,38.84,-0.408,18.47,0.482,27.73,24.5
25.25,72.93,31.54,0.134,53.66,0.149,17.49,21.73
27.97,32.22,36.85,0.763,13.92,0.504,11.83,27.14
26.52,62.57,27.58,0.026,34.2,0.525,16.77,27.76
12.68,64.4,45.31,0.464,21.48,0.286,14.38,29.85
24.62,36.41,29.93,0.488,5.01,0.564,12.96,30.77
20.89,32.46,44.03,0.037,16.04,0.546,27.43,33.49
27.05,43.81,33.13,0.677,51.62,0.756,18.06,35.92
43.91,45.08,36.62,-1.013,37.87,0.367,24.18,17.56
28.2,66.3,31.04,-0.339,5.1,0.599,20.47,29.4
24.12,45.78,26.87,-0.216,7.13,0.607,20.86,23.84
31.53,42.15,21.04,-0.178,40.95,0.228,17.92,12.68
28.9,45.83,26.56,0.285,67.15,0.634,15.41,21.87
28.52,71.78,32.41,0.266,17.2,0.437,25.8,31.86
29.64,55.2,36.7,0.308,36.19,0.108,21.93,24.74
38.34,52.31,43.08,0.388,7.48,0.114,16.91,23.89
19.21,53.35,31.43,-0.23,14.92,0.512,23.97,28.12
28.84,74.38,27.94,-0.337,0.82,0.612,27.06,21.68
20.44,43.76,23.46,0.309,58.49,0.618,20.2,35.03
29.33,74.73,38.84,-0.102,20.5,0.695,27.31,29.58
20.49,58.16,46.07,-0.478,67.74,0.497,15.14,15.9
23.5,52.59,45.13,0.539,49.29,0.364,12.6,30.34
24.23,92.51,40.68,0.708,70.58,0.768,15.94,40.29
31.85,39.17,40.11,0.773,13.46,0.829,18.25,41.98
31.51,49.69,48.58,0.225,8.19,0.545,27.33,38.92
18.53,36.51,37.66,0.4,142.89,0.715,15.71,30.73
26.33,69.29,40.17,0.698,50.54,0.73,20.31,39.97
21.74,80.34,32.43,-0.107,71.84,0.602,24.61,23.43
18.45,80.05,24.1,0.594,0.53,0.851,20.8,34.64
24.7,73.36,29.53,0.26,17.51,0.464,15.04,29.48
24.15,52.04,34.93,0.515,54.32,0.306,10.33,27.09
40.56,49.52,35.49,0.224,3.25,0.757,25.31,30.95
28.6,29.93,50.41,0.669,33.51,0.28,11.69,33.69
17.73,85.54,35.65,0.239,22.42,0.635,15.73,33.37
22.61,62.03,44.43,-0.444,0.71,0.145,18.2,18.32
32.13,47.62,31.52,0.731,10.77,0.758,25.58,36.22
38.53,74.92,32.51,-0.229,13.41,0.134,23.99,17.88
16.48,40.41,24.37,0.651,4.75,0.855,18.89,36.32
14.72,61.1,29.06,0.114,39.94,0.746,25.28,33.99
37.23,52.41,39.22,0.62,11.1,0.307,26.6,37.02
28.34,64.58,35.06,0.604,13.01,0.337,15.14,30.69
20.79,54.05,42.54,0.322,91.4,0.898,15.64,34.73
29.21,33.24,36.45,0.353,25.18,0.609,22.5,30.84
10.19,56.13,32.18,0.319,19.91,0.562,28.18,30.87
26.02,70.73,52.19,-0.656,51.48,0.652,13.83,27.76
27.97,54.56,34.25,0.197,96.15,0.396,6.95,20.31
31.55,66.63,44.3,-0.296,1.01,0.558,21.9,26.12
19.92,39.32,31.79,0.218,23.79,0.744,26.19,31.19
26.51,54.61,40.68,-0.307,37.74,0.126,18.78,26.18
20.45,45.63,42.42,-0.324,15.34,0.214,33.8,26.57
27.53,66.2,36.67,0.792,59.21,0.365,12.98,35.04
20.63,55.47,16.16,0.578,142.28,0.451,13.55,28.34
23.55,65.35,35.15,0.148,114.89,0.419,13.47,21.33
20.03,71.32,44.84,0.224,12.37,0.224,18.52,30.21
29.91,65.37,39.22,0.051,10.26,0.24,18.66,24.28
31.15,59.1,38.57,0.378,126.32,0.341,13.38,31.73
24.59,40.03,21.22,-0.12,24.55,0.692,24.74,23.52
26.23,54.96,29.24,0.547,9.34,0.457,19.61,32.92
17.31,47.0,38.29,0.049,49.1,0.493,11.79,26.34
24.2,49.84,38.28,-0.018,13.39,0.333,21.68,24.63
25.7,49.38,44.72,0.159,12.44,0.399,15.48,29.22
41.72,40.3,33.84,-0.086,84.56,0.359,18.61,19.23
19.33,25.64,38.25,0.281,7.09,0.754,23.32,38.98
34.79,44.98,35.13,-0.065,2.66,0.452,23.99,33.82
31.98,57.9,27.1,0.337,12.54,0.462,23.5,34.71
27.68,34.78,16.95,0.636,37.35,0.495,18.3,32.81
36.55,55.24,38.45,-0.138,5.25,0.795,12.15,11.59
28.23,83.5,36.39,0.098,25.52,0.577,16.09,28.19
28.33,70.35,30.05,0.335,39.48,0.249,18.14,25.29
25.68,79.65,22.05,-0.024,75.55,0.075,27.28,22.22
33.34,60.87,40.04,0.336,10.45,0.829,14.84,29.75
32.58,72.51,32.87,0.372,68.01,0.086,19.21,25.88
22.25,44.14,39.45,0.583,10.71,0.382,10.6,22.3
18.08,45.33,49.91,-0.092,45.18,0.593,20.04,35.41
24.78,13.91,17.87,-0.227,22.53,0.734,17.73,14.27
21.2,72.79,29.4,0.027,4.87,0.33,17.22,25.21
25.62,78.1,33.32,-0.237,50.11,0.584,23.08,30.83
33.42,46.7,46.64,0.376,9.82,0.259,13.89,27.29
23.26,51.19,21.91,-0.315,7.77,0.379,26.41,21.85
25.74,43.69,50.49,1.083,17.75,0.486,13.44,43.21
26.35,60.74,36.09,0.668,42.37,0.408,26.2,33.0
31.09,71.87,34.23,0.155,10.66,0.842,8.42,29.88
12.52,28.86,33.42,0.497,8.12,0.535,19.84,33.82
22.36,61.14,31.51,-0.505,0.4,0.627,21.66,21.41
27.27,50.85,43.38,1.159,25.52,0.778,15.84,49.52
33.2,56.7,26.45,-0.086,22.39,0.438,19.67,18.58
23.05,61.88,37.76,0.102,10.66,0.564,15.82,31.92
14.74,52.18,31.93,-0.592,2.21,0.663,20.69,20.06
29.72,53.45,28.9,0.345,22.43,0.859,19.5,34.73
22.19,51.79,55.69,-0.293,62.09,0.355,31.3,35.9
18.86,69.55,38.35,0.191,50.25,0.178,9.73,25.6
22.25,61.28,39.91,-0.068,78.87,0.541,19.21,30.38
24.89,58.31,44.1,-0.281,0.39,0.586,15.48,23.21
22.37,35.94,23.63,-0.172,135.75,0.073,18.75,10.26
12.77,49.32,49.02,0.24,16.71,0.707,17.18,34.37
31.38,68.48,14.93,-0.363,185.83,0.077,15.91,6.13
33.65,55.57,28.85,-0.15,11.65,0.505,14.86,16.34
29.91,64.89,31.33,0.415,25.51,0.681,22.29,35.85
19.17,81.5,39.65,1.191,17.47,0.311,15.76,39.86
24.79,70.58,36.75,0.341,17.59,0.665,17.87,31.98
25.96,56.4,33.67,-0.217,73.88,0.557,19.11,32.87
29.59,47.34,34.9,0.003,54.88,0.53,13.65,22.46
30.01,16.7,27.18,0.163,193.9,0.629,21.66,25.32
21.59,52.47,23.02,0.01,38.03,0.577,12.25,13.79
26.49,50.11,40.81,0.511,24.89,0.787,20.96,40.08
28.74,60.86,40.55,0.237,3.78,0.632,20.41,33.88
34.73,52.69,47.68,0.513,226.91,0.682,17.2,32.32
30.23,50.19,28.68,0.024,32.08,0.114,11.43,13.25
30.73,28.31,40.54,0.68,48.22,0.729,18.04,37.07
26.5,40.9,32.73,0.083,20.89,0.437,11.81,25.59
34.46,62.15,44.52,-0.238,31.74,0.351,17.33,16.55
28.46,80.74,43.18,1.021,114.29,0.24,22.73,32.16
20.83,53.54,36.69,-0.58,7.28,0.372,17.91,16.17
34.42,59.92,32.28,-0.145,13.83,0.516,25.52,25.81
30.19,69.29,42.69,-0.101,6.6,0.334,19.77,22.85
23.34,42.84,40.18,1.153,62.85,0.731,22.64,47.98
23.12,60.5,29.52,0.873,2.56,0.385,22.3,37.45
27.78,43.89,24.38,0.748,3.41,0.57,26.44,40.05
28.78,67.97,32.69,0.018,14.18,0.614,10.17,28.53
27.18,57.27,47.12,1.12,28.88,0.579,14.86,40.2
27.87,59.48,44.17,0.297,20.85,0.51,18.17,31.34
36.2,43.26,26.1,0.541,1.83,0.437,22.8,25.89
32.43,65.61,25.66,0.222,126.32,0.596,19.01,29.66
27.14,86.27,45.2,0.13,122.19,0.392,17.96,26.5
31.65,39.88,25.91,0.049,13.1,0.355,24.18,24.57
19.8,49.9,39.07,0.066,52.6,0.405,15.97,20.97
28.39,58.47,30.07,0.393,34.56,0.743,15.69,30.4
36.86,66.8,47.94,0.297,10.84,0.608,21.12,32.29
24.69,46.61,28.84,0.137,12.16,0.128,32.36,29.65
20.91,12.5,44.15,0.754,27.02,0.597,17.88,33.66
22.09,75.39,36.48,-1.037,21.74,0.198,14.12,13.79
19.46,66.41,37.02,0.354,13.77,0.486,14.6,29.42
21.29,28.86,19.24,0.437,65.91,0.752,15.8,25.3
23.78,45.89,17.38,0.609,26.27,0.481,25.96,32.38
17.57,78.52,33.24,0.124,42.55,0.081,15.8,15.31
26.09,76.72,36.98,0.233,8.39,0.743,19.83,30.73
31.41,69.08,26.0,0.544,30.5,0.765,17.45,35.29
20.55,52.36,26.29,0.746,15.31,0.497,10.12,33.28
35.12,56.24,39.49,0.03,29.9,0.469,16.03,27.37
29.06,53.04,39.5,0.257,60.72,0.713,3.15,23.84
32.18,71.92,33.9,0.821,58.6,0.202,19.05,28.06
22.05,41.86,41.24,-0.7,17.49,0.361,20.94,24.42
31.13,42.91,25.61,-0.126,47.4,0.347,12.93,19.37
19.45,70.15,32.15,0.736,113.41,0.969,14.75,34.31
31.34,54.33,48.18,0.587,39.3,0.559,9.96,32.88
27.03,75.68,35.55,0.359,6.43,0.864,4.7,30.91
29.32,44.93,36.01,-0.029,45.54,0.726,8.96,25.33
18.95,54.18,53.45,-0.203,4.43,0.568,21.91,39.85
20.63,41.16,23.81,-0.086,82.26,0.165,16.11,12.26
29.58,55.11,41.37,0.769,29.08,0.186,19.26,36.3
20.31,32.82,48.31,-0.101,19.45,0.682,30.25,37.9
28.78,47.69,32.4,0.191,2.35,0.646,23.99,26.9
17.8,33.46,41.88,-0.151,19.17,0.497,21.23,18.2
31.09,65.41,27.14,0.487,93.41,0.507,15.09,26.33
18.6,65.75,29.51,-0.065,0.85,0.124,27.36,22.42
29.31,29.05,38.08,0.111,25.75,0.233,25.41,32.94
29.75,75.01,41.39,-0.523,107.04,0.632,23.36,23.03
21.82,92.46,43.97,-0.495,20.09,0.411,17.97,22.31
29.49,55.69,47.56,0.153,22.36,0.654,12.45,31.85
27.56,45.38,34.46,-0.38,34.56,0.537,27.1,32.9
22.77,97.36,44.55,0.992,24.87,0.47,23.22,41.83
19.95,35.22,32.26,-0.675,7.39,0.214,16.78,9.64
14.22,55.3,42.22,-0.17,0.75,0.406,16.34,23.45
28.1,57.69,36.66,0.157,37.65,0.459,10.67,26.39
16.61,75.18,38.57,0.004,101.43,0.603,22.56,33.88
26.57,60.4,38.39,-0.292,4.5,0.351,19.02,23.06
24.42,47.52,22.16,-0.233,9.48,0.731,20.39,25.59
30.07,40.73,26.01,-0.246,18.5,0.85,23.58,21.83
24.19,49.87,35.82,0.035,66.17,0.297,22.33,22.67
24.02,39.9,21.5,0.931,12.55,0.865,12.75,34.64
30.39,55.72,41.65,0.181,85.5,0.624,18.13,33.31
28.01,46.54,41.97,0.623,2.26,0.355,20.48,32.78
27.9,32.59,37.62,0.353,113.18,0.252,20.93,29.4
28.82,73.83,26.03,0.596,32.91,0.793,8.46,28.44
16.79,47.53,46.04,-0.97,43.01,0.176,11.96,15.76
30.54,35.98,51.3,0.028,18.33,0.549,21.94,33.45
29.67,52.48,36.18,0.673,60.93,0.516,21.85,38.75
19.9,56.03,39.08,-0.079,7.29,0.463,27.66,29.51
24.54,28.8,36.61,0.855,2.01,0.716,8.7,35.39
25.76,59.97,39.24,0.744,20.14,0.344,23.39,39.82
25.19,39.29,34.04,-0.038,76.88,0.433,20.26,26.46
28.0,80.67,34.72,-0.051,56.25,0.581,11.69,21.9
34.59,62.86,42.25,-0.255,29.12,0.559,7.4,22.0
32.49,49.0,53.76,-0.102,33.96,0.8,23.65,37.72
18.13,43.82,23.8,-0.343,5.57,0.305,12.1,13.44
29.73,53.43,34.17,0.322,73.47,0.623,10.12,32.64
33.97,64.19,25.56,-0.432,61.85,0.53,20.72,22.03
28.32,54.62,47.74,0.391,42.74,0.571,17.94,33.72
32.55,51.74,30.3,0.401,25.11,0.502,21.45,20.11
38.07,55.88,23.45,-0.514,133.48,0.709,20.58,25.72
32.14,45.94,40.11,0.77,84.49,0.504,38.07,47.64
27.5,49.85,48.95,0.355,41.36,0.678,22.34,42.3
32.27,23.71,40.31,0.45,18.6,0.614,21.96,32.83
26.87,69.61,36.64,-0.153,38.5,0.42,12.71,14.86
26.14,59.48,38.27,0.399,34.27,0.874,27.37,36.31
23.89,43.4,46.32,0.601,20.05,0.588,14.97,36.55
35.38,83.48,28.01,0.111,14.65,0.306,12.54,17.94
21.09,56.31,34.11,0.951,20.9,0.55,16.73,43.6
35.19,39.46,31.38,0.168,34.12,0.294,20.64,24.43
29.0,67.85,25.66,0.606,22.35,0.681,15.23,34.17
17.6,60.97,32.37,0.267,12.24,0.786,12.74,27.58
28.21,60.92,43.86,0.384,57.25,0.295,12.61,27.61
13.4,48.61,39.53,-0.519,30.33,0.1,19.23,9.09
29.75,61.76,40.15,0.298,2.8,0.135,21.36,23.36
31.31,51.07,36.17,-0.144,18.37,0.849,21.85,27.5
22.45,63.34,39.19,-0.189,86.48,0.512,8.67,20.25
26.74,26.43,28.6,0.848,56.3,0.62,13.02,27.9
37.72,48.49,32.52,0.064,15.62,0.409,23.59,22.64
22.97,80.83,36.54,-0.251,111.34,0.363,15.45,19.42
19.65,43.49,37.22,0.006,3.19,0.143,19.22,13.0
34.89,45.94,37.56,-0.37,130.01,0.8,33.76,37.44
37.78,48.28,33.89,0.724,11.28,0.226,4.47,28.67
26.02,36.78,31.98,-0.128,0.37,0.548,17.22,27.96
32.07,21.88,60.26,0.362,22.75,0.875,22.25,46.65
34.05,51.54,42.25,0.692,17.79,0.4,12.11,33.34
21.55,57.04,38.31,-0.05,30.98,0.267,17.19,25.14
23.09,54.21,33.13,0.363,63.74,0.736,10.8,31.35
33.39,52.83,31.39,-0.262,73.92,0.358,21.47,21.47
36.11,55.65,33.95,1.128,20.52,0.265,13.97,27.19
29.38,70.34,37.34,0.525,22.47,0.244,15.42,28.64
20.72,52.14,19.96,0.073,6.42,0.302,23.38,22.91
37.92,46.39,22.44,-0.159,1.95,0.136,21.34,15.01
22.81,50.78,29.9,0.104,41.0,0.072,23.84,26.52
23.99,63.69,36.66,0.014,2.66,0.115,28.55,31.43
28.05,76.18,33.09,0.931,52.94,0.481,18.44,34.85
35.32,45.58,46.82,-0.34,30.98,0.075,30.7,20.42
31.12,56.48,23.14,0.204,8.85,0.072,19.16,23.03
28.49,60.08,28.99,0.143,31.02,0.433,25.91,31.41
28.78,40.11,47.16,0.103,8.08,0.677,17.83,32.21
26.26,55.31,36.05,0.107,23.1,0.432,23.04,29.77
29.35,33.01,42.08,0.104,64.29,0.443,15.44,26.54
10.82,28.46,51.41,0.499,24.79,0.271,26.04,35.5
24.22,60.5,29.45,0.394,6.44,0.489,24.91,37.6
27.45,49.24,34.21,0.318,51.47,0.544,16.72,27.68
19.09,58.03,32.82,-1.064,8.27,0.646,18.94,15.82
28.32,54.73,19.36,0.27,53.66,0.47,12.33,22.92
24.77,40.35,32.52,-0.512,26.11,0.585,23.58,16.54
36.53,54.32,42.05,0.409,24.19,0.043,23.04,36.63
35.44,36.5,39.32,0.74,76.27,0.101,10.6,26.27
23.21,75.86,39.95,-0.22,49.32,0.574,31.03,36.21
25.09,34.66,32.0,0.045,1.34,0.4,20.39,19.65
25.56,52.06,29.75,-0.09,14.05,0.643,16.61,32.75
23.29,39.37,45.15,0.644,81.89,0.226,25.19,35.42
27.17,63.56,31.02,0.188,0.74,0.539,14.87,18.75
21.45,50.03,37.35,0.841,31.52,0.82,25.84,40.68
19.22,47.22,36.31,0.316,52.05,0.481,10.94,22.24
29.74,67.8,46.69,0.247,38.9,0.615,16.67,31.73
29.78,55.44,42.77,0.177,57.17,0.507,17.48,27.08
21.17,62.75,24.64,0.477,51.74,0.235,14.74,25.74
31.37,40.28,25.5,-0.545,47.11,0.432,13.58,13.52
22.21,33.93,39.63,0.184,68.94,0.144,15.08,24.76
27.52,56.61,34.49,0.122,41.5,0.902,14.81,34.76
30.92,50.22,31.36,0.44,20.59,0.647,15.19,30.34
25.8,64.4,43.13,0.075,25.54,0.584,26.61,30.66
28.73,53.8,36.5,-0.265,50.45,0.513,20.6,20.52
22.9,58.08,35.42,0.153,83.6,0.904,17.47,29.42
24.82,30.65,41.24,-0.283,12.71,0.058,22.59,16.53
24.76,83.33,32.0,-0.62,16.75,0.185,17.43,18.41
21.52,52.54,47.55,0.441,106.8,0.75,13.24,32.18
24.94,65.46,28.7,0.382,34.56,0.657,8.37,32.59
16.71,42.46,40.26,0.337,7.89,0.448,23.93,28.72
23.05,59.62,46.47,0.671,43.59,0.859,4.65,33.58
24.29,35.46,23.98,-0.116,187.38,0.6,8.95,17.27
24.46,61.78,32.25,-0.422,69.37,0.934,21.03,33.35
24.55,49.66,44.14,0.122,54.78,0.781,17.9,30.36
25.63,55.44,44.26,0.011,9.33,0.575,26.76,35.6
28.88,65.47,33.63,-0.187,83.54,0.388,14.14,24.45
31.25,36.51,29.12,0.118,29.84,0.722,22.62,33.51
22.1,44.73,42.65,-0.095,88.03,0.383,16.94,20.05
18.78,61.86,44.47,-0.584,16.01,0.344,21.3,20.25
19.75,86.47,25.68,-0.026,2.56,0.453,19.02,14.91
23.08,52.93,25.37,-0.305,25.85,0.774,21.02,26.68
23.89,63.87,36.8,0.243,12.58,0.604,19.29,32.93
21.38,53.4,40.03,-0.112,50.24,0.655,19.76,32.12
18.22,84.13,32.61,0.595,125.96,0.637,11.47,25.66
23.26,28.79,40.43,0.792,46.97,0.766,18.45,39.0
27.09,56.42,29.32,0.422,87.19,0.443,21.62,34.6
29.57,30.62,18.08,-0.47,24.13,0.643,17.69,19.69
22.66,17.4,31.61,0.752,59.07,0.546,17.39,39.22
23.52,59.46,35.51,0.78,74.07,0.702,6.7,39.38
20.44,57.09,32.79,0.158,49.64,0.459,27.2,25.23
25.81,50.73,25.73,0.679,28.35,0.39,9.79,31.37
20.91,53.41,20.47,-0.071,39.33,0.153,14.29,13.55
29.44,100.0,30.89,-0.596,48.23,0.362,13.27,14.5
15.28,51.13,42.18,-0.154,11.67,0.33,19.78,22.48
23.84,62.65,45.05,0.842,66.34,0.555,20.05,39.05
27.81,45.26,44.5,-0.446,120.09,0.132,21.96,19.41
27.1,59.43,28.47,0.15,25.04,0.146,22.22,23.58
42.16,51.43,25.77,0.164,48.3,0.314,28.34,25.24
28.1,48.84,38.97,-0.055,53.43,0.867,16.17,35.84
19.98,82.28,40.08,-0.027,43.42,0.361,13.01,18.46
25.43,72.66,38.2,0.179,31.68,0.492,16.59,25.34
15.34,57.05,18.89,-0.075,85.36,0.404,11.37,8.23
25.52,20.44,28.06,-0.419,23.84,0.645,15.93,18.91
21.0,49.58,34.76,0.236,2.52,0.794,8.69,25.9
31.49,95.55,38.9,0.579,74.46,0.286,12.99,26.05
22.7,51.54,41.14,0.498,44.83,0.27,7.88,27.05
25.3,71.55,36.15,-0.174,75.69,0.687,25.25,24.9
22.19,76.63,37.65,-0.35,5.97,0.263,18.67,17.04
36.43,58.28,35.68,0.036,1.25,0.359,29.28,29.63
24.07,42.37,40.48,0.777,108.95,0.449,24.66,39.93
37.0,18.47,37.5,0.408,6.39,0.699,25.26,33.71
30.88,65.26,35.53,0.432,66.36,0.778,17.16,35.11
28.89,42.78,32.85,0.506,69.31,0.463,20.94,31.6
28.21,57.64,35.65,0.318,49.34,0.363,12.62,23.26
28.36,36.25,38.88,0.198,5.63,0.411,14.81,22.92
14.43,51.02,37.14,0.415,44.03,0.486,18.08,39.71
24.33,55.51,38.05,-0.068,87.96,0.009,7.57,17.57
31.07,59.03,45.74,-0.416,22.17,0.085,14.96,21.22
25.71,38.28,37.12,0.439,21.34,0.734,22.76,40.6
17.57,72.95,29.81,0.645,23.4,0.812,15.06,38.89
25.69,46.05,42.07,-0.297,3.43,0.524,13.58,26.29
36.22,29.88,24.07,0.479,89.03,0.263,15.69,13.77
33.48,53.36,26.35,0.822,81.36,0.376,22.49,29.81
25.63,55.52,37.69,0.149,246.81,0.619,20.17,28.24
31.71,57.41,39.13,-0.177,35.2,0.806,16.65,30.3
23.8,75.43,25.04,0.199,55.64,0.19,18.11,21.04
15.78,51.45,31.94,-0.07,9.06,0.585,23.14,22.64
20.45,53.21,30.15,-0.097,44.05,0.5,25.84,25.07
35.38,38.45,31.11,0.323,41.96,0.361,15.15,24.69
24.36,67.31,42.55,-0.491,92.59,0.266,17.51,19.7
24.54,57.76,40.65,-0.428,71.07,0.233,25.47,26.2
24.2,48.7,34.85,0.158,111.53,0.797,21.14,30.46
37.42,26.43,30.63,0.141,81.25,0.648,9.58,23.71
35.76,76.67,24.2,0.287,81.21,0.605,12.64,21.01
39.31,36.58,46.36,0.9,2.63,0.513,12.83,34.66
25.05,46.13,39.74,0.192,74.82,0.558,15.51,30.59
27.77,60.38,29.35,0.389,37.41,0.219,20.22,20.53
16.9,37.05,40.76,-0.24,19.15,0.788,29.31,33.52
34.86,32.6,34.44,0.457,2.33,0.545,17.5,34.32
18.99,23.14,32.7,-0.061,45.29,0.67,21.96,23.04
27.3,65.81,38.48,0.179,15.91,0.8,24.8,44.23
19.42,46.82,29.07,0.106,25.23,0.36,26.92,24.56
22.47,98.91,32.25,0.563,45.79,0.491,24.81,35.55
20.98,40.08,35.97,-0.374,97.11,0.292,13.52,11.6
22.35,41.18,31.0,-0.763,69.82,0.554,9.3,20.07
22.77,46.52,40.35,0.065,23.96,0.438,14.23,22.83
22.71,58.65,49.95,0.337,19.63,0.333,19.01,34.67
31.0,47.95,28.97,0.211,10.97,0.306,13.54,19.64
19.37,64.18,21.68,0.643,18.64,0.343,8.25,21.72
27.32,40.32,18.99,0.325,4.71,0.662,10.71,24.31
33.31,34.28,33.8,-0.076,141.76,0.239,36.04,25.45
22.92,28.03,29.69,-0.78,34.12,0.765,16.68,15.48
21.69,21.65,36.66,0.055,5.47,0.19,28.8,26.09
24.62,47.23,36.06,0.561,17.4,0.075,16.59,26.81
33.08,50.49,22.17,-0.007,31.68,0.47,22.76,24.06
27.16,45.53,20.48,0.161,30.45,0.665,17.14,27.67
22.81,73.65,37.37,0.319,1.45,0.182,18.04,28.51
28.9,73.42,36.08,-0.256,120.51,0.793,22.67,31.23
19.39,49.98,31.59,0.399,12.88,0.353,15.59,26.51
30.09,28.09,21.74,0.805,0.65,0.116,10.84,20.26
28.45,46.5,38.77,0.081,3.18,0.709,13.17,24.36
24.15,46.0,45.18,-0.302,34.72,0.173,13.14,20.29
20.97,45.14,37.22,0.123,5.93,0.565,18.5,33.1
20.68,44.53,28.22,-0.74,1.7,0.237,6.62,2.64
29.21,45.2,35.36,0.285,19.1,0.843,19.83,33.58
33.37,49.2,24.07,0.331,39.0,0.599,25.6,35.31
22.18,45.47,43.46,0.82,4.74,0.185,14.95,38.53
28.75,58.12,35.65,0.072,15.04,0.436,14.07,22.27
13.48,60.41,20.85,0.313,21.63,0.733,29.8,40.88
22.49,41.34,32.59,-0.195,6.95,0.35,26.83,26.02
25.81,74.07,38.71,0.007,28.21,0.421,20.57,31.37
20.54,40.3,32.34,-0.46,3.56,0.919,13.51,22.01
20.38,30.73,32.79,0.072,1.91,0.308,21.5,24.58
21.99,60.71,25.2,0.028,29.35,0.376,11.95,20.31
27.75,42.74,39.53,0.27,11.4,0.367,10.06,22.68
24.88,59.82,29.81,-0.099,4.01,0.808,20.71,35.63
12.57,18.94,17.75,0.183,22.06,0.29,15.13,14.16
13.28,75.89,32.03,0.017,98.67,0.409,5.86,13.85
22.36,65.08,42.85,0.017,51.52,0.692,21.52,29.81
28.75,32.49,31.9,0.182,67.63,0.38,26.76,31.21
9.51,32.82,48.9,0.166,82.2,0.846,21.96,37.19
23.0,80.08,38.43,0.454,143.93,0.315,15.01,23.64
22.84,43.94,37.71,0.102,57.63,0.412,5.16,22.06
34.33,42.49,33.97,0.01,37.5,0.694,18.88,29.89
23.69,21.01,34.45,0.078,18.19,0.771,14.06,27.08
28.3,49.74,32.89,-0.136,8.02,0.628,12.59,25.18
26.85,51.58,32.58,0.006,46.42,0.472,6.32,21.03
13.22,65.73,39.25,0.962,211.53,0.493,29.26,37.43
30.61,34.01,27.51,-0.215,25.2,0.685,11.42,16.81
27.29,32.2,26.39,0.039,51.45,0.795,7.07,24.04
29.05,61.76,26.01,-0.005,27.34,0.477,28.17,20.44
45.0,70.1,51.37,0.051,22.62,0.118,18.19,27.97
13.5,31.43,39.24,0.018,21.13,0.217,17.26,24.68
36.35,71.22,37.44,0.262,28.1,0.692,19.86,28.5
24.28,55.56,26.54,-0.534,18.28,0.565,20.61,14.98
27.72,71.38,39.99,0.565,55.26,0.374,19.28,37.9
25.73,53.95,34.07,0.403,82.95,0.327,8.96,24.83
23.45,17.17,36.71,-0.347,85.78,0.841,8.49,22.61
22.58,52.72,27.19,-0.758,10.34,0.731,13.63,16.39
27.98,70.9,36.28,-0.241,90.5,0.607,14.94,19.51
16.9,41.59,31.61,0.053,16.71,0.709,15.84,29.1
30.5,49.18,28.88,1.182,14.8,0.607,19.37,42.09
23.5,52.36,40.87,0.367,51.9,0.413,16.32,31.56
19.22,11.51,22.7,-0.573,14.54,0.612,13.92,4.52
23.3,80.07,39.52,-0.126,2.18,0.53,20.37,28.94
33.54,41.48,40.48,0.129,18.71,0.817,22.28,36.6
22.79,62.59,27.96,0.251,51.13,0.705,13.15,27.78
28.15,53.7,28.44,-0.376,15.84,0.69,9.79,22.8
21.61,73.86,33.22,0.096,39.72,0.493,19.08,30.66
30.55,61.09,37.26,-0.137,43.17,0.598,15.48,27.06
30.11,51.48,33.78,-0.292,52.93,0.681,23.02,22.39
37.09,41.6,38.47,0.254,90.97,0.688,12.09,24.14
24.95,66.97,49.1,0.46,22.67,0.747,10.77,35.34
30.01,26.9,30.94,0.486,7.28,0.678,14.2,29.67
26.59,64.69,21.28,0.38,15.36,0.506,21.12,31.23
33.78,38.51,41.61,-0.049,22.64,0.498,15.89,26.86
21.69,73.78,48.47,0.436,50.06,0.602,17.47,36.48
30.47,57.42,38.14,0.274,0.53,0.643,15.03,33.63
24.83,64.66,26.3,0.204,15.18,0.317,24.09,23.57
25.61,56.23,34.01,-0.095,60.54,0.517,20.9,29.95
26.55,28.71,26.05,-0.049,44.45,0.156,8.86,14.21
27.51,42.09,40.14,0.18,52.63,0.623,23.41,36.89
25.3,65.09,24.19,1.126,66.81,0.421,21.54,40.22
27.29,57.5,32.6,0.27,61.16,0.307,24.51,29.66
35.47,72.71,26.97,-0.094,45.85,0.458,14.83,11.63
31.91,61.05,36.01,-0.183,23.17,0.178,12.37,14.45
31.21,40.5,32.07,-0.047,164.41,0.215,17.5,20.51
23.27,43.06,36.41,1.021,33.67,0.373,18.98,35.84
20.66,56.54,35.18,-0.01,9.06,0.281,25.11,23.72
31.73,20.29,27.11,0.513,13.86,0.603,21.82,31.36
31.26,80.1,40.02,-0.0,47.31,0.124,18.89,25.63
34.84,61.63,34.61,0.254,103.47,0.474,17.23,28.66
22.38,73.41,27.09,0.467,7.88,0.2,18.09,30.23
24.62,31.29,52.93,-0.079,3.44,0.841,15.63,36.79
16.16,73.67,38.81,-0.106,85.32,0.31,22.07,24.58
23.65,88.47,33.77,0.814,98.74,0.454,9.29,29.13
31.98,35.19,46.32,0.544,12.94,0.761,18.05,34.16
23.2,66.57,49.73,0.466,18.95,0.165,24.26,35.49
29.84,55.02,33.84,0.465,43.17,0.679,11.19,31.82
24.86,31.83,37.78,0.334,16.01,0.846,29.67,43.97
27.94,62.39,27.1,0.957,83.87,0.465,11.54,33.17
19.11,67.5,33.82,0.168,4.55,0.27,14.97,22.92
26.51,45.98,33.41,0.381,1.55,0.225,24.16,33.55
8.05,72.49,36.48,-0.43,9.35,0.67,26.71,23.14
24.88,30.0,37.66,-0.18,13.48,0.45,20.14,28.04
16.22,32.58,39.48,-0.33,4.79,0.062,19.99,20.41
33.24,57.05,36.9,0.66,2.72,0.567,28.73,38.08
30.66,55.38,25.31,-0.871,56.36,0.545,9.79,8.37
28.8,44.25,27.49,-0.011,7.18,0.352,7.65,14.02
35.13,67.14,30.63,-1.047,98.1,0.695,6.45,3.49
20.31,62.96,32.74,-0.183,18.35,0.041,12.89,20.17
36.48,67.87,43.41,-0.046,44.42,0.679,13.7,38.87
31.59,53.15,25.7,0.704,10.22,0.749,20.28,36.82
24.58,64.04,32.14,0.309,10.99,0.802,24.05,35.61
32.81,48.32,42.62,-0.183,34.2,0.757,23.45,38.64
19.36,85.81,32.6,0.576,32.9,0.464,23.28,34.63
21.05,42.81,38.68,0.157,58.57,0.546,12.25,24.63
22.35,86.58,33.88,0.165,56.72,0.301,20.31,21.92
22.83,55.52,37.05,-0.331,44.43,0.373,13.6,22.75
19.66,34.37,33.17,-0.246,23.85,0.451,21.61,23.76
33.34,75.52,40.34,-0.18,88.52,0.608,18.26,30.13
24.45,56.89,22.64,0.169,38.98,0.088,23.31,23.72
28.12,67.77,32.09,0.181,185.01,0.506,32.26,27.34
22.58,73.36,37.37,0.768,68.45,0.617,17.8,35.03
15.08,60.07,39.27,0.304,1.81,0.827,11.38,28.51
27.62,46.12,46.94,-0.933,15.46,0.637,8.21,18.22
14.53,69.64,31.87,0.255,33.93,0.206,12.62,18.92
25.59,55.01,46.84,-0.43,51.13,0.595,24.4,29.44
17.79,65.29,29.73,-0.236,31.97,0.655,20.91,23.1
37.92,22.69,45.63,-0.175,61.7,0.543,19.38,28.49
31.47,61.7,41.54,-0.115,13.29,0.494,20.29,27.15
26.63,45.42,27.69,-0.4,8.13,0.639,22.32,21.23
33.58,79.8,37.46,0.231,2.22,0.631,8.66,21.19
20.92,64.35,34.59,-0.414,34.07,0.966,23.92,27.45
29.26,58.6,40.0,0.293,46.67,0.842,20.34,42.03
27.2,62.29,33.21,1.045,15.79,0.614,9.36,34.4
27.58,40.02,32.54,-0.382,38.03,0.492,20.01,28.37
33.63,79.35,45.95,0.036,2.14,0.163,10.19,22.27
30.39,84.87,34.21,-0.859,4.18,0.572,21.06,13.95
27.73,60.89,41.61,0.03,48.39,0.424,18.72,26.82
16.07,78.86,33.2,0.407,18.36,0.74,11.94,21.78
20.24,46.46,48.33,0.438,44.51,0.297,20.48,32.44
25.26,43.04,29.57,0.181,71.29,0.615,22.85,38.01
26.56,55.61,30.09,0.506,76.59,0.824,14.56,40.95
19.22,61.52,47.2,1.168,7.56,0.626,22.69,53.48
40.47,49.09,31.44,0.835,26.64,0.675,16.33,36.64
35.1,63.07,47.81,-0.059,52.96,0.714,23.25,33.9
29.61,59.6,42.13,-0.43,59.49,0.921,17.42,30.44
26.43,40.03,33.76,-0.012,61.42,0.472,25.04,31.05
24.73,62.78,20.49,-0.229,10.36,0.205,12.52,12.14
20.29,67.95,34.85,0.331,8.55,0.187,12.69,19.59
26.46,57.57,35.81,-0.322,35.67,0.171,13.27,16.68
27.55,72.29,44.34,0.121,54.05,0.362,18.76,24.85
18.55,36.74,47.71,0.485,15.38,0.651,17.09,39.11
28.01,62.02,29.52,0.11,4.42,0.503,19.72,23.72
25.07,37.45,41.41,-0.229,50.46,0.533,11.02,25.58
